{"type":"FeatureCollection","metadata":{"generatedAt":"2026-10-03T10:00:13.862Z","source":"vuski/admdongkor ver20260701 (commit 7360288277dfd12d74e54b959c59bdd66f852e3a)","title":"수도권 83개 구·시·군 행정구역 경계","totalFeatures":83,"seoulCount":25,"gyeonggiCount":47,"incheonCount":11,"usage":"screen-display-optimized","tolerance":0.0007,"coordinatePrecision":"5 decimals (~1.1m)"},"features":[{"type":"Feature","id":"서울특별시_강남구","properties":{"id":"서울특별시_강남구","sido":"서울특별시","sigungu":"강남구","name":"강남구","parentCity":null,"center":[37.497246,127.067146],"dongCount":22},"geometry":{"type":"Polygon","coordinates":[[[127.01187,37.52784],[127.01761,37.52209],[127.02131,37.51117],[127.02035,37.51081],[127.02137,37.51103],[127.03397,37.4848],[127.04135,37.48557],[127.04503,37.47729],[127.05106,37.47149],[127.05007,37.4701],[127.05453,37.46853],[127.06161,37.46896],[127.06253,37.47284],[127.07081,37.47483],[127.07265,37.4748],[127.07391,37.47286],[127.07716,37.47501],[127.08516,37.47527],[127.0852,37.47156],[127.09502,37.46366],[127.09821,37.45879],[127.1035,37.45963],[127.10473,37.46215],[127.10631,37.46254],[127.1134,37.46107],[127.11364,37.45974],[127.11675,37.45859],[127.11746,37.46217],[127.12229,37.46521],[127.12054,37.47038],[127.11104,37.48294],[127.11228,37.48354],[127.11019,37.48688],[127.10568,37.49141],[127.09674,37.49583],[127.07549,37.5012],[127.07002,37.50478],[127.0665,37.52093],[127.06696,37.52508],[127.04031,37.5359],[127.02156,37.53553],[127.01187,37.52784]]]}},{"type":"Feature","id":"서울특별시_강동구","properties":{"id":"서울특별시_강동구","sido":"서울특별시","sigungu":"강동구","name":"강동구","parentCity":null,"center":[37.548884,127.146558],"dongCount":19},"geometry":{"type":"Polygon","coordinates":[[[127.10956,37.54347],[127.12321,37.53853],[127.11916,37.52807],[127.14501,37.51693],[127.1458,37.52199],[127.14776,37.52217],[127.14958,37.52588],[127.15326,37.52933],[127.15355,37.534],[127.16319,37.54502],[127.17559,37.54521],[127.17905,37.54664],[127.18355,37.54583],[127.18139,37.55285],[127.18197,37.56094],[127.17536,37.57729],[127.17767,37.58083],[127.16662,37.57892],[127.14924,37.56849],[127.13382,37.56845],[127.12175,37.56399],[127.11668,37.56002],[127.11348,37.56025],[127.11389,37.55333],[127.10956,37.54347]]]}},{"type":"Feature","id":"서울특별시_강북구","properties":{"id":"서울특별시_강북구","sido":"서울특별시","sigungu":"강북구","name":"강북구","parentCity":null,"center":[37.647177,127.014717],"dongCount":13},"geometry":{"type":"Polygon","coordinates":[[[126.97945,37.65574],[126.98462,37.64755],[126.98494,37.64582],[126.98324,37.6437],[126.98637,37.64065],[126.98463,37.63656],[126.9856,37.63544],[126.99319,37.63203],[126.9941,37.62992],[126.99894,37.62688],[127.00788,37.62391],[127.00751,37.62102],[127.00849,37.61857],[127.01147,37.61642],[127.02203,37.61229],[127.02223,37.61127],[127.02998,37.61234],[127.03041,37.60914],[127.0371,37.61271],[127.03912,37.61631],[127.04019,37.61595],[127.04396,37.61868],[127.04999,37.62443],[127.03469,37.6376],[127.03267,37.64163],[127.02462,37.6474],[127.01324,37.65044],[127.01256,37.65275],[127.01379,37.65848],[127.01516,37.66159],[127.01634,37.66158],[127.01545,37.66616],[127.01852,37.66996],[127.01387,37.67537],[127.01198,37.67929],[127.00841,37.6813],[127.00829,37.68468],[127.00419,37.68517],[126.99799,37.68382],[126.99174,37.67947],[126.99296,37.67761],[126.99416,37.66628],[126.98802,37.66334],[126.985,37.6593],[126.97945,37.65574]]]}},{"type":"Feature","id":"서울특별시_강서구","properties":{"id":"서울특별시_강서구","sido":"서울특별시","sigungu":"강서구","name":"강서구","parentCity":null,"center":[37.565593,126.822702],"dongCount":20},"geometry":{"type":"Polygon","coordinates":[[[126.76469,37.55537],[126.76634,37.55493],[126.76755,37.55196],[126.77007,37.55098],[126.77174,37.54831],[126.77535,37.54907],[126.77759,37.54658],[126.78738,37.54586],[126.79175,37.54375],[126.79204,37.54181],[126.79475,37.54152],[126.79332,37.53973],[126.7944,37.53583],[126.79949,37.53786],[126.79898,37.54027],[126.80285,37.54308],[126.80732,37.54362],[126.81236,37.54071],[126.82215,37.54068],[126.82541,37.54165],[126.8276,37.54768],[126.82974,37.54767],[126.83008,37.54172],[126.83314,37.54184],[126.83473,37.53603],[126.84049,37.52654],[126.86401,37.5298],[126.86367,37.53928],[126.86216,37.54414],[126.86428,37.55139],[126.87242,37.54711],[126.88071,37.54787],[126.87799,37.55343],[126.8792,37.5532],[126.88038,37.55618],[126.86306,37.565],[126.83209,37.58577],[126.82453,37.5894],[126.81759,37.59529],[126.80289,37.60462],[126.8006,37.6041],[126.79702,37.59849],[126.80079,37.588],[126.79834,37.58779],[126.79703,37.58418],[126.79482,37.58331],[126.79299,37.57974],[126.79174,37.58114],[126.79052,37.58031],[126.79006,37.57757],[126.7827,37.57356],[126.7825,37.57023],[126.78053,37.56833],[126.77696,37.56634],[126.77563,37.56816],[126.7748,37.56753],[126.77792,37.56011],[126.77563,37.5618],[126.77201,37.5588],[126.77311,37.5575],[126.7666,37.55667],[126.76469,37.55537]]]}},{"type":"Feature","id":"서울특별시_관악구","properties":{"id":"서울특별시_관악구","sido":"서울특별시","sigungu":"관악구","name":"관악구","parentCity":null,"center":[37.465336,126.944044],"dongCount":21},"geometry":{"type":"Polygon","coordinates":[[[126.89947,37.48034],[126.90067,37.47933],[126.90972,37.48095],[126.90882,37.47886],[126.91162,37.47817],[126.91194,37.47691],[126.91093,37.47382],[126.90823,37.47263],[126.91162,37.46663],[126.91375,37.46528],[126.91286,37.46397],[126.91415,37.45809],[126.92247,37.45725],[126.92318,37.45443],[126.93103,37.44782],[126.93051,37.44529],[126.93537,37.44285],[126.93785,37.44018],[126.93727,37.43845],[126.93864,37.43605],[126.94021,37.43572],[126.9414,37.43741],[126.94492,37.43704],[126.94822,37.43852],[126.95525,37.43859],[126.96302,37.44031],[126.96456,37.44569],[126.97398,37.4476],[126.98236,37.45516],[126.98862,37.45814],[126.98747,37.46041],[126.98816,37.46552],[126.98323,37.47157],[126.98172,37.47636],[126.97049,37.47537],[126.97019,37.47663],[126.9688,37.47665],[126.96134,37.48349],[126.96207,37.48729],[126.9612,37.49339],[126.96023,37.49389],[126.95404,37.49104],[126.94739,37.49391],[126.93951,37.49088],[126.9274,37.49495],[126.9243,37.48996],[126.91889,37.48956],[126.90777,37.48542],[126.90323,37.48499],[126.89947,37.48034]]]}},{"type":"Feature","id":"서울특별시_광진구","properties":{"id":"서울특별시_광진구","sido":"서울특별시","sigungu":"광진구","name":"광진구","parentCity":null,"center":[37.548567,127.085232],"dongCount":15},"geometry":{"type":"Polygon","coordinates":[[[127.05657,37.5291],[127.06696,37.52508],[127.07758,37.52358],[127.09896,37.52795],[127.11207,37.54755],[127.11389,37.55333],[127.11377,37.55889],[127.11002,37.55846],[127.10896,37.55982],[127.10115,37.56002],[127.10419,37.57105],[127.10093,37.57356],[127.09117,37.56956],[127.07858,37.57186],[127.0721,37.56005],[127.0737,37.55944],[127.05657,37.5291]]]}},{"type":"Feature","id":"서울특별시_구로구","properties":{"id":"서울특별시_구로구","sido":"서울특별시","sigungu":"구로구","name":"구로구","parentCity":null,"center":[37.494963,126.858102],"dongCount":16},"geometry":{"type":"Polygon","coordinates":[[[126.81298,37.49629],[126.81439,37.4932],[126.82274,37.48998],[126.82347,37.48775],[126.81943,37.48547],[126.81957,37.48028],[126.81487,37.47578],[126.81475,37.47467],[126.81731,37.47318],[126.81867,37.47413],[126.81846,37.47518],[126.8195,37.47511],[126.81922,37.47616],[126.82122,37.47625],[126.82168,37.47531],[126.82513,37.47676],[126.82876,37.4761],[126.83179,37.47757],[126.83579,37.47526],[126.84278,37.47492],[126.84533,37.4738],[126.84648,37.4817],[126.85256,37.48194],[126.86187,37.49039],[126.86704,37.49296],[126.86831,37.4951],[126.87278,37.4888],[126.87529,37.48853],[126.87474,37.48538],[126.88066,37.48597],[126.88952,37.47946],[126.89895,37.47895],[126.90323,37.48499],[126.89756,37.4876],[126.89455,37.49432],[126.89334,37.50252],[126.89386,37.50748],[126.89514,37.50815],[126.88963,37.51209],[126.87947,37.51677],[126.87126,37.50563],[126.86353,37.50497],[126.86246,37.50669],[126.86011,37.50669],[126.85816,37.50995],[126.85609,37.50947],[126.8529,37.51058],[126.84529,37.50787],[126.83898,37.5029],[126.83836,37.50014],[126.83641,37.50065],[126.83617,37.50304],[126.83264,37.50503],[126.83068,37.50757],[126.82627,37.50875],[126.82224,37.5076],[126.82159,37.50206],[126.81938,37.5005],[126.81976,37.49923],[126.81593,37.49764],[126.81436,37.49831],[126.81298,37.49629]]]}},{"type":"Feature","id":"서울특별시_금천구","properties":{"id":"서울특별시_금천구","sido":"서울특별시","sigungu":"금천구","name":"금천구","parentCity":null,"center":[37.459943,126.901329],"dongCount":10},"geometry":{"type":"Polygon","coordinates":[[[126.87391,37.48333],[126.87846,37.4747],[126.88908,37.46153],[126.88527,37.46006],[126.88638,37.4562],[126.88962,37.45235],[126.89407,37.45264],[126.89612,37.44585],[126.89851,37.44387],[126.89888,37.4388],[126.90447,37.43406],[126.90873,37.43382],[126.91433,37.44004],[126.91943,37.44078],[126.92212,37.44517],[126.92875,37.45019],[126.92318,37.45443],[126.92247,37.45725],[126.91415,37.45809],[126.91286,37.46397],[126.91375,37.46528],[126.91162,37.46663],[126.90823,37.47263],[126.91093,37.47382],[126.91194,37.47691],[126.91162,37.47817],[126.90882,37.47886],[126.90972,37.48095],[126.90067,37.47933],[126.89947,37.48034],[126.89895,37.47895],[126.89521,37.47847],[126.88872,37.4798],[126.88066,37.48597],[126.87474,37.48538],[126.87391,37.48333]]]}},{"type":"Feature","id":"서울특별시_노원구","properties":{"id":"서울특별시_노원구","sido":"서울특별시","sigungu":"노원구","name":"노원구","parentCity":null,"center":[37.655335,127.076933],"dongCount":19},"geometry":{"type":"Polygon","coordinates":[[[127.04148,37.63128],[127.06242,37.61429],[127.06605,37.6143],[127.07119,37.61637],[127.0714,37.61563],[127.08573,37.62017],[127.09704,37.61705],[127.10151,37.6198],[127.10571,37.62083],[127.10351,37.6229],[127.10537,37.62714],[127.11084,37.63047],[127.11204,37.63262],[127.11115,37.64241],[127.10959,37.64258],[127.10657,37.64549],[127.09445,37.64576],[127.0923,37.64992],[127.0936,37.65332],[127.09282,37.6549],[127.08603,37.65591],[127.09244,37.65809],[127.09396,37.66257],[127.09574,37.67227],[127.09183,37.67919],[127.09629,37.68574],[127.09579,37.68886],[127.08583,37.69045],[127.08377,37.69466],[127.07734,37.69638],[127.07263,37.69435],[127.06881,37.69406],[127.06511,37.68985],[127.06038,37.68869],[127.05482,37.68935],[127.05078,37.68702],[127.05201,37.68366],[127.04882,37.66909],[127.05418,37.65448],[127.05589,37.64597],[127.05437,37.64064],[127.0506,37.64515],[127.0453,37.63749],[127.04394,37.63344],[127.04148,37.63128]]]}},{"type":"Feature","id":"서울특별시_도봉구","properties":{"id":"서울특별시_도봉구","sido":"서울특별시","sigungu":"도봉구","name":"도봉구","parentCity":null,"center":[37.666179,127.031974],"dongCount":14},"geometry":{"type":"Polygon","coordinates":[[[127.00806,37.69055],[127.00897,37.68697],[127.00841,37.6813],[127.01198,37.67929],[127.01387,37.67537],[127.01852,37.66996],[127.01545,37.66616],[127.01634,37.66158],[127.01516,37.66159],[127.01379,37.65848],[127.01256,37.65275],[127.01324,37.65044],[127.02462,37.6474],[127.03267,37.64163],[127.03469,37.6376],[127.04148,37.63128],[127.04394,37.63344],[127.0453,37.63749],[127.0506,37.64515],[127.05321,37.6414],[127.05494,37.64076],[127.05589,37.64597],[127.05418,37.65448],[127.04882,37.66909],[127.05202,37.68387],[127.04912,37.69352],[127.04509,37.69244],[127.04312,37.69515],[127.04158,37.69536],[127.03589,37.69224],[127.03247,37.69171],[127.02803,37.70059],[127.0249,37.69944],[127.01585,37.70103],[127.01494,37.69855],[127.01195,37.69824],[127.00921,37.69523],[127.00806,37.69055]]]}},{"type":"Feature","id":"서울특별시_동대문구","properties":{"id":"서울특별시_동대문구","sido":"서울특별시","sigungu":"동대문구","name":"동대문구","parentCity":null,"center":[37.584689,127.050906],"dongCount":15},"geometry":{"type":"Polygon","coordinates":[[[127.02317,37.57804],[127.02337,37.57174],[127.03036,37.56982],[127.03793,37.5729],[127.04218,37.57302],[127.04866,37.56987],[127.05871,37.56246],[127.0721,37.56005],[127.07864,37.57263],[127.07723,37.58098],[127.07163,37.58795],[127.06963,37.59488],[127.06983,37.59775],[127.07265,37.60168],[127.07172,37.60681],[127.06859,37.60932],[127.06873,37.60687],[127.06233,37.60528],[127.06005,37.6021],[127.05203,37.59995],[127.05101,37.60157],[127.04765,37.59629],[127.04352,37.59691],[127.04075,37.5958],[127.03906,37.59127],[127.03649,37.59125],[127.03639,37.58992],[127.0295,37.58272],[127.02317,37.57804]]]}},{"type":"Feature","id":"서울특별시_동작구","properties":{"id":"서울특별시_동작구","sido":"서울특별시","sigungu":"동작구","name":"동작구","parentCity":null,"center":[37.496591,126.945535],"dongCount":15},"geometry":{"type":"Polygon","coordinates":[[[126.90323,37.48499],[126.90777,37.48542],[126.91889,37.48956],[126.9243,37.48996],[126.9274,37.49495],[126.93951,37.49088],[126.94739,37.49391],[126.95404,37.49104],[126.96023,37.49389],[126.9612,37.49339],[126.96207,37.48729],[126.96134,37.48349],[126.9688,37.47665],[126.97019,37.47663],[126.97049,37.47537],[126.98172,37.47636],[126.9829,37.49635],[126.98477,37.49928],[126.98784,37.49861],[126.9807,37.50274],[126.98013,37.50649],[126.97405,37.50733],[126.9572,37.51541],[126.94956,37.51781],[126.9394,37.51614],[126.92601,37.5161],[126.92516,37.5149],[126.9271,37.513],[126.9254,37.51265],[126.92019,37.4982],[126.91182,37.4959],[126.90323,37.48499]]]}},{"type":"Feature","id":"서울특별시_마포구","properties":{"id":"서울특별시_마포구","sido":"서울특별시","sigungu":"마포구","name":"마포구","parentCity":null,"center":[37.562344,126.90875],"dongCount":16},"geometry":{"type":"Polygon","coordinates":[[[126.85356,37.57181],[126.87203,37.56004],[126.899,37.54792],[126.90498,37.54132],[126.92244,37.54139],[126.92763,37.53903],[126.93026,37.54132],[126.94121,37.53645],[126.94467,37.53375],[126.94619,37.53565],[126.95283,37.53728],[126.9577,37.54208],[126.95863,37.54558],[126.96394,37.5498],[126.96171,37.55297],[126.9617,37.55534],[126.96322,37.55715],[126.96148,37.55885],[126.95871,37.55666],[126.95707,37.55748],[126.94469,37.55684],[126.93687,37.5551],[126.92663,37.55883],[126.92825,37.56334],[126.9263,37.56492],[126.91774,37.56744],[126.90478,37.57339],[126.90161,37.57546],[126.90282,37.57715],[126.90164,37.57592],[126.88224,37.59094],[126.87667,37.58412],[126.87708,37.5789],[126.87335,37.57885],[126.86495,37.57584],[126.85412,37.57386],[126.85356,37.57181]]]}},{"type":"Feature","id":"서울특별시_서대문구","properties":{"id":"서울특별시_서대문구","sido":"서울특별시","sigungu":"서대문구","name":"서대문구","parentCity":null,"center":[37.581718,126.9356],"dongCount":14},"geometry":{"type":"Polygon","coordinates":[[[126.90161,37.57546],[126.91774,37.56744],[126.92596,37.56514],[126.92825,37.56334],[126.92663,37.55883],[126.93673,37.55511],[126.94469,37.55684],[126.95707,37.55748],[126.95871,37.55666],[126.96207,37.55926],[126.96959,37.56201],[126.95356,37.57888],[126.95546,37.57897],[126.957,37.58158],[126.96067,37.5808],[126.95689,37.58542],[126.95793,37.58879],[126.95633,37.59515],[126.95714,37.59839],[126.95351,37.59912],[126.95275,37.60041],[126.95344,37.60517],[126.95074,37.60832],[126.94722,37.6078],[126.94492,37.60482],[126.94242,37.60482],[126.94044,37.60286],[126.94068,37.59867],[126.93066,37.59449],[126.92826,37.59165],[126.92812,37.58838],[126.92282,37.58562],[126.92081,37.58291],[126.91583,37.58314],[126.91544,37.58549],[126.91315,37.58703],[126.90161,37.57546]]]}},{"type":"Feature","id":"서울특별시_서초구","properties":{"id":"서울특별시_서초구","sido":"서울특별시","sigungu":"서초구","name":"서초구","parentCity":null,"center":[37.478426,127.038225],"dongCount":18},"geometry":{"type":"Polygon","coordinates":[[[126.98013,37.50649],[126.9807,37.50274],[126.98784,37.49861],[126.98477,37.49928],[126.9829,37.49635],[126.98161,37.47715],[126.98254,37.47277],[126.98816,37.46552],[126.98747,37.46041],[126.98862,37.45814],[126.99683,37.46218],[126.99628,37.46672],[127.00342,37.46726],[127.00516,37.46306],[127.01106,37.45539],[127.01786,37.45561],[127.02469,37.45781],[127.02986,37.46345],[127.02986,37.46545],[127.03272,37.46525],[127.03473,37.46385],[127.03343,37.46108],[127.03583,37.45755],[127.03836,37.44565],[127.03541,37.44117],[127.0358,37.43927],[127.04106,37.43811],[127.04634,37.43355],[127.04747,37.43087],[127.05089,37.42965],[127.05797,37.43013],[127.06567,37.42901],[127.06816,37.43058],[127.07046,37.43006],[127.07338,37.43934],[127.07197,37.44001],[127.07165,37.4418],[127.07476,37.44242],[127.08158,37.441],[127.08543,37.44494],[127.08799,37.44506],[127.08969,37.4512],[127.09512,37.4583],[127.096,37.4625],[127.08621,37.47036],[127.08449,37.47287],[127.08516,37.47527],[127.07716,37.47501],[127.07391,37.47286],[127.07265,37.4748],[127.07081,37.47483],[127.06253,37.47284],[127.06161,37.46896],[127.05453,37.46853],[127.04958,37.47049],[127.05106,37.47149],[127.04503,37.47729],[127.04135,37.48557],[127.03397,37.4848],[127.02137,37.51103],[127.02035,37.51081],[127.02131,37.51117],[127.01761,37.52209],[127.01187,37.52784],[127.00443,37.52026],[126.99062,37.51303],[126.98568,37.50663],[126.98013,37.50649]]]}},{"type":"Feature","id":"서울특별시_성동구","properties":{"id":"서울특별시_성동구","sido":"서울특별시","sigungu":"성동구","name":"성동구","parentCity":null,"center":[37.551061,127.041018],"dongCount":17},"geometry":{"type":"Polygon","coordinates":[[[127.00834,37.54186],[127.00947,37.53958],[127.01479,37.5389],[127.02092,37.53512],[127.04031,37.5359],[127.04667,37.534],[127.05657,37.5291],[127.0737,37.55944],[127.05871,37.56246],[127.04866,37.56987],[127.04218,37.57302],[127.03793,37.5729],[127.03036,37.56982],[127.02337,37.57174],[127.02362,37.56517],[127.02671,37.56499],[127.0265,37.56339],[127.02333,37.56074],[127.02286,37.55787],[127.01788,37.55657],[127.01631,37.55301],[127.01068,37.54808],[127.00834,37.54186]]]}},{"type":"Feature","id":"서울특별시_성북구","properties":{"id":"서울특별시_성북구","sido":"서울특별시","sigungu":"성북구","name":"성북구","parentCity":null,"center":[37.607046,127.023396],"dongCount":20},"geometry":{"type":"Polygon","coordinates":[[[126.97507,37.63139],[126.97667,37.62884],[126.98051,37.62905],[126.97921,37.62457],[126.98137,37.62173],[126.98281,37.61669],[126.98707,37.61355],[126.9859,37.60714],[126.98774,37.60122],[126.98491,37.59944],[126.98157,37.59914],[126.98201,37.59584],[126.98914,37.59131],[127.00094,37.59239],[127.00234,37.58915],[127.00653,37.58613],[127.00884,37.58045],[127.01639,37.58184],[127.01875,37.57753],[127.02317,37.57804],[127.0295,37.58272],[127.03639,37.58992],[127.03649,37.59125],[127.03906,37.59127],[127.04075,37.5958],[127.04352,37.59691],[127.04765,37.59629],[127.05101,37.60157],[127.05203,37.59995],[127.06005,37.6021],[127.06233,37.60528],[127.06873,37.60687],[127.06859,37.60932],[127.07172,37.60681],[127.07119,37.61637],[127.06605,37.6143],[127.06201,37.61438],[127.04999,37.62443],[127.04396,37.61868],[127.04019,37.61595],[127.03912,37.61631],[127.0371,37.61271],[127.03041,37.60914],[127.02998,37.61234],[127.02223,37.61127],[127.02203,37.61229],[127.01764,37.61457],[127.01147,37.61642],[127.00805,37.61937],[127.00788,37.62391],[126.99894,37.62688],[126.9941,37.62992],[126.99319,37.63203],[126.98463,37.63656],[126.97507,37.63139]]]}},{"type":"Feature","id":"서울특별시_송파구","properties":{"id":"서울특별시_송파구","sido":"서울특별시","sigungu":"송파구","name":"송파구","parentCity":null,"center":[37.504342,127.113937],"dongCount":27},"geometry":{"type":"Polygon","coordinates":[[[127.0665,37.52093],[127.06943,37.50645],[127.07121,37.50352],[127.07549,37.5012],[127.09674,37.49583],[127.10568,37.49141],[127.11019,37.48688],[127.11228,37.48354],[127.11104,37.48294],[127.12054,37.47038],[127.12229,37.46521],[127.12577,37.46921],[127.13056,37.46763],[127.13268,37.46823],[127.13187,37.46973],[127.13259,37.47485],[127.14345,37.4741],[127.14424,37.47732],[127.1474,37.47722],[127.14874,37.48399],[127.15764,37.48914],[127.16138,37.49961],[127.15762,37.50309],[127.15647,37.5019],[127.15012,37.50451],[127.1456,37.50343],[127.14114,37.50545],[127.14025,37.50983],[127.14113,37.51232],[127.14352,37.51269],[127.14113,37.51564],[127.14466,37.51555],[127.14541,37.51649],[127.11916,37.52807],[127.12321,37.53853],[127.10956,37.54347],[127.09896,37.52795],[127.07758,37.52358],[127.06696,37.52508],[127.0665,37.52093]]]}},{"type":"Feature","id":"서울특별시_양천구","properties":{"id":"서울특별시_양천구","sido":"서울특별시","sigungu":"양천구","name":"양천구","parentCity":null,"center":[37.525766,126.856066],"dongCount":18},"geometry":{"type":"Polygon","coordinates":[[[126.82159,37.53972],[126.82182,37.53487],[126.82351,37.53377],[126.82549,37.52982],[126.82814,37.52903],[126.82881,37.52651],[126.82525,37.52315],[126.82556,37.51985],[126.82324,37.51618],[126.82447,37.51304],[126.82397,37.50906],[126.83068,37.50757],[126.83264,37.50503],[126.83617,37.50304],[126.83641,37.50065],[126.83836,37.50014],[126.83898,37.5029],[126.84529,37.50787],[126.8529,37.51058],[126.85609,37.50947],[126.85816,37.50995],[126.86011,37.50669],[126.86246,37.50669],[126.86353,37.50497],[126.87126,37.50563],[126.87846,37.51428],[126.88051,37.52523],[126.89054,37.5315],[126.8888,37.53206],[126.89025,37.53467],[126.88516,37.54359],[126.88071,37.54787],[126.87242,37.54711],[126.86428,37.55139],[126.86216,37.54414],[126.86367,37.53928],[126.86401,37.5298],[126.84049,37.52654],[126.83473,37.53603],[126.83314,37.54184],[126.83008,37.54172],[126.82974,37.54767],[126.8276,37.54768],[126.82541,37.54165],[126.82159,37.53972]]]}},{"type":"Feature","id":"서울특별시_영등포구","properties":{"id":"서울특별시_영등포구","sido":"서울특별시","sigungu":"영등포구","name":"영등포구","parentCity":null,"center":[37.520581,126.913822],"dongCount":18},"geometry":{"type":"Polygon","coordinates":[[[126.87799,37.55343],[126.88071,37.54787],[126.88516,37.54359],[126.89025,37.53467],[126.8888,37.53206],[126.89054,37.5315],[126.88051,37.52523],[126.87947,37.51677],[126.88963,37.51209],[126.89514,37.50815],[126.89386,37.50748],[126.89353,37.49772],[126.89742,37.48776],[126.90045,37.48567],[126.90323,37.48499],[126.91253,37.49639],[126.92019,37.4982],[126.9254,37.51265],[126.9271,37.513],[126.92516,37.5149],[126.92601,37.5161],[126.9394,37.51614],[126.94956,37.51781],[126.94965,37.52676],[126.94467,37.53375],[126.94121,37.53645],[126.93026,37.54132],[126.92763,37.53903],[126.92244,37.54139],[126.90498,37.54132],[126.899,37.54792],[126.88038,37.55618],[126.8792,37.5532],[126.87799,37.55343]]]}},{"type":"Feature","id":"서울특별시_용산구","properties":{"id":"서울특별시_용산구","sido":"서울특별시","sigungu":"용산구","name":"용산구","parentCity":null,"center":[37.530938,126.982797],"dongCount":16},"geometry":{"type":"Polygon","coordinates":[[[126.94467,37.53375],[126.94965,37.52676],[126.94956,37.51781],[126.9572,37.51541],[126.97405,37.50733],[126.98013,37.50649],[126.98568,37.50663],[126.99062,37.51303],[127.00443,37.52026],[127.00797,37.52459],[127.02092,37.53512],[127.01479,37.5389],[127.00932,37.53968],[127.00861,37.54398],[127.00726,37.54381],[127.00484,37.54618],[127.00589,37.5482],[127.00472,37.54835],[127.00423,37.55038],[126.99852,37.54993],[126.99532,37.54724],[126.99236,37.55009],[126.98781,37.55149],[126.98543,37.55374],[126.97983,37.55342],[126.97693,37.55506],[126.97666,37.55271],[126.97236,37.55439],[126.96907,37.5539],[126.96849,37.55538],[126.96239,37.5515],[126.96369,37.5489],[126.95863,37.54558],[126.9577,37.54208],[126.95283,37.53728],[126.94619,37.53565],[126.94467,37.53375]]]}},{"type":"Feature","id":"서울특별시_은평구","properties":{"id":"서울특별시_은평구","sido":"서울특별시","sigungu":"은평구","name":"은평구","parentCity":null,"center":[37.617453,126.927013],"dongCount":16},"geometry":{"type":"Polygon","coordinates":[[[126.88224,37.59094],[126.90164,37.57592],[126.91315,37.58703],[126.91544,37.58549],[126.91583,37.58314],[126.92081,37.58291],[126.92282,37.58562],[126.92812,37.58838],[126.92826,37.59165],[126.93066,37.59449],[126.94068,37.59867],[126.94044,37.60286],[126.94242,37.60482],[126.94492,37.60482],[126.94722,37.6078],[126.95038,37.60788],[126.95033,37.61836],[126.95217,37.62482],[126.95675,37.62537],[126.95954,37.62848],[126.96925,37.63022],[126.97179,37.63229],[126.96876,37.63698],[126.96882,37.63868],[126.96173,37.64516],[126.95462,37.65475],[126.95125,37.65495],[126.94708,37.65899],[126.94103,37.65706],[126.93704,37.65193],[126.93473,37.65064],[126.92974,37.6504],[126.92127,37.64556],[126.91389,37.64471],[126.90527,37.64891],[126.90758,37.64649],[126.91223,37.64438],[126.91247,37.64169],[126.91082,37.64016],[126.90982,37.63511],[126.90653,37.63252],[126.90881,37.62905],[126.90794,37.62539],[126.90644,37.62403],[126.90524,37.6195],[126.90339,37.6188],[126.90103,37.61246],[126.90208,37.60382],[126.90026,37.60315],[126.90149,37.59937],[126.90136,37.59618],[126.89899,37.59266],[126.89984,37.58987],[126.89696,37.58862],[126.88726,37.58859],[126.88544,37.59109],[126.88658,37.59384],[126.88224,37.59094]]]}},{"type":"Feature","id":"서울특별시_종로구","properties":{"id":"서울특별시_종로구","sido":"서울특별시","sigungu":"종로구","name":"종로구","parentCity":null,"center":[37.60008,126.986375],"dongCount":17},"geometry":{"type":"Polygon","coordinates":[[[126.94998,37.60971],[126.95038,37.60788],[126.95338,37.60537],[126.95275,37.60041],[126.95351,37.59912],[126.95714,37.59839],[126.95633,37.59515],[126.95793,37.58879],[126.95689,37.58542],[126.96067,37.5808],[126.957,37.58158],[126.95546,37.57897],[126.95356,37.57888],[126.96677,37.56579],[126.96905,37.56819],[126.97433,37.56926],[126.9889,37.56811],[127.01601,37.56982],[127.02337,37.57174],[127.02317,37.57804],[127.01875,37.57753],[127.01679,37.58154],[127.01469,37.58223],[127.00884,37.58045],[127.00653,37.58613],[127.00234,37.58915],[127.00094,37.59239],[126.98914,37.59131],[126.98201,37.59584],[126.98157,37.59914],[126.98491,37.59944],[126.98774,37.60122],[126.9859,37.60714],[126.98707,37.61355],[126.98281,37.61669],[126.98137,37.62173],[126.97921,37.62457],[126.98009,37.62927],[126.97667,37.62884],[126.97507,37.63139],[126.97179,37.63229],[126.96925,37.63022],[126.95954,37.62848],[126.95675,37.62537],[126.95217,37.62482],[126.95033,37.61836],[126.95094,37.61236],[126.94998,37.60971]]]}},{"type":"Feature","id":"서울특별시_중구","properties":{"id":"서울특별시_중구","sido":"서울특별시","sigungu":"중구","name":"중구","parentCity":null,"center":[37.557775,126.994096],"dongCount":15},"geometry":{"type":"Polygon","coordinates":[[[126.96148,37.55885],[126.96322,37.55715],[126.9617,37.55534],[126.96239,37.5515],[126.96849,37.55538],[126.96907,37.5539],[126.97236,37.55439],[126.97666,37.55271],[126.97693,37.55506],[126.97983,37.55342],[126.98543,37.55374],[126.98781,37.55149],[126.99236,37.55009],[126.99532,37.54724],[126.99852,37.54993],[127.00423,37.55038],[127.00472,37.54835],[127.00589,37.5482],[127.00484,37.54618],[127.00726,37.54381],[127.00861,37.54398],[127.01068,37.54808],[127.01631,37.55301],[127.01788,37.55657],[127.02286,37.55787],[127.02333,37.56074],[127.02627,37.56299],[127.02671,37.56499],[127.02362,37.56517],[127.02337,37.57174],[127.01601,37.56982],[126.9889,37.56811],[126.97433,37.56926],[126.96905,37.56819],[126.96677,37.56579],[126.96959,37.56201],[126.96148,37.55885]]]}},{"type":"Feature","id":"서울특별시_중랑구","properties":{"id":"서울특별시_중랑구","sido":"서울특별시","sigungu":"중랑구","name":"중랑구","parentCity":null,"center":[37.595196,127.093996],"dongCount":16},"geometry":{"type":"Polygon","coordinates":[[[127.06963,37.59488],[127.07163,37.58795],[127.07723,37.58098],[127.07858,37.57186],[127.09117,37.56956],[127.10093,37.57356],[127.10277,37.58176],[127.09975,37.58305],[127.10933,37.58466],[127.1124,37.59186],[127.11837,37.59502],[127.11383,37.59996],[127.11801,37.60458],[127.11832,37.60761],[127.11662,37.60882],[127.11759,37.61171],[127.11697,37.61743],[127.11567,37.61929],[127.11085,37.62078],[127.10151,37.6198],[127.09704,37.61705],[127.08573,37.62017],[127.0714,37.61563],[127.07271,37.60227],[127.06983,37.59775],[127.06963,37.59488]]]}},{"type":"Feature","id":"경기도_가평군","properties":{"id":"경기도_가평군","sido":"경기도","sigungu":"가평군","name":"가평군","parentCity":null,"center":[37.811409,127.442123],"dongCount":6},"geometry":{"type":"Polygon","coordinates":[[[127.26652,37.78045],[127.26973,37.77883],[127.27402,37.77406],[127.29,37.77501],[127.29313,37.77624],[127.3021,37.77338],[127.30989,37.7683],[127.31565,37.76897],[127.31992,37.76619],[127.33396,37.75284],[127.33107,37.74954],[127.33531,37.74383],[127.34241,37.7378],[127.3429,37.72942],[127.35545,37.72369],[127.35404,37.71941],[127.35472,37.71663],[127.35339,37.71094],[127.35512,37.70718],[127.35344,37.70382],[127.35849,37.69923],[127.36135,37.69381],[127.37212,37.69203],[127.37075,37.69047],[127.36714,37.69011],[127.36693,37.68822],[127.36857,37.68579],[127.37417,37.68219],[127.37506,37.67733],[127.3792,37.67459],[127.37755,37.6699],[127.37637,37.66011],[127.37113,37.64819],[127.37328,37.64767],[127.38005,37.65142],[127.39943,37.65086],[127.40124,37.65449],[127.40813,37.65988],[127.4121,37.66019],[127.41644,37.66337],[127.42217,37.66393],[127.42509,37.66563],[127.42815,37.67154],[127.43986,37.66181],[127.44138,37.6598],[127.43477,37.65361],[127.43723,37.6514],[127.43808,37.64789],[127.44191,37.64679],[127.44485,37.64777],[127.44863,37.64447],[127.45227,37.63889],[127.45558,37.63691],[127.45827,37.62997],[127.4626,37.62493],[127.46835,37.62467],[127.47118,37.62113],[127.47217,37.60928],[127.47351,37.60792],[127.47314,37.60022],[127.4726,37.59641],[127.47091,37.59495],[127.46941,37.59106],[127.47159,37.57989],[127.47473,37.57725],[127.49012,37.57498],[127.4911,37.57378],[127.49834,37.57184],[127.51296,37.57812],[127.52178,37.58641],[127.53606,37.58584],[127.53788,37.58461],[127.55245,37.58608],[127.55469,37.58421],[127.56025,37.58308],[127.56152,37.58706],[127.55908,37.59423],[127.56244,37.60001],[127.5623,37.60435],[127.56615,37.60796],[127.56956,37.60831],[127.57075,37.61367],[127.56759,37.61566],[127.56517,37.62008],[127.55981,37.62341],[127.55988,37.62736],[127.55898,37.62845],[127.54826,37.6332],[127.54682,37.63756],[127.54378,37.63818],[127.54003,37.64069],[127.53702,37.643],[127.53523,37.64637],[127.53568,37.65035],[127.54391,37.65159],[127.54649,37.65743],[127.55281,37.66155],[127.55165,37.66502],[127.54921,37.66757],[127.54975,37.67549],[127.55096,37.67819],[127.54989,37.68056],[127.55015,37.68546],[127.55699,37.70486],[127.55842,37.70602],[127.55806,37.7143],[127.56103,37.71822],[127.56217,37.72232],[127.55968,37.72314],[127.55986,37.72851],[127.55735,37.72899],[127.55209,37.72826],[127.54819,37.72342],[127.5408,37.71909],[127.53352,37.72221],[127.52867,37.72633],[127.52538,37.7269],[127.51093,37.71769],[127.50731,37.71967],[127.50711,37.72822],[127.50848,37.73277],[127.51106,37.736],[127.53762,37.75133],[127.54229,37.75548],[127.54448,37.75994],[127.54354,37.76536],[127.54033,37.77108],[127.52355,37.78805],[127.52159,37.79134],[127.52289,37.79578],[127.52968,37.80454],[127.5359,37.80923],[127.53712,37.81203],[127.53519,37.81783],[127.52464,37.8247],[127.52495,37.83013],[127.52717,37.83558],[127.52995,37.83965],[127.53522,37.84366],[127.54157,37.84636],[127.54932,37.84685],[127.55088,37.85205],[127.55232,37.85311],[127.56242,37.85548],[127.5659,37.85868],[127.56914,37.86632],[127.57681,37.87304],[127.58506,37.8759],[127.59496,37.87587],[127.60219,37.87454],[127.60586,37.87669],[127.60881,37.88326],[127.6076,37.88986],[127.61772,37.90653],[127.61624,37.91498],[127.61207,37.92081],[127.61252,37.92516],[127.6166,37.92945],[127.61376,37.93939],[127.60904,37.94365],[127.60482,37.94416],[127.60267,37.94771],[127.60331,37.95423],[127.60139,37.95605],[127.59412,37.95688],[127.58785,37.96126],[127.57322,37.96405],[127.56125,37.96278],[127.5516,37.9662],[127.5483,37.96613],[127.54433,37.96812],[127.54473,37.97479],[127.5471,37.97976],[127.5461,37.98517],[127.54345,37.98881],[127.54267,37.9956],[127.53974,38.00118],[127.52752,38.00071],[127.52351,38.00187],[127.50141,37.99956],[127.4984,38.0011],[127.49727,38.00361],[127.49021,38.00517],[127.48554,38.00436],[127.47897,38.00615],[127.47216,38.00606],[127.46139,38.0129],[127.45682,38.01886],[127.45547,38.02503],[127.45627,38.02726],[127.45346,38.03089],[127.45095,38.03761],[127.45222,38.04744],[127.44566,38.05098],[127.44177,38.04478],[127.43504,38.03799],[127.43019,38.03465],[127.42491,38.0334],[127.42429,38.03094],[127.42719,38.02749],[127.42349,38.02015],[127.41828,38.01475],[127.41481,38.00692],[127.41479,38.00175],[127.41302,37.9978],[127.40907,37.9963],[127.40529,37.99054],[127.39942,37.9894],[127.3898,37.98268],[127.38666,37.98323],[127.38395,37.98111],[127.38412,37.97793],[127.38539,37.97615],[127.38245,37.97422],[127.38264,37.9697],[127.3779,37.96534],[127.37614,37.96153],[127.37973,37.95778],[127.37683,37.95293],[127.38313,37.94958],[127.38491,37.94709],[127.38428,37.94354],[127.37981,37.93913],[127.37455,37.93653],[127.36989,37.93062],[127.3661,37.92883],[127.3643,37.92595],[127.35583,37.92165],[127.35031,37.92233],[127.34744,37.92607],[127.34518,37.92721],[127.3384,37.92384],[127.33303,37.9265],[127.33098,37.92591],[127.32899,37.92203],[127.33089,37.91718],[127.32786,37.91241],[127.33056,37.90905],[127.32739,37.90284],[127.32913,37.89431],[127.3237,37.88785],[127.32375,37.87374],[127.32236,37.87148],[127.31341,37.86782],[127.3117,37.86614],[127.30547,37.86884],[127.30064,37.8681],[127.29617,37.86887],[127.29317,37.87342],[127.29154,37.87414],[127.28728,37.86833],[127.28491,37.86031],[127.28028,37.85464],[127.28632,37.84828],[127.27903,37.84234],[127.27413,37.83052],[127.27413,37.82647],[127.27923,37.81661],[127.2774,37.80882],[127.27875,37.80546],[127.27083,37.79459],[127.2719,37.78865],[127.27093,37.78622],[127.26841,37.78516],[127.26652,37.78045]]]}},{"type":"Feature","id":"경기도_고양시_덕양구","properties":{"id":"경기도_고양시_덕양구","sido":"경기도","sigungu":"고양시 덕양구","name":"고양시 덕양구","parentCity":"고양시","center":[37.660544,126.883474],"dongCount":21},"geometry":{"type":"Polygon","coordinates":[[[126.77269,37.62974],[126.774,37.62219],[126.78251,37.61659],[126.79795,37.61086],[126.81128,37.59868],[126.81759,37.59529],[126.82453,37.5894],[126.83209,37.58577],[126.85356,37.57181],[126.85412,37.57386],[126.86495,37.57584],[126.87335,37.57885],[126.87708,37.5789],[126.87667,37.58412],[126.87763,37.5862],[126.88482,37.59339],[126.88658,37.59384],[126.88544,37.59109],[126.88726,37.58859],[126.89696,37.58862],[126.89984,37.58987],[126.89899,37.59266],[126.90136,37.59618],[126.90149,37.59937],[126.90026,37.60315],[126.90208,37.60382],[126.90103,37.61246],[126.90339,37.6188],[126.90524,37.6195],[126.90644,37.62403],[126.90794,37.62539],[126.90881,37.62905],[126.90653,37.63252],[126.90982,37.63511],[126.91082,37.64016],[126.91247,37.64169],[126.91223,37.64438],[126.90758,37.64649],[126.90527,37.64891],[126.91389,37.64471],[126.92127,37.64556],[126.92974,37.6504],[126.93473,37.65064],[126.93704,37.65193],[126.94103,37.65706],[126.94731,37.65893],[126.95125,37.65495],[126.95462,37.65475],[126.95634,37.65307],[126.96173,37.64516],[126.96882,37.63868],[126.97087,37.63299],[126.97507,37.63139],[126.98463,37.63656],[126.98637,37.64065],[126.98388,37.64217],[126.98324,37.6437],[126.98494,37.64582],[126.98462,37.64755],[126.97945,37.65583],[126.985,37.6593],[126.98802,37.66334],[126.99416,37.66628],[126.99296,37.67761],[126.98758,37.68262],[126.98086,37.68594],[126.97299,37.68668],[126.96577,37.69236],[126.95996,37.69149],[126.95444,37.69265],[126.95101,37.68772],[126.94479,37.68513],[126.94308,37.67943],[126.94458,37.67645],[126.94293,37.67309],[126.93982,37.67076],[126.93195,37.67236],[126.92803,37.6707],[126.92081,37.67186],[126.92036,37.66959],[126.91297,37.66873],[126.90805,37.67026],[126.90614,37.6734],[126.9064,37.67486],[126.9103,37.6738],[126.9145,37.679],[126.91415,37.68791],[126.92174,37.69903],[126.92467,37.70787],[126.92454,37.71173],[126.92047,37.71368],[126.92504,37.71991],[126.92307,37.72501],[126.92341,37.72857],[126.92189,37.73018],[126.92643,37.73513],[126.93006,37.7359],[126.93102,37.73751],[126.93006,37.74284],[126.93299,37.74538],[126.92893,37.74918],[126.92183,37.74703],[126.91558,37.74812],[126.90879,37.74696],[126.9089,37.74485],[126.90358,37.7416],[126.90088,37.73713],[126.90216,37.72843],[126.89927,37.72676],[126.89469,37.72677],[126.89172,37.7253],[126.88923,37.72345],[126.88614,37.71845],[126.8827,37.71931],[126.88099,37.72616],[126.87343,37.72614],[126.87149,37.7293],[126.86765,37.72959],[126.86495,37.73254],[126.85893,37.7334],[126.85656,37.73572],[126.85647,37.73457],[126.8544,37.73366],[126.84804,37.73369],[126.84125,37.7315],[126.83939,37.72863],[126.83708,37.72757],[126.83563,37.72807],[126.83992,37.72322],[126.84178,37.71641],[126.84656,37.70716],[126.84976,37.69804],[126.85497,37.69353],[126.85255,37.6888],[126.84896,37.69023],[126.84808,37.68633],[126.83352,37.68309],[126.83238,37.67784],[126.82128,37.67179],[126.8194,37.66422],[126.81561,37.66312],[126.81432,37.66036],[126.81086,37.65906],[126.81605,37.65549],[126.81785,37.64851],[126.81422,37.6438],[126.81234,37.64359],[126.81347,37.64754],[126.81248,37.64819],[126.80588,37.64382],[126.80298,37.64352],[126.80209,37.645],[126.79729,37.64241],[126.79502,37.64008],[126.79383,37.62826],[126.78848,37.62773],[126.78405,37.63151],[126.77427,37.63191],[126.77269,37.62974]],[[126.88542,37.64754],[126.88636,37.64788],[126.88866,37.6487],[126.88542,37.64754]]]}},{"type":"Feature","id":"경기도_고양시_일산동구","properties":{"id":"경기도_고양시_일산동구","sido":"경기도","sigungu":"고양시 일산동구","name":"고양시 일산동구","parentCity":"고양시","center":[37.679677,126.797917],"dongCount":12},"geometry":{"type":"Polygon","coordinates":[[[126.74086,37.6539],[126.74092,37.63893],[126.76824,37.62369],[126.774,37.62219],[126.77269,37.62974],[126.77427,37.63191],[126.78405,37.63151],[126.78848,37.62773],[126.79383,37.62826],[126.79502,37.64008],[126.79729,37.64241],[126.80209,37.645],[126.80298,37.64352],[126.80588,37.64382],[126.81248,37.64819],[126.81347,37.64754],[126.81234,37.64359],[126.81422,37.6438],[126.81785,37.64851],[126.81605,37.65549],[126.81086,37.65906],[126.81432,37.66036],[126.81561,37.66312],[126.8194,37.66422],[126.82128,37.67179],[126.83238,37.67784],[126.83352,37.68309],[126.84808,37.68633],[126.84896,37.69023],[126.85255,37.6888],[126.85494,37.69213],[126.85383,37.69526],[126.84976,37.69804],[126.84656,37.70716],[126.84178,37.71641],[126.83992,37.72322],[126.83563,37.72807],[126.83413,37.7269],[126.83175,37.72881],[126.82608,37.727],[126.82303,37.72881],[126.81399,37.72348],[126.8069,37.72697],[126.80283,37.73038],[126.80134,37.7303],[126.80076,37.73528],[126.79817,37.73716],[126.79474,37.73587],[126.79357,37.73497],[126.79558,37.73356],[126.79608,37.72961],[126.79365,37.72595],[126.78503,37.72089],[126.77328,37.70923],[126.77373,37.70262],[126.78127,37.6992],[126.77814,37.69579],[126.77693,37.69085],[126.77756,37.67876],[126.76901,37.66723],[126.76268,37.66329],[126.75804,37.6661],[126.75519,37.66222],[126.75097,37.66411],[126.75022,37.65872],[126.74509,37.6595],[126.74405,37.65413],[126.74086,37.6539]]]}},{"type":"Feature","id":"경기도_고양시_일산서구","properties":{"id":"경기도_고양시_일산서구","sido":"경기도","sigungu":"고양시 일산서구","name":"고양시 일산서구","parentCity":"고양시","center":[37.672947,126.723797],"dongCount":11},"geometry":{"type":"Polygon","coordinates":[[[126.66633,37.68776],[126.66846,37.68018],[126.67346,37.67491],[126.71826,37.64929],[126.74092,37.63893],[126.74086,37.6539],[126.74405,37.65413],[126.74509,37.6595],[126.75022,37.65872],[126.75097,37.66411],[126.75519,37.66222],[126.75804,37.6661],[126.76268,37.66329],[126.76967,37.66783],[126.77756,37.67876],[126.77693,37.69085],[126.77814,37.69579],[126.78127,37.6992],[126.77373,37.70262],[126.77335,37.70425],[126.77062,37.70567],[126.76608,37.70697],[126.76495,37.70405],[126.76398,37.7047],[126.76008,37.70333],[126.75553,37.70489],[126.74802,37.70314],[126.74017,37.70505],[126.72989,37.70494],[126.73065,37.70404],[126.72745,37.70409],[126.71707,37.70024],[126.71191,37.69974],[126.70458,37.69621],[126.69929,37.69703],[126.6914,37.68911],[126.67655,37.70008],[126.66633,37.68776]]]}},{"type":"Feature","id":"경기도_과천시","properties":{"id":"경기도_과천시","sido":"경기도","sigungu":"과천시","name":"과천시","parentCity":null,"center":[37.433967,127.00419],"dongCount":7},"geometry":{"type":"Polygon","coordinates":[[[126.96091,37.42603],[126.96393,37.4192],[126.97376,37.41496],[126.97526,37.4126],[126.97615,37.4061],[126.97826,37.40336],[126.98083,37.40282],[126.98257,37.40067],[126.98578,37.40664],[126.98827,37.40794],[126.99199,37.40768],[126.99498,37.40514],[126.99977,37.40463],[127.00849,37.4122],[127.01814,37.41318],[127.02834,37.4121],[127.04098,37.41518],[127.04195,37.41838],[127.04183,37.42691],[127.04747,37.43087],[127.04634,37.43355],[127.04106,37.43811],[127.0358,37.43927],[127.03541,37.44117],[127.03837,37.44554],[127.03583,37.45755],[127.03343,37.46108],[127.03458,37.46404],[127.03127,37.46578],[127.02986,37.46545],[127.02986,37.46345],[127.0261,37.45851],[127.01786,37.45561],[127.01106,37.45539],[127.00516,37.46306],[127.00342,37.46726],[126.99975,37.46716],[126.99628,37.46672],[126.99683,37.46218],[126.98236,37.45516],[126.97398,37.4476],[126.96441,37.44558],[126.9638,37.44077],[126.96548,37.44031],[126.96431,37.43764],[126.96424,37.43139],[126.96264,37.43107],[126.96091,37.42603]]]}},{"type":"Feature","id":"경기도_광명시","properties":{"id":"경기도_광명시","sido":"경기도","sigungu":"광명시","name":"광명시","parentCity":null,"center":[37.448309,126.863232],"dongCount":19},"geometry":{"type":"Polygon","coordinates":[[[126.82597,37.4594],[126.82854,37.45956],[126.82928,37.45778],[126.83314,37.46035],[126.83835,37.45733],[126.83701,37.45601],[126.83883,37.4557],[126.83781,37.43693],[126.83975,37.4366],[126.84174,37.43443],[126.84004,37.43171],[126.84193,37.42638],[126.84551,37.42291],[126.8446,37.42097],[126.84632,37.41247],[126.85284,37.40829],[126.85374,37.40547],[126.85769,37.40224],[126.877,37.40205],[126.87741,37.40475],[126.87576,37.40658],[126.87061,37.40691],[126.87124,37.41255],[126.87994,37.41019],[126.88891,37.41256],[126.88895,37.41887],[126.89396,37.42168],[126.89648,37.42562],[126.89657,37.42776],[126.89407,37.42903],[126.89781,37.43102],[126.89965,37.43745],[126.90049,37.43736],[126.89888,37.4388],[126.89851,37.44387],[126.89612,37.44585],[126.89407,37.45264],[126.88962,37.45235],[126.88638,37.4562],[126.88527,37.46006],[126.88908,37.46153],[126.87666,37.47756],[126.87391,37.48333],[126.87529,37.48853],[126.87278,37.4888],[126.86965,37.49252],[126.86891,37.4951],[126.86704,37.49296],[126.86187,37.49039],[126.85256,37.48194],[126.84648,37.4817],[126.84533,37.4738],[126.84278,37.47492],[126.83579,37.47526],[126.83301,37.47725],[126.83203,37.47342],[126.83351,37.4687],[126.83317,37.46589],[126.83146,37.46635],[126.83106,37.46482],[126.82768,37.46322],[126.82597,37.4594]]]}},{"type":"Feature","id":"경기도_광주시","properties":{"id":"경기도_광주시","sido":"경기도","sigungu":"광주시","name":"광주시","parentCity":null,"center":[37.400716,127.288881],"dongCount":16},"geometry":{"type":"Polygon","coordinates":[[[127.13174,37.3512],[127.13286,37.35054],[127.13303,37.3484],[127.13802,37.34408],[127.13787,37.34036],[127.13634,37.33964],[127.13954,37.33884],[127.14186,37.33631],[127.1482,37.3377],[127.16206,37.34332],[127.17376,37.34467],[127.17876,37.34322],[127.19162,37.34724],[127.19803,37.34145],[127.19692,37.33472],[127.20115,37.32859],[127.20846,37.331],[127.21265,37.33742],[127.21681,37.34067],[127.21946,37.34657],[127.22358,37.34593],[127.22158,37.3493],[127.21792,37.3522],[127.21702,37.35521],[127.22318,37.35455],[127.22924,37.35919],[127.23369,37.35799],[127.23812,37.3604],[127.23982,37.35416],[127.24187,37.35331],[127.24691,37.35565],[127.25442,37.35076],[127.26138,37.3484],[127.26503,37.34268],[127.27442,37.34293],[127.2808,37.34616],[127.28334,37.34531],[127.28324,37.33659],[127.28099,37.33459],[127.27979,37.33013],[127.28037,37.32808],[127.28232,37.32741],[127.28205,37.32228],[127.28311,37.31907],[127.27726,37.30921],[127.28169,37.29795],[127.2778,37.2904],[127.28176,37.27804],[127.27626,37.27518],[127.27594,37.27373],[127.28118,37.2691],[127.28457,37.26898],[127.28742,37.27084],[127.29148,37.27165],[127.29668,37.27049],[127.29901,37.26926],[127.30125,37.26569],[127.30397,37.27083],[127.31073,37.27328],[127.31929,37.27499],[127.33089,37.27024],[127.33665,37.27121],[127.3388,37.27054],[127.34043,37.27269],[127.34331,37.27318],[127.34898,37.2767],[127.34815,37.27924],[127.34319,37.28236],[127.34246,37.28604],[127.34015,37.28811],[127.34317,37.29106],[127.346,37.29125],[127.34801,37.29001],[127.35308,37.29232],[127.35456,37.29433],[127.35714,37.2946],[127.35711,37.29881],[127.3545,37.30148],[127.35772,37.30507],[127.36494,37.30849],[127.36336,37.31577],[127.365,37.31658],[127.36739,37.31512],[127.3696,37.31523],[127.37591,37.32073],[127.38148,37.31901],[127.39031,37.31969],[127.39251,37.32098],[127.39418,37.32391],[127.39991,37.32724],[127.40503,37.32767],[127.40798,37.33092],[127.41261,37.33399],[127.41497,37.33411],[127.41983,37.33784],[127.42194,37.34291],[127.43,37.34657],[127.43584,37.3549],[127.44603,37.36091],[127.44376,37.36979],[127.44367,37.37613],[127.44528,37.38133],[127.44453,37.38541],[127.4425,37.38738],[127.43543,37.38642],[127.42974,37.38803],[127.42516,37.38577],[127.42028,37.38661],[127.41742,37.38949],[127.41281,37.3982],[127.41197,37.40517],[127.40964,37.40776],[127.40406,37.41008],[127.39831,37.41533],[127.40098,37.4185],[127.40063,37.42138],[127.39488,37.42611],[127.38929,37.42882],[127.38448,37.43446],[127.38231,37.44313],[127.37241,37.4449],[127.37214,37.45199],[127.36799,37.45695],[127.37799,37.45878],[127.38184,37.45838],[127.38521,37.4599],[127.38698,37.46736],[127.38653,37.46992],[127.38881,37.47563],[127.38046,37.49001],[127.38356,37.50262],[127.38073,37.50428],[127.36636,37.5278],[127.35996,37.53232],[127.35065,37.5354],[127.32933,37.53458],[127.32375,37.53351],[127.3185,37.53015],[127.30451,37.51333],[127.29787,37.50889],[127.28934,37.50701],[127.28798,37.50908],[127.28758,37.5135],[127.2832,37.51354],[127.27957,37.51258],[127.27622,37.50823],[127.26844,37.50622],[127.2612,37.50724],[127.25439,37.50596],[127.25327,37.50325],[127.25553,37.49615],[127.25793,37.49462],[127.25915,37.49211],[127.25896,37.49021],[127.2537,37.48646],[127.2538,37.48461],[127.24826,37.48193],[127.24622,37.47782],[127.24174,37.47686],[127.23936,37.47514],[127.23746,37.47493],[127.22615,37.47973],[127.21573,37.4823],[127.20684,37.48031],[127.20259,37.48171],[127.19804,37.47959],[127.19238,37.48072],[127.18842,37.48027],[127.18547,37.48102],[127.18319,37.48357],[127.17579,37.48528],[127.17584,37.47677],[127.18105,37.47329],[127.18203,37.46789],[127.1816,37.46047],[127.18338,37.45909],[127.19099,37.45735],[127.19473,37.44902],[127.19596,37.44388],[127.19366,37.43916],[127.19379,37.43392],[127.19523,37.43103],[127.19336,37.4261],[127.19464,37.42539],[127.18573,37.41868],[127.18489,37.41534],[127.179,37.41582],[127.17696,37.41465],[127.17786,37.41265],[127.17715,37.40902],[127.17189,37.40154],[127.17083,37.39791],[127.16836,37.39491],[127.16829,37.39268],[127.17681,37.38725],[127.17651,37.38487],[127.16794,37.38035],[127.16169,37.37971],[127.16052,37.37279],[127.15285,37.36354],[127.15019,37.36135],[127.14443,37.35939],[127.13948,37.35996],[127.13394,37.35848],[127.13174,37.3512]]]}},{"type":"Feature","id":"경기도_구리시","properties":{"id":"경기도_구리시","sido":"경기도","sigungu":"구리시","name":"구리시","parentCity":null,"center":[37.60238,127.135256],"dongCount":8},"geometry":{"type":"Polygon","coordinates":[[[127.09975,37.58305],[127.10277,37.58176],[127.10093,37.57356],[127.10419,37.57105],[127.10115,37.56002],[127.10896,37.55982],[127.11002,37.55846],[127.11377,37.55889],[127.11348,37.56025],[127.11668,37.56002],[127.12175,37.56399],[127.13382,37.56845],[127.14924,37.56849],[127.17076,37.58092],[127.16555,37.58423],[127.16228,37.58453],[127.16046,37.58665],[127.16187,37.5893],[127.16852,37.59063],[127.16861,37.59371],[127.15482,37.59667],[127.15073,37.60045],[127.14895,37.60467],[127.14702,37.61513],[127.14343,37.62063],[127.14299,37.62379],[127.14437,37.62896],[127.14902,37.63235],[127.14975,37.63417],[127.15026,37.63943],[127.14626,37.64409],[127.14036,37.64621],[127.13339,37.6436],[127.13059,37.64115],[127.1154,37.64402],[127.11181,37.64331],[127.11204,37.63262],[127.11084,37.63047],[127.10537,37.62714],[127.10351,37.6229],[127.10614,37.6206],[127.11085,37.62078],[127.11567,37.61929],[127.11697,37.61743],[127.11759,37.61171],[127.11662,37.60882],[127.11832,37.60761],[127.11801,37.60458],[127.11383,37.59996],[127.11837,37.59502],[127.1124,37.59186],[127.10933,37.58466],[127.09975,37.58305]]]}},{"type":"Feature","id":"경기도_군포시","properties":{"id":"경기도_군포시","sido":"경기도","sigungu":"군포시","name":"군포시","parentCity":null,"center":[37.342136,126.917555],"dongCount":12},"geometry":{"type":"Polygon","coordinates":[[[126.87275,37.3263],[126.87336,37.32307],[126.87465,37.32209],[126.87421,37.32086],[126.87812,37.31946],[126.88316,37.32086],[126.88774,37.31791],[126.89153,37.31978],[126.89503,37.31917],[126.9077,37.32188],[126.91093,37.31777],[126.91044,37.31677],[126.91551,37.31514],[126.91433,37.31094],[126.91604,37.30522],[126.93236,37.30742],[126.93294,37.30859],[126.93029,37.31283],[126.92964,37.31703],[126.93709,37.32229],[126.94505,37.32034],[126.9474,37.32696],[126.94856,37.33975],[126.95134,37.34175],[126.95444,37.3411],[126.95758,37.34434],[126.95824,37.34723],[126.95955,37.34822],[126.95943,37.35062],[126.96237,37.35534],[126.96052,37.35639],[126.96214,37.36156],[126.95702,37.36603],[126.95034,37.36737],[126.94707,37.36998],[126.94555,37.37303],[126.94669,37.37566],[126.94082,37.37913],[126.94119,37.37676],[126.94008,37.37585],[126.93277,37.37747],[126.91753,37.37678],[126.91483,37.37541],[126.90759,37.36033],[126.90434,37.35709],[126.89724,37.35807],[126.894,37.35562],[126.89375,37.35365],[126.88745,37.3473],[126.88767,37.34359],[126.88536,37.3382],[126.88071,37.33347],[126.87672,37.33265],[126.87398,37.32995],[126.87275,37.3263]]]}},{"type":"Feature","id":"경기도_김포시","properties":{"id":"경기도_김포시","sido":"경기도","sigungu":"김포시","name":"김포시","parentCity":null,"center":[37.686129,126.65975],"dongCount":14},"geometry":{"type":"MultiPolygon","coordinates":[[[[126.51456,37.76695],[126.51458,37.76466],[126.52784,37.7484],[126.52602,37.73809],[126.51966,37.72619],[126.51846,37.7216],[126.51851,37.71273],[126.52728,37.70314],[126.52545,37.68741],[126.52325,37.67876],[126.52347,37.67443],[126.52524,37.67218],[126.5353,37.66633],[126.53576,37.66502],[126.53446,37.65914],[126.5297,37.65589],[126.52896,37.65297],[126.53793,37.63682],[126.54956,37.62709],[126.55316,37.61803],[126.55417,37.6093],[126.5594,37.60056],[126.56606,37.59417],[126.56306,37.58948],[126.56365,37.58697],[126.56575,37.58608],[126.59272,37.59298],[126.60412,37.59883],[126.60906,37.60415],[126.61314,37.60561],[126.6234,37.6028],[126.62769,37.60597],[126.63281,37.61692],[126.63434,37.61941],[126.63657,37.62049],[126.63695,37.62603],[126.63948,37.62776],[126.64758,37.62874],[126.65169,37.63517],[126.65131,37.6377],[126.65246,37.63958],[126.65428,37.63807],[126.65944,37.63823],[126.66108,37.63672],[126.67094,37.63436],[126.67408,37.63223],[126.67517,37.62995],[126.68007,37.62964],[126.68168,37.62653],[126.69863,37.61746],[126.70528,37.61154],[126.70608,37.60777],[126.70425,37.60555],[126.70451,37.60265],[126.70837,37.60493],[126.71199,37.60479],[126.71714,37.59858],[126.7216,37.59622],[126.72513,37.592],[126.72901,37.59294],[126.73502,37.59047],[126.73798,37.5935],[126.74362,37.59335],[126.74628,37.58712],[126.75003,37.58368],[126.74993,37.58095],[126.75182,37.57957],[126.75474,37.58043],[126.7577,37.58479],[126.76308,37.58489],[126.76731,37.58803],[126.77336,37.58512],[126.7801,37.58436],[126.78411,37.58259],[126.78705,37.58555],[126.79367,37.5816],[126.79703,37.58418],[126.79834,37.58779],[126.80079,37.588],[126.7971,37.59891],[126.80093,37.60434],[126.80494,37.60402],[126.79853,37.61048],[126.78251,37.61659],[126.77489,37.62175],[126.76824,37.62369],[126.74277,37.63798],[126.71826,37.64929],[126.67346,37.67491],[126.66995,37.67792],[126.66679,37.68416],[126.66633,37.68776],[126.67972,37.70515],[126.68362,37.71339],[126.68544,37.7237],[126.67739,37.73501],[126.674,37.75001],[126.67617,37.755],[126.67289,37.76938],[126.667,37.78452],[126.63894,37.77843],[126.62882,37.77236],[126.62261,37.76228],[126.60947,37.75291],[126.60397,37.75323],[126.59981,37.75657],[126.59201,37.75774],[126.58043,37.75381],[126.56889,37.75509],[126.56135,37.76157],[126.56163,37.76505],[126.55884,37.76756],[126.53633,37.7719],[126.51456,37.76695]]],[[[126.51481,37.78086],[126.51507,37.77543],[126.51763,37.77162],[126.52629,37.77343],[126.53783,37.77386],[126.54038,37.77571],[126.53737,37.77895],[126.52717,37.78385],[126.52384,37.7898],[126.51978,37.79269],[126.51858,37.79141],[126.51957,37.78646],[126.51481,37.78086]]],[[[126.5472,37.6024],[126.54924,37.59622],[126.5503,37.59592],[126.5518,37.59927],[126.54992,37.59986],[126.54924,37.60465],[126.54805,37.60473],[126.5472,37.6024]]]]}},{"type":"Feature","id":"경기도_남양주시","properties":{"id":"경기도_남양주시","sido":"경기도","sigungu":"남양주시","name":"남양주시","parentCity":null,"center":[37.643687,127.229777],"dongCount":16},"geometry":{"type":"Polygon","coordinates":[[[127.08036,37.6996],[127.08111,37.69609],[127.08429,37.69401],[127.08493,37.69084],[127.09579,37.68886],[127.09629,37.68574],[127.09183,37.67919],[127.09574,37.67227],[127.09396,37.66257],[127.09244,37.65809],[127.08603,37.65591],[127.09282,37.6549],[127.0936,37.65332],[127.0923,37.64992],[127.09445,37.64576],[127.10657,37.64549],[127.10975,37.64249],[127.1154,37.64402],[127.13059,37.64115],[127.13339,37.6436],[127.14036,37.64621],[127.14626,37.64409],[127.15026,37.63943],[127.14975,37.63417],[127.14902,37.63235],[127.14437,37.62896],[127.14306,37.62589],[127.14325,37.62105],[127.14702,37.61513],[127.1484,37.60615],[127.15061,37.60063],[127.15599,37.59616],[127.16798,37.59419],[127.16918,37.59252],[127.16831,37.59047],[127.16187,37.5893],[127.16062,37.58775],[127.16082,37.58579],[127.17076,37.58092],[127.18022,37.58789],[127.18338,37.5917],[127.19506,37.5919],[127.20078,37.59036],[127.21294,37.57697],[127.21967,37.5739],[127.22011,37.56696],[127.22186,37.56467],[127.22906,37.56336],[127.23364,37.55869],[127.23443,37.55206],[127.23618,37.55045],[127.23842,37.545],[127.24855,37.5414],[127.28165,37.52468],[127.28478,37.52149],[127.28734,37.51518],[127.28798,37.50908],[127.28994,37.50692],[127.29993,37.50973],[127.3071,37.51638],[127.30477,37.5254],[127.30889,37.5406],[127.33919,37.58654],[127.34147,37.59179],[127.3471,37.61778],[127.35216,37.62779],[127.36598,37.64005],[127.37113,37.64819],[127.37637,37.66011],[127.37755,37.6699],[127.3792,37.67459],[127.37506,37.67733],[127.37417,37.68219],[127.36857,37.68579],[127.36693,37.68822],[127.36714,37.69011],[127.37075,37.69047],[127.37212,37.69203],[127.36135,37.69381],[127.35849,37.69923],[127.35344,37.70382],[127.35512,37.70718],[127.35339,37.71094],[127.35472,37.71663],[127.35404,37.71941],[127.35545,37.72369],[127.3429,37.72942],[127.34241,37.7378],[127.33293,37.74646],[127.33107,37.74954],[127.33399,37.75278],[127.32645,37.76025],[127.31565,37.76897],[127.30989,37.7683],[127.3021,37.77338],[127.29313,37.77624],[127.29,37.77501],[127.27402,37.77406],[127.26973,37.77883],[127.26652,37.78045],[127.26175,37.77439],[127.26152,37.77107],[127.25973,37.7684],[127.25355,37.76772],[127.25158,37.76621],[127.23649,37.76219],[127.23341,37.75846],[127.22535,37.75349],[127.22163,37.75502],[127.22203,37.75693],[127.22075,37.75792],[127.21341,37.76102],[127.21265,37.76465],[127.20528,37.76124],[127.20415,37.76348],[127.20019,37.76399],[127.19092,37.76258],[127.18407,37.76474],[127.17936,37.76226],[127.17556,37.75663],[127.16789,37.75328],[127.1598,37.75305],[127.15497,37.7553],[127.1493,37.75543],[127.14671,37.75484],[127.14204,37.74992],[127.14248,37.74777],[127.13826,37.74731],[127.13622,37.74931],[127.12848,37.74783],[127.12904,37.74554],[127.12629,37.7438],[127.12371,37.73861],[127.12367,37.73498],[127.12565,37.73354],[127.12577,37.72747],[127.12412,37.72597],[127.12343,37.7225],[127.1182,37.7208],[127.11656,37.71795],[127.11167,37.71723],[127.1093,37.71281],[127.10912,37.70884],[127.10738,37.70775],[127.10365,37.70721],[127.09663,37.70221],[127.09401,37.7038],[127.08384,37.70174],[127.08036,37.6996]]]}},{"type":"Feature","id":"경기도_동두천시","properties":{"id":"경기도_동두천시","sido":"경기도","sigungu":"동두천시","name":"동두천시","parentCity":null,"center":[37.920595,127.081777],"dongCount":8},"geometry":{"type":"Polygon","coordinates":[[[127.0079,37.91615],[127.01056,37.91034],[127.01071,37.90447],[127.01248,37.90319],[127.0209,37.9006],[127.02443,37.89789],[127.02877,37.89893],[127.03623,37.89593],[127.04626,37.89385],[127.04825,37.88288],[127.06039,37.86935],[127.06255,37.86921],[127.06606,37.87165],[127.06842,37.87064],[127.07373,37.87279],[127.0775,37.87102],[127.08788,37.87208],[127.09147,37.87121],[127.09598,37.8674],[127.10339,37.8654],[127.10919,37.85985],[127.11368,37.86548],[127.12316,37.86716],[127.12356,37.86983],[127.12856,37.87391],[127.1317,37.87311],[127.13984,37.87621],[127.14696,37.87603],[127.14946,37.88439],[127.15565,37.89568],[127.14966,37.89792],[127.15027,37.90058],[127.14673,37.9028],[127.14786,37.90663],[127.14596,37.91187],[127.13876,37.91403],[127.13512,37.91332],[127.13284,37.91592],[127.12712,37.91566],[127.1209,37.91703],[127.11525,37.9283],[127.10948,37.93552],[127.10801,37.93909],[127.09605,37.94365],[127.09558,37.94902],[127.09912,37.95246],[127.09924,37.95458],[127.09257,37.95923],[127.09414,37.96801],[127.09254,37.97086],[127.08457,37.97562],[127.07618,37.97668],[127.0661,37.97528],[127.06343,37.97602],[127.06439,37.9796],[127.05326,37.98134],[127.04882,37.97885],[127.04892,37.97576],[127.04443,37.97226],[127.04493,37.97],[127.0418,37.96001],[127.03921,37.95783],[127.02873,37.95516],[127.02757,37.94315],[127.02495,37.94042],[127.02055,37.94005],[127.01676,37.93662],[127.0126,37.9282],[127.01005,37.92757],[127.00904,37.92505],[127.01103,37.92121],[127.01261,37.92065],[127.01279,37.91856],[127.0079,37.91615]]]}},{"type":"Feature","id":"경기도_부천시_소사구","properties":{"id":"경기도_부천시_소사구","sido":"경기도","sigungu":"부천시 소사구","name":"부천시 소사구","parentCity":"부천시","center":[37.474551,126.787963],"dongCount":10},"geometry":{"type":"Polygon","coordinates":[[[126.74242,37.48849],[126.7426,37.48665],[126.75452,37.4837],[126.75549,37.4828],[126.75525,37.48082],[126.75827,37.47882],[126.75906,37.47682],[126.76519,37.47523],[126.76774,37.47176],[126.77188,37.47236],[126.77965,37.47146],[126.78432,37.47241],[126.78519,37.47006],[126.78791,37.46926],[126.78778,37.46684],[126.78927,37.46566],[126.79477,37.46572],[126.79652,37.46402],[126.79881,37.46454],[126.8041,37.4615],[126.80889,37.46209],[126.81184,37.45886],[126.81335,37.45872],[126.81323,37.45993],[126.81548,37.46098],[126.81774,37.45919],[126.82542,37.45898],[126.82768,37.46322],[126.83106,37.46482],[126.83146,37.46635],[126.83317,37.46589],[126.83351,37.4687],[126.83203,37.47342],[126.83301,37.47725],[126.82876,37.4761],[126.82513,37.47676],[126.82168,37.47531],[126.82122,37.47625],[126.81922,37.47616],[126.81784,37.47315],[126.81475,37.47467],[126.81529,37.47645],[126.81957,37.48028],[126.81943,37.48547],[126.82347,37.48775],[126.82274,37.48998],[126.82062,37.49076],[126.81446,37.48616],[126.80317,37.4824],[126.79181,37.48276],[126.76152,37.4871],[126.74242,37.48849]]]}},{"type":"Feature","id":"경기도_부천시_오정구","properties":{"id":"경기도_부천시_오정구","sido":"경기도","sigungu":"부천시 오정구","name":"부천시 오정구","parentCity":"부천시","center":[37.529936,126.794562],"dongCount":7},"geometry":{"type":"Polygon","coordinates":[[[126.76032,37.5275],[126.761,37.51798],[126.76856,37.51683],[126.76869,37.51544],[126.77144,37.51383],[126.79315,37.52246],[126.79533,37.52228],[126.7953,37.51757],[126.7938,37.51727],[126.79423,37.51583],[126.79025,37.51304],[126.79005,37.51089],[126.79125,37.5103],[126.79108,37.5068],[126.79437,37.50703],[126.7975,37.50585],[126.7995,37.50683],[126.82245,37.50607],[126.82224,37.5076],[126.82468,37.50833],[126.82324,37.51618],[126.82556,37.51985],[126.82521,37.52303],[126.82881,37.52651],[126.82814,37.52903],[126.82549,37.52982],[126.82351,37.53377],[126.82182,37.53487],[126.82215,37.54068],[126.81236,37.54071],[126.80732,37.54362],[126.80285,37.54308],[126.79898,37.54027],[126.79949,37.53786],[126.7944,37.53583],[126.79332,37.53973],[126.79475,37.54152],[126.79204,37.54181],[126.79175,37.54375],[126.78738,37.54586],[126.77759,37.54658],[126.77535,37.54907],[126.77174,37.54831],[126.7662,37.55413],[126.76649,37.55288],[126.76417,37.55082],[126.76501,37.55048],[126.76095,37.53786],[126.76032,37.5275]]]}},{"type":"Feature","id":"경기도_부천시_원미구","properties":{"id":"경기도_부천시_원미구","sido":"경기도","sigungu":"부천시 원미구","name":"부천시 원미구","parentCity":"부천시","center":[37.502433,126.782012],"dongCount":20},"geometry":{"type":"Polygon","coordinates":[[[126.74158,37.50893],[126.74362,37.50148],[126.74163,37.4951],[126.74242,37.48849],[126.76152,37.4871],[126.79181,37.48276],[126.80317,37.4824],[126.81446,37.48616],[126.82062,37.49076],[126.81439,37.4932],[126.81298,37.49629],[126.81436,37.49831],[126.81593,37.49764],[126.81976,37.49923],[126.81938,37.5005],[126.82159,37.50206],[126.82245,37.50607],[126.7995,37.50683],[126.7975,37.50585],[126.79437,37.50703],[126.79108,37.5068],[126.79025,37.51304],[126.79423,37.51583],[126.7938,37.51727],[126.7953,37.51757],[126.79533,37.52228],[126.79315,37.52246],[126.77144,37.51383],[126.76869,37.51544],[126.76856,37.51683],[126.76557,37.51799],[126.76012,37.51797],[126.75957,37.51556],[126.752,37.51641],[126.75059,37.51498],[126.74551,37.51465],[126.74375,37.51037],[126.74158,37.50893]]]}},{"type":"Feature","id":"경기도_성남시_분당구","properties":{"id":"경기도_성남시_분당구","sido":"경기도","sigungu":"성남시 분당구","name":"성남시 분당구","parentCity":"성남시","center":[37.375256,127.102137],"dongCount":22},"geometry":{"type":"Polygon","coordinates":[[[127.02708,37.37557],[127.02794,37.37214],[127.04609,37.36841],[127.04714,37.36666],[127.05288,37.3636],[127.05295,37.36113],[127.05414,37.36015],[127.06116,37.36072],[127.07052,37.35789],[127.07348,37.3554],[127.07521,37.35143],[127.07762,37.34908],[127.08356,37.35203],[127.0862,37.35153],[127.08817,37.34882],[127.09246,37.34713],[127.09699,37.34322],[127.10225,37.34241],[127.10397,37.33861],[127.11031,37.33464],[127.1134,37.33566],[127.11707,37.3334],[127.12072,37.33441],[127.12329,37.33701],[127.13047,37.33762],[127.13754,37.33988],[127.13802,37.34408],[127.13303,37.3484],[127.13286,37.35054],[127.13174,37.3512],[127.13394,37.35848],[127.13948,37.35996],[127.14443,37.35939],[127.15019,37.36135],[127.16052,37.37279],[127.16169,37.37971],[127.16794,37.38035],[127.17345,37.38267],[127.17719,37.38655],[127.16829,37.39268],[127.16836,37.39491],[127.17426,37.40543],[127.16467,37.40669],[127.15528,37.41077],[127.14655,37.41098],[127.14687,37.4125],[127.14265,37.41542],[127.13522,37.41689],[127.12212,37.41695],[127.11796,37.41521],[127.11834,37.41123],[127.11575,37.40901],[127.10657,37.40765],[127.10256,37.40971],[127.10027,37.40878],[127.09955,37.40723],[127.08937,37.40326],[127.08899,37.40097],[127.08401,37.39697],[127.07851,37.39911],[127.07451,37.39787],[127.06305,37.39866],[127.05625,37.4023],[127.04975,37.40365],[127.0437,37.40421],[127.03846,37.40197],[127.03739,37.40093],[127.03871,37.39107],[127.03536,37.38879],[127.02708,37.37557]]]}},{"type":"Feature","id":"경기도_성남시_수정구","properties":{"id":"경기도_성남시_수정구","sido":"경기도","sigungu":"성남시 수정구","name":"성남시 수정구","parentCity":"성남시","center":[37.435908,127.109279],"dongCount":17},"geometry":{"type":"Polygon","coordinates":[[[127.04163,37.42387],[127.04168,37.41563],[127.04705,37.41306],[127.04675,37.41076],[127.04268,37.4081],[127.0437,37.40421],[127.05587,37.40243],[127.06305,37.39866],[127.07451,37.39787],[127.07851,37.39911],[127.08401,37.39697],[127.08899,37.40097],[127.08937,37.40326],[127.09955,37.40723],[127.10027,37.40878],[127.10256,37.40971],[127.10657,37.40765],[127.11246,37.40783],[127.11665,37.40962],[127.11834,37.41123],[127.11796,37.41521],[127.11998,37.41927],[127.11779,37.4222],[127.11839,37.43233],[127.13681,37.43509],[127.15688,37.44505],[127.16085,37.45418],[127.1663,37.46067],[127.17369,37.46578],[127.17693,37.47147],[127.17596,37.4722],[127.17074,37.46995],[127.16462,37.4691],[127.16225,37.47042],[127.1628,37.47126],[127.15436,37.47173],[127.15445,37.47369],[127.13259,37.47485],[127.13187,37.46973],[127.13268,37.46823],[127.13056,37.46763],[127.12507,37.4689],[127.12383,37.4663],[127.11746,37.46217],[127.11675,37.45859],[127.11364,37.45974],[127.1134,37.46107],[127.10631,37.46254],[127.10473,37.46215],[127.1035,37.45963],[127.10056,37.45905],[127.09821,37.45879],[127.09632,37.46143],[127.09428,37.45652],[127.08832,37.44864],[127.08799,37.44506],[127.08543,37.44494],[127.08158,37.441],[127.07476,37.44242],[127.07165,37.4418],[127.07197,37.44001],[127.07338,37.43934],[127.07046,37.43006],[127.06816,37.43058],[127.06567,37.42901],[127.05797,37.43013],[127.05089,37.42965],[127.04747,37.43087],[127.04183,37.42691],[127.04163,37.42387]]]}},{"type":"Feature","id":"경기도_성남시_중원구","properties":{"id":"경기도_성남시_중원구","sido":"경기도","sigungu":"성남시 중원구","name":"성남시 중원구","parentCity":"성남시","center":[37.439594,127.156873],"dongCount":11},"geometry":{"type":"Polygon","coordinates":[[[127.11779,37.4222],[127.11998,37.41927],[127.11796,37.41521],[127.12212,37.41695],[127.13522,37.41689],[127.1436,37.41504],[127.14687,37.4125],[127.14655,37.41098],[127.15528,37.41077],[127.16467,37.40669],[127.17476,37.40562],[127.17767,37.41084],[127.17696,37.41465],[127.179,37.41582],[127.18489,37.41534],[127.18573,37.41868],[127.19464,37.42539],[127.19336,37.4261],[127.19523,37.43103],[127.1938,37.43354],[127.19366,37.43916],[127.19596,37.44388],[127.19359,37.45258],[127.19099,37.45735],[127.18216,37.45973],[127.18105,37.47329],[127.17773,37.47341],[127.17596,37.4722],[127.17691,37.47133],[127.174,37.46611],[127.1663,37.46067],[127.16085,37.45418],[127.15688,37.44505],[127.13681,37.43509],[127.11839,37.43233],[127.11779,37.4222]]]}},{"type":"Feature","id":"경기도_수원시_권선구","properties":{"id":"경기도_수원시_권선구","sido":"경기도","sigungu":"수원시 권선구","name":"수원시 권선구","parentCity":"수원시","center":[37.263689,126.9849],"dongCount":12},"geometry":{"type":"Polygon","coordinates":[[[126.92726,37.27143],[126.92901,37.26366],[126.93495,37.25705],[126.94653,37.2575],[126.95005,37.25584],[126.94998,37.25382],[126.95224,37.25147],[126.95337,37.24813],[126.95619,37.24677],[126.95796,37.2426],[126.95776,37.23976],[126.96695,37.23563],[126.96925,37.23067],[126.97199,37.22887],[126.97822,37.22957],[126.98036,37.23224],[126.98812,37.23359],[126.99265,37.23085],[127.00368,37.22929],[127.02166,37.22429],[127.02396,37.22718],[127.0229,37.22951],[127.02964,37.23201],[127.0367,37.2384],[127.04031,37.24465],[127.03956,37.247],[127.04254,37.25116],[127.03667,37.25652],[127.03046,37.2582],[127.03159,37.26106],[127.02935,37.26228],[127.02068,37.2645],[127.01358,37.2645],[127.00981,37.26765],[127.00719,37.2636],[127.00191,37.26415],[127.00102,37.2634],[126.99314,37.27737],[126.98587,37.27494],[126.98612,37.28282],[126.98386,37.28425],[126.98134,37.28352],[126.97877,37.28657],[126.97428,37.28552],[126.96958,37.28662],[126.96807,37.29426],[126.96367,37.29874],[126.96424,37.30272],[126.96108,37.30197],[126.9543,37.30314],[126.95174,37.30065],[126.94159,37.30102],[126.93276,37.30297],[126.93259,37.30076],[126.93547,37.29803],[126.93934,37.29692],[126.93955,37.29532],[126.93298,37.29163],[126.92929,37.28602],[126.92737,37.2788],[126.92868,37.27672],[126.92726,37.27143]]]}},{"type":"Feature","id":"경기도_수원시_영통구","properties":{"id":"경기도_수원시_영통구","sido":"경기도","sigungu":"수원시 영통구","name":"수원시 영통구","parentCity":"수원시","center":[37.276199,127.061444],"dongCount":12},"geometry":{"type":"Polygon","coordinates":[[[127.03231,37.30964],[127.03333,37.30704],[127.03258,37.29875],[127.0345,37.29542],[127.03393,37.2932],[127.03826,37.29299],[127.04322,37.29037],[127.03881,37.2848],[127.04079,37.28575],[127.04407,37.28543],[127.04173,37.28406],[127.04376,37.27915],[127.04405,37.27471],[127.04036,37.27587],[127.03699,37.27507],[127.03833,37.26946],[127.03479,37.26794],[127.03587,37.26639],[127.04041,37.26528],[127.03667,37.25652],[127.04254,37.25116],[127.03956,37.247],[127.04,37.24327],[127.041,37.24443],[127.04043,37.247],[127.04262,37.24675],[127.03913,37.23719],[127.04595,37.23279],[127.05131,37.23436],[127.05346,37.23358],[127.05383,37.23232],[127.05256,37.23106],[127.05827,37.23413],[127.06326,37.23917],[127.06709,37.24037],[127.06598,37.24105],[127.06621,37.24388],[127.06962,37.24619],[127.08004,37.24754],[127.08211,37.2494],[127.08244,37.25445],[127.0847,37.25661],[127.08378,37.25847],[127.08105,37.2585],[127.08105,37.25997],[127.0862,37.26477],[127.08553,37.27051],[127.07751,37.26698],[127.07761,37.2657],[127.07599,37.26573],[127.07763,37.26353],[127.0769,37.26139],[127.07521,37.26235],[127.0736,37.26611],[127.06995,37.26673],[127.06466,37.27111],[127.06793,37.27447],[127.06954,37.27874],[127.08413,37.28632],[127.08883,37.28697],[127.08831,37.29317],[127.09058,37.29714],[127.08988,37.29841],[127.08927,37.29764],[127.08559,37.29813],[127.0798,37.29535],[127.07934,37.29327],[127.06059,37.29658],[127.06096,37.30375],[127.05818,37.3049],[127.06062,37.31094],[127.05811,37.31337],[127.05774,37.31551],[127.04903,37.31592],[127.04067,37.32003],[127.03992,37.32134],[127.03889,37.32083],[127.03807,37.31616],[127.03423,37.31377],[127.03231,37.30964]]]}},{"type":"Feature","id":"경기도_수원시_장안구","properties":{"id":"경기도_수원시_장안구","sido":"경기도","sigungu":"수원시 장안구","name":"수원시 장안구","parentCity":"수원시","center":[37.318542,127.000497],"dongCount":10},"geometry":{"type":"Polygon","coordinates":[[[126.96108,37.30197],[126.96424,37.30272],[126.96367,37.29874],[126.96807,37.29426],[126.96958,37.28662],[126.97428,37.28552],[126.97877,37.28657],[126.97759,37.28843],[126.98437,37.29134],[126.98613,37.28941],[126.98842,37.28958],[126.99054,37.2862],[127.00064,37.28978],[127.00609,37.28589],[127.00921,37.28552],[127.01481,37.28945],[127.0187,37.28715],[127.02049,37.28728],[127.0251,37.28951],[127.02652,37.29129],[127.03342,37.29275],[127.0345,37.29542],[127.03258,37.29875],[127.03333,37.30704],[127.03231,37.30964],[127.03423,37.31377],[127.03807,37.31616],[127.03889,37.32083],[127.03992,37.32134],[127.03726,37.32637],[127.03827,37.3285],[127.03686,37.32944],[127.03486,37.33429],[127.03153,37.337],[127.03207,37.34238],[127.03344,37.34471],[127.01881,37.35156],[127.01851,37.35044],[127.01331,37.34783],[127.0091,37.33879],[127.00047,37.33849],[126.99141,37.33401],[126.98711,37.32945],[126.98278,37.32675],[126.98094,37.32659],[126.97119,37.33179],[126.96694,37.32408],[126.97,37.31692],[126.96771,37.31594],[126.96635,37.30821],[126.96108,37.30197]]]}},{"type":"Feature","id":"경기도_수원시_팔달구","properties":{"id":"경기도_수원시_팔달구","sido":"경기도","sigungu":"수원시 팔달구","name":"수원시 팔달구","parentCity":"수원시","center":[37.274943,127.010833],"dongCount":10},"geometry":{"type":"Polygon","coordinates":[[[126.97759,37.28843],[126.98134,37.28352],[126.98386,37.28425],[126.98655,37.28229],[126.98587,37.27494],[126.99314,37.27737],[127.00102,37.2634],[127.00191,37.26415],[127.00719,37.2636],[127.00981,37.26765],[127.01358,37.2645],[127.02068,37.2645],[127.03135,37.26154],[127.03046,37.2582],[127.03667,37.25652],[127.04041,37.26528],[127.03587,37.26639],[127.03479,37.26794],[127.03833,37.26946],[127.03699,37.27507],[127.04036,37.27587],[127.04405,37.27471],[127.04376,37.27915],[127.04173,37.28406],[127.04407,37.28543],[127.04079,37.28575],[127.03881,37.2848],[127.04322,37.29037],[127.03826,37.29299],[127.03393,37.2932],[127.02718,37.29155],[127.02049,37.28728],[127.0187,37.28715],[127.01481,37.28945],[127.00921,37.28552],[127.00609,37.28589],[127.00064,37.28978],[126.99054,37.2862],[126.98842,37.28958],[126.98613,37.28941],[126.98437,37.29134],[126.97759,37.28843]]]}},{"type":"Feature","id":"경기도_시흥시","properties":{"id":"경기도_시흥시","sido":"경기도","sigungu":"시흥시","name":"시흥시","parentCity":null,"center":[37.389963,126.776488],"dongCount":20},"geometry":{"type":"Polygon","coordinates":[[[126.67106,37.32989],[126.67604,37.3218],[126.67732,37.32152],[126.67716,37.32009],[126.6924,37.319],[126.70611,37.31044],[126.71716,37.30752],[126.73852,37.32968],[126.74765,37.32478],[126.74962,37.33345],[126.75777,37.33813],[126.7602,37.34105],[126.76394,37.34162],[126.76822,37.33942],[126.77638,37.34201],[126.7828,37.34006],[126.78405,37.33747],[126.78739,37.33857],[126.79209,37.34314],[126.79051,37.34798],[126.7908,37.35037],[126.79158,37.35248],[126.79528,37.35514],[126.80216,37.3531],[126.80578,37.35349],[126.81665,37.35765],[126.82644,37.36413],[126.83163,37.36165],[126.84075,37.36369],[126.84335,37.36329],[126.84825,37.36505],[126.85028,37.36203],[126.85343,37.36044],[126.86483,37.36152],[126.87155,37.36591],[126.87315,37.36851],[126.88191,37.37622],[126.87609,37.39466],[126.87758,37.39713],[126.877,37.40205],[126.85769,37.40224],[126.85374,37.40547],[126.85284,37.40829],[126.84683,37.41167],[126.8446,37.42097],[126.84551,37.42291],[126.84193,37.42638],[126.84004,37.43171],[126.84174,37.43443],[126.83975,37.4366],[126.83781,37.43693],[126.83883,37.4557],[126.83701,37.45601],[126.83835,37.45733],[126.83761,37.4584],[126.83628,37.45812],[126.83314,37.46035],[126.82928,37.45778],[126.82808,37.45962],[126.82379,37.45924],[126.82319,37.45835],[126.81774,37.45919],[126.81548,37.46098],[126.81323,37.45993],[126.81335,37.45872],[126.81184,37.45886],[126.80889,37.46209],[126.8041,37.4615],[126.79881,37.46454],[126.79652,37.46402],[126.79477,37.46572],[126.78927,37.46566],[126.78778,37.46684],[126.78791,37.46926],[126.78519,37.47006],[126.78432,37.47241],[126.77823,37.47179],[126.77796,37.47],[126.77984,37.46579],[126.77745,37.45752],[126.77829,37.45508],[126.77977,37.45433],[126.77832,37.45079],[126.77174,37.45027],[126.77071,37.44851],[126.76884,37.44293],[126.77131,37.43523],[126.77035,37.42905],[126.76737,37.42659],[126.76381,37.42576],[126.75968,37.42653],[126.75369,37.42254],[126.75505,37.41805],[126.75224,37.41448],[126.75058,37.40761],[126.74582,37.40117],[126.73654,37.39543],[126.73454,37.39204],[126.73351,37.38903],[126.73419,37.38755],[126.73549,37.38702],[126.73745,37.38822],[126.74055,37.3869],[126.73983,37.38547],[126.74205,37.38455],[126.74498,37.38854],[126.7457,37.38752],[126.74259,37.38264],[126.73282,37.3864],[126.7306,37.3862],[126.70045,37.35466],[126.7032,37.35127],[126.70114,37.35187],[126.70148,37.35069],[126.69291,37.34829],[126.68845,37.34886],[126.68559,37.34088],[126.69115,37.33921],[126.69149,37.33593],[126.67106,37.32989]]]}},{"type":"Feature","id":"경기도_안산시_단원구","properties":{"id":"경기도_안산시_단원구","sido":"경기도","sigungu":"안산시 단원구","name":"안산시 단원구","parentCity":"안산시","center":[37.223679,126.614449],"dongCount":12},"geometry":{"type":"MultiPolygon","coordinates":[[[[126.37971,37.10791],[126.37989,37.10448],[126.38202,37.10216],[126.38909,37.10179],[126.39365,37.099],[126.39773,37.10163],[126.39656,37.10908],[126.39486,37.11262],[126.38964,37.11525],[126.38201,37.11423],[126.37971,37.10791]]],[[[126.44855,37.09923],[126.45222,37.09473],[126.4563,37.09508],[126.45774,37.09627],[126.45211,37.10312],[126.45084,37.10279],[126.44855,37.09923]]],[[[126.4583,37.09159],[126.46146,37.08878],[126.46446,37.0887],[126.46525,37.08967],[126.46287,37.09369],[126.4583,37.09159]]],[[[126.46674,37.08395],[126.46928,37.08245],[126.46872,37.08437],[126.46674,37.08395]]],[[[126.53266,37.28878],[126.53895,37.28546],[126.53947,37.28265],[126.54861,37.27995],[126.54886,37.27654],[126.55083,37.27293],[126.5548,37.27108],[126.55501,37.26851],[126.55757,37.26673],[126.55878,37.26163],[126.55806,37.25957],[126.5595,37.2571],[126.56302,37.2562],[126.56224,37.25175],[126.55979,37.2486],[126.56036,37.24253],[126.56676,37.23717],[126.56581,37.23619],[126.55826,37.2371],[126.55671,37.23457],[126.55437,37.23361],[126.54444,37.23358],[126.54353,37.23224],[126.54399,37.22909],[126.54267,37.22814],[126.54038,37.22893],[126.54106,37.22326],[126.54256,37.22278],[126.54357,37.22444],[126.54621,37.22278],[126.5471,37.21567],[126.54323,37.21384],[126.54472,37.20662],[126.54063,37.20673],[126.53758,37.19984],[126.53498,37.19811],[126.53833,37.19842],[126.54234,37.20275],[126.54252,37.2057],[126.54939,37.20488],[126.55301,37.20363],[126.55915,37.19921],[126.56178,37.1933],[126.56896,37.20088],[126.56857,37.20449],[126.57298,37.20934],[126.57658,37.21732],[126.57657,37.22056],[126.58515,37.22059],[126.58735,37.21794],[126.58844,37.21362],[126.59071,37.21328],[126.59526,37.21407],[126.59644,37.2161],[126.60165,37.21819],[126.60147,37.22087],[126.60317,37.21628],[126.59814,37.21111],[126.60294,37.20762],[126.6054,37.21199],[126.60771,37.21118],[126.60808,37.20928],[126.61432,37.20729],[126.61583,37.20923],[126.61256,37.21444],[126.61162,37.21902],[126.60733,37.22265],[126.60255,37.2242],[126.59951,37.2269],[126.6028,37.23018],[126.61004,37.22957],[126.60995,37.23263],[126.61121,37.23376],[126.61324,37.233],[126.61498,37.23064],[126.61928,37.22932],[126.6195,37.23313],[126.6218,37.23612],[126.62424,37.23535],[126.6234,37.22699],[126.62526,37.22313],[126.62791,37.22215],[126.62921,37.218],[126.63941,37.21555],[126.64683,37.21077],[126.64583,37.20696],[126.64178,37.20592],[126.64232,37.20137],[126.64059,37.19793],[126.64562,37.19166],[126.64755,37.19289],[126.65131,37.19974],[126.6463,37.20428],[126.64666,37.20571],[126.65204,37.20732],[126.65434,37.21071],[126.65322,37.21348],[126.65168,37.21368],[126.65089,37.20978],[126.64762,37.20885],[126.64974,37.21825],[126.65164,37.22042],[126.65054,37.22529],[126.6423,37.22947],[126.62259,37.23664],[126.62642,37.24408],[126.62339,37.24325],[126.61928,37.24616],[126.62117,37.24829],[126.61456,37.25046],[126.61822,37.2574],[126.61634,37.25898],[126.60912,37.26058],[126.60879,37.26304],[126.60768,37.26339],[126.59686,37.26243],[126.59068,37.26412],[126.58552,37.26864],[126.58707,37.27219],[126.58306,37.27393],[126.58131,37.27307],[126.57256,37.27615],[126.57075,37.27271],[126.56925,37.27205],[126.57022,37.27985],[126.5721,37.2824],[126.57516,37.28434],[126.57626,37.28722],[126.58219,37.28855],[126.58615,37.293],[126.58406,37.29431],[126.5814,37.29168],[126.57976,37.29186],[126.57923,37.29324],[126.61478,37.31257],[126.64666,37.32176],[126.64525,37.32447],[126.6122,37.31513],[126.579,37.29596],[126.57208,37.29872],[126.57081,37.29819],[126.5712,37.29628],[126.57371,37.29609],[126.5771,37.29094],[126.5695,37.28536],[126.56802,37.28573],[126.56529,37.28375],[126.56546,37.28282],[126.56767,37.28256],[126.56774,37.28135],[126.5604,37.27754],[126.55685,37.27784],[126.55646,37.2793],[126.55776,37.28167],[126.55637,37.28374],[126.55185,37.28188],[126.54764,37.28451],[126.54164,37.28563],[126.53515,37.28916],[126.53266,37.28878]]],[[[126.61235,37.22839],[126.61394,37.22775],[126.61519,37.2294],[126.6135,37.23004],[126.61235,37.22839]]],[[[126.61395,37.22513],[126.61468,37.22353],[126.61805,37.22378],[126.6171,37.22852],[126.61602,37.22859],[126.61395,37.22513]]],[[[126.62683,37.24927],[126.62843,37.24724],[126.6312,37.2499],[126.63,37.25092],[126.62683,37.24927]]],[[[126.62993,37.18609],[126.63025,37.18541],[126.63379,37.18741],[126.64013,37.18873],[126.63302,37.1889],[126.62993,37.18609]]],[[[126.71716,37.30752],[126.72558,37.30232],[126.77258,37.28941],[126.80418,37.29625],[126.8067,37.29778],[126.80715,37.29929],[126.81632,37.29801],[126.82099,37.30363],[126.82371,37.30441],[126.83545,37.3035],[126.84126,37.30554],[126.84325,37.31743],[126.84102,37.3203],[126.84146,37.33422],[126.8371,37.33903],[126.84183,37.3428],[126.83634,37.34536],[126.83454,37.34995],[126.83712,37.35256],[126.83696,37.35577],[126.839,37.35858],[126.84056,37.35894],[126.84075,37.36369],[126.83163,37.36165],[126.82644,37.36413],[126.81665,37.35765],[126.80547,37.35342],[126.80216,37.3531],[126.79528,37.35514],[126.79158,37.35248],[126.7908,37.35037],[126.79051,37.34798],[126.79209,37.34314],[126.78739,37.33857],[126.78405,37.33747],[126.7828,37.34006],[126.77638,37.34201],[126.76822,37.33942],[126.76394,37.34162],[126.7602,37.34105],[126.75777,37.33813],[126.74962,37.33345],[126.74765,37.32478],[126.73852,37.32968],[126.71716,37.30752]]]]}},{"type":"Feature","id":"경기도_안산시_상록구","properties":{"id":"경기도_안산시_상록구","sido":"경기도","sigungu":"안산시 상록구","name":"안산시 상록구","parentCity":"안산시","center":[37.322091,126.874647],"dongCount":13},"geometry":{"type":"Polygon","coordinates":[[[126.81392,37.29505],[126.82165,37.2908],[126.82775,37.29159],[126.82848,37.2889],[126.82574,37.28881],[126.828,37.2798],[126.83781,37.27541],[126.83884,37.27143],[126.84128,37.26865],[126.84717,37.26575],[126.85272,37.27204],[126.85822,37.27418],[126.87132,37.27471],[126.87667,37.27772],[126.87815,37.27923],[126.87853,37.28395],[126.87969,37.28567],[126.88618,37.28053],[126.89091,37.28202],[126.89287,37.28645],[126.89955,37.2902],[126.89841,37.294],[126.9015,37.29098],[126.90555,37.28989],[126.91198,37.29015],[126.91385,37.29147],[126.91756,37.28539],[126.92737,37.2788],[126.92929,37.28602],[126.93298,37.29163],[126.93955,37.29532],[126.93934,37.29692],[126.93547,37.29803],[126.93259,37.30076],[126.93295,37.30305],[126.93052,37.30521],[126.93043,37.30706],[126.91528,37.30558],[126.91433,37.31131],[126.91551,37.31514],[126.91044,37.31677],[126.91093,37.31777],[126.9077,37.32188],[126.89503,37.31917],[126.89153,37.31978],[126.88774,37.31791],[126.88316,37.32086],[126.87812,37.31946],[126.87421,37.32086],[126.87465,37.32209],[126.87336,37.32307],[126.87275,37.3263],[126.87398,37.32995],[126.87672,37.33265],[126.88071,37.33347],[126.88536,37.3382],[126.88683,37.34032],[126.88731,37.34675],[126.88867,37.34944],[126.89192,37.3514],[126.894,37.35562],[126.89724,37.35807],[126.89561,37.36014],[126.8911,37.37527],[126.88649,37.37658],[126.88191,37.37622],[126.87315,37.36851],[126.87155,37.36591],[126.86483,37.36152],[126.85449,37.36029],[126.85028,37.36203],[126.84825,37.36505],[126.84335,37.36329],[126.84075,37.36369],[126.84056,37.35894],[126.839,37.35858],[126.83696,37.35577],[126.83712,37.35256],[126.83454,37.34995],[126.83634,37.34536],[126.84183,37.3428],[126.8371,37.33903],[126.84146,37.33422],[126.84102,37.3203],[126.84325,37.31743],[126.84191,37.30615],[126.83574,37.30352],[126.82371,37.30441],[126.82099,37.30363],[126.81392,37.29505]]]}},{"type":"Feature","id":"경기도_안성시","properties":{"id":"경기도_안성시","sido":"경기도","sigungu":"안성시","name":"안성시","parentCity":null,"center":[37.024712,127.310457],"dongCount":15},"geometry":{"type":"Polygon","coordinates":[[[127.10231,37.06868],[127.10404,37.06615],[127.10653,37.06493],[127.11398,37.06509],[127.11847,37.06267],[127.1257,37.06469],[127.12817,37.06347],[127.13063,37.05823],[127.12739,37.05252],[127.12218,37.05042],[127.11967,37.04609],[127.11477,37.04216],[127.11005,37.0409],[127.10529,37.03575],[127.10849,37.03178],[127.11694,37.02721],[127.11884,37.03163],[127.12231,37.03506],[127.12633,37.03333],[127.13719,37.03387],[127.15307,37.02947],[127.15253,37.02155],[127.14537,37.01668],[127.14428,37.01401],[127.14481,37.01115],[127.14885,37.00817],[127.15108,37.00251],[127.15226,37.00258],[127.15392,36.99776],[127.14478,36.99722],[127.13618,36.99337],[127.13456,36.98929],[127.13061,36.98668],[127.13123,36.98564],[127.13637,36.98472],[127.13643,36.98293],[127.14114,36.97971],[127.14112,36.97872],[127.13641,36.98007],[127.13719,36.97849],[127.13398,36.9768],[127.12451,36.97679],[127.12515,36.97524],[127.1195,36.96913],[127.13174,36.96502],[127.13458,36.96611],[127.13564,36.96784],[127.1443,36.97151],[127.15381,36.96942],[127.15677,36.96723],[127.15539,36.96572],[127.16505,36.96202],[127.17234,36.96319],[127.17604,36.96207],[127.17587,36.96106],[127.17799,36.9598],[127.17767,36.95827],[127.18798,36.95524],[127.19011,36.95286],[127.20189,36.95211],[127.20448,36.95015],[127.20683,36.94608],[127.20589,36.94178],[127.21167,36.93788],[127.20983,36.93244],[127.21073,36.93041],[127.22021,36.9303],[127.22885,36.92439],[127.23609,36.92383],[127.23758,36.92065],[127.24402,36.9174],[127.24821,36.91921],[127.24976,36.92144],[127.25312,36.92226],[127.25913,36.91561],[127.27176,36.91331],[127.27491,36.90832],[127.28033,36.90427],[127.27953,36.90024],[127.28856,36.89353],[127.2898,36.89382],[127.29067,36.89685],[127.29779,36.90263],[127.30408,36.91514],[127.29566,36.92889],[127.29706,36.92983],[127.30915,36.92909],[127.31503,36.93222],[127.31649,36.93465],[127.32318,36.93643],[127.32703,36.93578],[127.33867,36.94277],[127.34305,36.94352],[127.34351,36.94798],[127.34974,36.95257],[127.3551,36.95167],[127.35789,36.94748],[127.36205,36.94927],[127.37252,36.94929],[127.3755,36.94818],[127.37853,36.95147],[127.37863,36.9558],[127.38006,36.95855],[127.38538,36.95914],[127.38759,36.96407],[127.39807,36.96432],[127.40186,36.96775],[127.39412,36.9773],[127.38608,36.98139],[127.38492,36.98366],[127.3907,36.99088],[127.39254,36.9965],[127.39404,36.99794],[127.40815,36.99818],[127.41203,37.00028],[127.41509,36.99966],[127.4222,37.00477],[127.42973,37.00188],[127.44111,37.01162],[127.4467,37.01103],[127.44952,37.01814],[127.45428,37.02143],[127.45787,37.02047],[127.45885,37.02256],[127.4593,37.02719],[127.45784,37.03021],[127.45975,37.03648],[127.45716,37.04203],[127.46034,37.04623],[127.46843,37.05065],[127.46804,37.053],[127.48939,37.05242],[127.49355,37.05653],[127.49781,37.05718],[127.50481,37.06039],[127.50846,37.06407],[127.50679,37.06932],[127.51254,37.07135],[127.51474,37.07617],[127.51407,37.07801],[127.51492,37.08026],[127.5186,37.08244],[127.51562,37.08572],[127.51482,37.09344],[127.51348,37.09557],[127.51053,37.09677],[127.51091,37.09932],[127.5146,37.10112],[127.51364,37.10493],[127.50774,37.10578],[127.50394,37.10954],[127.50294,37.11823],[127.49882,37.12348],[127.4968,37.12449],[127.49248,37.12309],[127.46996,37.12954],[127.45835,37.13015],[127.45345,37.13524],[127.44802,37.14419],[127.44971,37.14614],[127.44967,37.1486],[127.44538,37.14943],[127.43884,37.148],[127.43269,37.14879],[127.42729,37.14592],[127.42586,37.14304],[127.42615,37.13643],[127.42418,37.13113],[127.42091,37.12607],[127.41501,37.12283],[127.41257,37.11943],[127.41398,37.11621],[127.42027,37.11573],[127.42566,37.11311],[127.42307,37.11119],[127.42459,37.10944],[127.42107,37.10651],[127.42418,37.0997],[127.42172,37.09728],[127.41628,37.09574],[127.41612,37.09309],[127.40197,37.09388],[127.39899,37.09538],[127.39382,37.10438],[127.39408,37.10544],[127.38903,37.10832],[127.38414,37.10594],[127.3792,37.1052],[127.37888,37.10294],[127.37695,37.1011],[127.37436,37.10262],[127.373,37.10582],[127.35904,37.10757],[127.35507,37.10373],[127.35442,37.1006],[127.3528,37.10001],[127.34768,37.10357],[127.34343,37.10402],[127.33969,37.10932],[127.33336,37.11174],[127.32959,37.11881],[127.32672,37.11944],[127.31636,37.10984],[127.31328,37.10947],[127.31063,37.10538],[127.3057,37.10711],[127.3034,37.1117],[127.2998,37.11249],[127.29908,37.11684],[127.29714,37.12033],[127.29324,37.12293],[127.29231,37.12665],[127.28788,37.13147],[127.28627,37.13202],[127.28425,37.13078],[127.28206,37.134],[127.27436,37.13364],[127.27307,37.13501],[127.27193,37.14103],[127.27312,37.14331],[127.26803,37.14933],[127.26954,37.15144],[127.26877,37.15424],[127.26386,37.15589],[127.26047,37.15207],[127.25548,37.15134],[127.2535,37.14686],[127.25026,37.14524],[127.25371,37.13809],[127.25116,37.1336],[127.25338,37.129],[127.25116,37.12312],[127.23645,37.12125],[127.23386,37.11768],[127.22939,37.11713],[127.22617,37.11394],[127.22322,37.1129],[127.22016,37.11343],[127.21205,37.11057],[127.20932,37.11227],[127.20861,37.1101],[127.20983,37.10765],[127.20943,37.10558],[127.19891,37.09686],[127.19527,37.08907],[127.19238,37.08709],[127.1889,37.08661],[127.18623,37.08449],[127.18212,37.08707],[127.17904,37.08761],[127.17626,37.08767],[127.17308,37.08587],[127.1662,37.0866],[127.1618,37.0889],[127.1537,37.09101],[127.14628,37.09141],[127.14211,37.08783],[127.13734,37.08914],[127.13579,37.09169],[127.13385,37.09241],[127.12594,37.09063],[127.12306,37.09135],[127.12639,37.08227],[127.12421,37.07754],[127.12145,37.07641],[127.10364,37.07575],[127.10482,37.07442],[127.10272,37.073],[127.10231,37.06868]]]}},{"type":"Feature","id":"경기도_안양시_동안구","properties":{"id":"경기도_안양시_동안구","sido":"경기도","sigungu":"안양시 동안구","name":"안양시 동안구","parentCity":"안양시","center":[37.401162,126.955098],"dongCount":17},"geometry":{"type":"Polygon","coordinates":[[[126.92752,37.40734],[126.92784,37.40083],[126.93149,37.39742],[126.94134,37.39182],[126.9413,37.38613],[126.93904,37.38068],[126.94669,37.37566],[126.94555,37.37303],[126.94707,37.36998],[126.95034,37.36737],[126.95702,37.36603],[126.96214,37.36156],[126.96613,37.36219],[126.96434,37.36515],[126.96537,37.37198],[126.97223,37.38126],[126.9728,37.38677],[126.98171,37.39415],[126.97951,37.39589],[126.98268,37.40035],[126.97615,37.4061],[126.97526,37.4126],[126.97376,37.41496],[126.96402,37.41913],[126.96263,37.42106],[126.96091,37.42603],[126.96264,37.43107],[126.96424,37.43139],[126.96431,37.43764],[126.96548,37.44031],[126.94822,37.43852],[126.94893,37.42987],[126.94802,37.42231],[126.94631,37.42171],[126.94742,37.42136],[126.94181,37.41908],[126.93655,37.41354],[126.9294,37.41339],[126.92752,37.40734]]]}},{"type":"Feature","id":"경기도_안양시_만안구","properties":{"id":"경기도_안양시_만안구","sido":"경기도","sigungu":"안양시 만안구","name":"안양시 만안구","parentCity":"안양시","center":[37.403531,126.909613],"dongCount":14},"geometry":{"type":"Polygon","coordinates":[[[126.8703,37.40811],[126.87078,37.40674],[126.87541,37.40679],[126.87741,37.40475],[126.87758,37.39713],[126.87609,37.39466],[126.88191,37.37622],[126.88649,37.37658],[126.8911,37.37527],[126.89605,37.35938],[126.90097,37.35687],[126.90408,37.35699],[126.90759,37.36033],[126.91483,37.37541],[126.91753,37.37678],[126.92695,37.37764],[126.94008,37.37585],[126.94119,37.37676],[126.94082,37.37913],[126.93901,37.38111],[126.9413,37.38613],[126.94134,37.39182],[126.93149,37.39742],[126.92784,37.40083],[126.92752,37.40734],[126.9294,37.41339],[126.93655,37.41354],[126.94181,37.41908],[126.94742,37.42136],[126.94631,37.42171],[126.94802,37.42231],[126.94893,37.42987],[126.94822,37.43852],[126.94492,37.43704],[126.9414,37.43741],[126.94021,37.43572],[126.93864,37.43605],[126.93727,37.43845],[126.93785,37.44018],[126.93537,37.44285],[126.93051,37.44529],[126.93103,37.44782],[126.92875,37.45019],[126.92212,37.44517],[126.91943,37.44078],[126.91433,37.44004],[126.91236,37.43859],[126.90873,37.43382],[126.90447,37.43406],[126.89965,37.43745],[126.89781,37.43102],[126.89407,37.42903],[126.89657,37.42776],[126.89648,37.42562],[126.89396,37.42168],[126.88895,37.41887],[126.88891,37.41256],[126.87994,37.41019],[126.87124,37.41255],[126.8703,37.40811]]]}},{"type":"Feature","id":"경기도_양주시","properties":{"id":"경기도_양주시","sido":"경기도","sigungu":"양주시","name":"양주시","parentCity":null,"center":[37.805369,127.012198],"dongCount":12},"geometry":{"type":"Polygon","coordinates":[[[126.90231,37.82472],[126.90562,37.82005],[126.91022,37.81648],[126.90879,37.81051],[126.91164,37.80824],[126.91191,37.80615],[126.90555,37.8021],[126.90389,37.79095],[126.9146,37.79168],[126.91952,37.79039],[126.92128,37.78821],[126.92721,37.78508],[126.9321,37.78878],[126.93812,37.78694],[126.93338,37.77994],[126.93629,37.77421],[126.9328,37.77069],[126.93391,37.76758],[126.92869,37.75759],[126.93165,37.75536],[126.932,37.75392],[126.92974,37.74812],[126.93299,37.74538],[126.93006,37.74284],[126.93102,37.73751],[126.93006,37.7359],[126.92643,37.73513],[126.92189,37.73018],[126.92341,37.72857],[126.92307,37.72501],[126.92504,37.71991],[126.92047,37.71368],[126.92454,37.71173],[126.92467,37.70787],[126.92174,37.69903],[126.91415,37.68791],[126.9145,37.679],[126.91138,37.67439],[126.90827,37.67397],[126.90688,37.67542],[126.90609,37.67395],[126.90805,37.67026],[126.91134,37.6687],[126.92036,37.66959],[126.92043,37.67146],[126.92178,37.67193],[126.92803,37.6707],[126.93195,37.67236],[126.93982,37.67076],[126.94293,37.67309],[126.94458,37.67645],[126.94308,37.67943],[126.94479,37.68513],[126.95101,37.68772],[126.95444,37.69265],[126.95996,37.69149],[126.96577,37.69236],[126.97299,37.68668],[126.98086,37.68594],[126.98928,37.68155],[126.99116,37.67941],[126.9938,37.68025],[126.99799,37.68382],[127.00386,37.68514],[127.00863,37.68487],[127.00884,37.69461],[127.01195,37.69824],[127.01494,37.69855],[127.01547,37.70328],[127.01953,37.70804],[127.01338,37.71416],[127.01276,37.71651],[127.01414,37.71921],[127.0115,37.72235],[127.01263,37.72576],[127.00873,37.72807],[127.0098,37.73012],[127.0022,37.74057],[127.00457,37.74318],[127.00243,37.74458],[127.00298,37.74984],[127.0021,37.7514],[127.00334,37.75307],[127.00128,37.759],[127.00227,37.76276],[127.01871,37.76859],[127.02547,37.76695],[127.03508,37.76772],[127.04117,37.76674],[127.05086,37.76094],[127.05459,37.76237],[127.06025,37.76212],[127.07045,37.76583],[127.07405,37.7685],[127.07914,37.76953],[127.08468,37.77361],[127.09471,37.77718],[127.10346,37.77868],[127.10592,37.78055],[127.10595,37.78318],[127.11293,37.7885],[127.11639,37.79438],[127.11806,37.79996],[127.11714,37.80412],[127.11875,37.80904],[127.12209,37.8132],[127.12019,37.81736],[127.12189,37.82815],[127.12039,37.83092],[127.1182,37.83232],[127.11715,37.83454],[127.11795,37.83643],[127.11567,37.83854],[127.11615,37.84391],[127.11485,37.85034],[127.11036,37.85557],[127.10919,37.85985],[127.10705,37.86238],[127.10339,37.8654],[127.09598,37.8674],[127.09147,37.87121],[127.08788,37.87208],[127.0775,37.87102],[127.07373,37.87279],[127.06842,37.87064],[127.06606,37.87165],[127.06255,37.86921],[127.06039,37.86935],[127.04825,37.88288],[127.04626,37.89385],[127.03623,37.89593],[127.02877,37.89893],[127.02443,37.89789],[127.0209,37.9006],[127.01071,37.90447],[127.01056,37.91034],[127.0079,37.91615],[127.01279,37.91856],[127.01291,37.91975],[127.00904,37.92505],[127.00971,37.92916],[127.00259,37.93325],[127.00131,37.93303],[127.0012,37.93561],[126.9997,37.93562],[126.99962,37.93309],[126.9932,37.93451],[126.99197,37.93758],[126.98941,37.93628],[126.98545,37.93889],[126.98101,37.93746],[126.97336,37.94203],[126.97032,37.94203],[126.96689,37.93934],[126.96482,37.93902],[126.96409,37.93294],[126.96505,37.92824],[126.96184,37.92527],[126.962,37.92291],[126.96002,37.92016],[126.95633,37.92234],[126.9496,37.91897],[126.95473,37.91247],[126.95316,37.90871],[126.94918,37.90535],[126.94673,37.89964],[126.94854,37.89675],[126.946,37.88846],[126.94808,37.88465],[126.94649,37.88047],[126.9471,37.87947],[126.94426,37.87363],[126.94634,37.86699],[126.93977,37.85699],[126.93887,37.8525],[126.93562,37.84939],[126.93451,37.84624],[126.93649,37.84079],[126.93298,37.83857],[126.92728,37.83805],[126.92533,37.84159],[126.91393,37.84107],[126.91238,37.84024],[126.91193,37.83846],[126.913,37.83603],[126.91136,37.82864],[126.90299,37.82639],[126.90231,37.82472]]]}},{"type":"Feature","id":"경기도_양평군","properties":{"id":"경기도_양평군","sido":"경기도","sigungu":"양평군","name":"양평군","parentCity":null,"center":[37.519294,127.57712],"dongCount":12},"geometry":{"type":"Polygon","coordinates":[[[127.30477,37.52499],[127.3071,37.51638],[127.31736,37.52921],[127.32596,37.53414],[127.34906,37.53561],[127.35706,37.53361],[127.36549,37.52888],[127.38073,37.50428],[127.38356,37.50262],[127.38046,37.49001],[127.38881,37.47563],[127.38653,37.46992],[127.38698,37.46736],[127.38521,37.4599],[127.3821,37.45843],[127.37449,37.45838],[127.36771,37.45629],[127.37214,37.45199],[127.37247,37.44481],[127.38231,37.44313],[127.38448,37.43446],[127.38929,37.42882],[127.39488,37.42611],[127.40063,37.42138],[127.40738,37.43009],[127.41462,37.43217],[127.42287,37.43951],[127.42862,37.43666],[127.4426,37.43408],[127.45548,37.42855],[127.47093,37.42537],[127.47304,37.42299],[127.4723,37.42261],[127.47431,37.42233],[127.47965,37.42366],[127.48523,37.43223],[127.48919,37.43381],[127.49811,37.43313],[127.50801,37.43981],[127.52286,37.43474],[127.52789,37.42987],[127.53152,37.42427],[127.5354,37.4171],[127.53696,37.41131],[127.54017,37.41166],[127.54395,37.41002],[127.5497,37.41051],[127.55416,37.41728],[127.55613,37.41776],[127.56004,37.41753],[127.56629,37.41382],[127.57116,37.41291],[127.57175,37.41164],[127.58186,37.41687],[127.5832,37.41696],[127.58419,37.41424],[127.58556,37.41412],[127.58851,37.41732],[127.58748,37.41985],[127.59056,37.42279],[127.59354,37.4198],[127.59429,37.42067],[127.60012,37.42063],[127.61114,37.41552],[127.61694,37.41485],[127.62026,37.40901],[127.62657,37.41331],[127.63538,37.41347],[127.64144,37.40857],[127.64293,37.40602],[127.64602,37.40462],[127.65213,37.40764],[127.65413,37.41269],[127.65847,37.41749],[127.66844,37.41189],[127.68515,37.41256],[127.68747,37.41123],[127.68639,37.39944],[127.69491,37.40341],[127.6987,37.40741],[127.70779,37.41067],[127.7104,37.40658],[127.71359,37.4054],[127.7157,37.40164],[127.71436,37.39849],[127.7046,37.39255],[127.70336,37.38788],[127.706,37.3832],[127.70294,37.38059],[127.70131,37.37388],[127.70742,37.37009],[127.71102,37.37173],[127.71647,37.36998],[127.71828,37.37108],[127.72446,37.37134],[127.72828,37.37479],[127.73205,37.37567],[127.73867,37.3714],[127.74578,37.3689],[127.75241,37.36923],[127.75948,37.36704],[127.76316,37.3699],[127.76989,37.36948],[127.7778,37.3712],[127.77717,37.37672],[127.77585,37.37842],[127.77659,37.38324],[127.78095,37.38679],[127.78314,37.39027],[127.78238,37.39208],[127.78442,37.39577],[127.78369,37.39861],[127.78787,37.40133],[127.7879,37.40541],[127.78942,37.40691],[127.79461,37.42425],[127.79749,37.42664],[127.80196,37.42718],[127.80396,37.42908],[127.80305,37.43432],[127.79862,37.44238],[127.79955,37.45168],[127.79656,37.45979],[127.79635,37.46361],[127.80056,37.46816],[127.79968,37.47219],[127.79491,37.47272],[127.78793,37.47598],[127.78205,37.48165],[127.7806,37.48818],[127.77627,37.48843],[127.77448,37.49165],[127.76541,37.49309],[127.76033,37.49234],[127.75923,37.49656],[127.76007,37.49973],[127.75936,37.50366],[127.76486,37.50272],[127.77394,37.50609],[127.78114,37.513],[127.78399,37.51219],[127.79014,37.51906],[127.79675,37.52357],[127.79653,37.52851],[127.80507,37.53024],[127.80652,37.53134],[127.80638,37.53501],[127.8095,37.53674],[127.8151,37.53653],[127.82193,37.53802],[127.82862,37.53639],[127.83238,37.53827],[127.8424,37.53902],[127.84668,37.54402],[127.84635,37.54779],[127.8491,37.54959],[127.84945,37.55321],[127.84614,37.55419],[127.83995,37.5595],[127.83711,37.56046],[127.82686,37.56075],[127.8129,37.56464],[127.81045,37.56867],[127.81033,37.57285],[127.80487,37.5752],[127.80426,37.57886],[127.80037,37.58213],[127.79335,37.58541],[127.7884,37.57949],[127.78596,37.57855],[127.77561,37.58005],[127.76703,37.5826],[127.76458,37.58581],[127.75349,37.59188],[127.73947,37.58716],[127.72104,37.59068],[127.71598,37.58814],[127.71369,37.58884],[127.70812,37.5864],[127.70625,37.58857],[127.7008,37.58968],[127.69794,37.59158],[127.70025,37.59667],[127.69653,37.60037],[127.6872,37.60433],[127.68594,37.60673],[127.66756,37.61733],[127.66368,37.62402],[127.65241,37.62267],[127.64944,37.62473],[127.64688,37.63292],[127.63937,37.63288],[127.62756,37.64262],[127.62522,37.64273],[127.6234,37.64138],[127.62015,37.64306],[127.61613,37.64717],[127.61294,37.64599],[127.61085,37.64694],[127.60722,37.65103],[127.60235,37.65134],[127.5986,37.64674],[127.58568,37.64211],[127.58322,37.63903],[127.58367,37.63596],[127.58202,37.63413],[127.57192,37.6322],[127.56457,37.63307],[127.55898,37.62845],[127.55988,37.62736],[127.55981,37.62341],[127.56517,37.62008],[127.56759,37.61566],[127.57075,37.61367],[127.56956,37.60831],[127.56615,37.60796],[127.5623,37.60435],[127.56244,37.60001],[127.55908,37.59423],[127.56152,37.58706],[127.56025,37.58308],[127.55469,37.58421],[127.55245,37.58608],[127.53788,37.58461],[127.53606,37.58584],[127.52178,37.58641],[127.51296,37.57812],[127.49834,37.57184],[127.4911,37.57378],[127.49012,37.57498],[127.47473,37.57725],[127.47159,37.57989],[127.46941,37.59106],[127.47091,37.59495],[127.4726,37.59641],[127.47314,37.60022],[127.47351,37.60792],[127.47217,37.60928],[127.47118,37.62113],[127.46835,37.62467],[127.4626,37.62493],[127.45827,37.62997],[127.45558,37.63691],[127.45227,37.63889],[127.44863,37.64447],[127.44485,37.64777],[127.44191,37.64679],[127.43808,37.64789],[127.43723,37.6514],[127.43477,37.65361],[127.44138,37.6598],[127.42815,37.67154],[127.42509,37.66563],[127.42217,37.66393],[127.41644,37.66337],[127.4121,37.66019],[127.40813,37.65988],[127.40124,37.65449],[127.39943,37.65086],[127.38005,37.65142],[127.37328,37.64767],[127.37113,37.64819],[127.36598,37.64005],[127.35216,37.62779],[127.34617,37.61479],[127.34049,37.58912],[127.32133,37.55835],[127.30955,37.54179],[127.30477,37.52499]]]}},{"type":"Feature","id":"경기도_여주시","properties":{"id":"경기도_여주시","sido":"경기도","sigungu":"여주시","name":"여주시","parentCity":null,"center":[37.287423,127.583392],"dongCount":12},"geometry":{"type":"Polygon","coordinates":[[[127.39821,37.41575],[127.40343,37.41055],[127.40964,37.40776],[127.41197,37.40517],[127.41281,37.3982],[127.41742,37.38949],[127.42028,37.38661],[127.42516,37.38577],[127.42974,37.38803],[127.43543,37.38642],[127.4425,37.38738],[127.44448,37.38552],[127.44528,37.38133],[127.44367,37.37613],[127.44376,37.36979],[127.44603,37.36091],[127.44246,37.35844],[127.44884,37.35219],[127.4548,37.35412],[127.46022,37.3582],[127.46468,37.35836],[127.47049,37.36152],[127.48387,37.35057],[127.48724,37.34905],[127.48952,37.34236],[127.49979,37.33973],[127.50209,37.33791],[127.51376,37.33931],[127.52054,37.33026],[127.52668,37.32966],[127.52919,37.32661],[127.52654,37.32247],[127.52965,37.32018],[127.5288,37.3162],[127.53556,37.31353],[127.54261,37.31306],[127.54607,37.31092],[127.54639,37.30143],[127.54273,37.29475],[127.53681,37.2897],[127.53438,37.28928],[127.52919,37.27352],[127.53274,37.2573],[127.53707,37.25161],[127.53737,37.24663],[127.52521,37.23975],[127.52696,37.22946],[127.5255,37.22757],[127.52761,37.22739],[127.53008,37.21779],[127.52987,37.21177],[127.53147,37.20823],[127.53147,37.20535],[127.53008,37.20276],[127.53109,37.19813],[127.52793,37.19699],[127.5196,37.18761],[127.51597,37.18532],[127.51741,37.18481],[127.51755,37.18213],[127.52286,37.18124],[127.52659,37.17602],[127.52679,37.17346],[127.53005,37.17293],[127.55271,37.17541],[127.55669,37.17704],[127.55876,37.18088],[127.56618,37.1764],[127.57051,37.17023],[127.57761,37.17623],[127.57236,37.18458],[127.57637,37.18916],[127.57815,37.1895],[127.58048,37.18747],[127.58381,37.18696],[127.596,37.18963],[127.5981,37.18793],[127.5993,37.18311],[127.60167,37.18337],[127.60484,37.17891],[127.61239,37.17338],[127.6158,37.16334],[127.61947,37.16244],[127.62659,37.16596],[127.63059,37.16603],[127.63117,37.16391],[127.62876,37.1538],[127.63263,37.15251],[127.6387,37.15308],[127.64181,37.15138],[127.64761,37.15075],[127.65486,37.14588],[127.66014,37.13977],[127.66576,37.13924],[127.66839,37.1366],[127.67973,37.13654],[127.68743,37.1351],[127.69533,37.14027],[127.69403,37.14407],[127.69441,37.14964],[127.69618,37.15232],[127.70084,37.15381],[127.70399,37.15649],[127.70513,37.16307],[127.70458,37.16664],[127.70713,37.17066],[127.70967,37.17211],[127.71097,37.17642],[127.71803,37.18379],[127.72118,37.18339],[127.72292,37.18176],[127.7265,37.18268],[127.72812,37.18664],[127.72846,37.19161],[127.73284,37.19622],[127.73257,37.19964],[127.73556,37.20552],[127.73539,37.20803],[127.73684,37.21005],[127.74792,37.21668],[127.75078,37.22175],[127.75022,37.22642],[127.7464,37.22963],[127.74765,37.24347],[127.74886,37.24748],[127.75367,37.25124],[127.75831,37.25803],[127.7547,37.27852],[127.75578,37.28284],[127.7538,37.28901],[127.7565,37.29469],[127.75477,37.29769],[127.76192,37.30211],[127.76715,37.3018],[127.76807,37.30248],[127.76724,37.30572],[127.76857,37.30783],[127.76219,37.32078],[127.76289,37.32305],[127.76036,37.32912],[127.76136,37.33656],[127.76069,37.34072],[127.75902,37.34149],[127.75779,37.34599],[127.75983,37.35448],[127.75929,37.35986],[127.76117,37.36379],[127.75948,37.36704],[127.75241,37.36923],[127.74578,37.3689],[127.73867,37.3714],[127.73205,37.37567],[127.72828,37.37479],[127.72446,37.37134],[127.71828,37.37108],[127.71647,37.36998],[127.71102,37.37173],[127.70742,37.37009],[127.70131,37.37388],[127.70294,37.38059],[127.706,37.3832],[127.70336,37.38788],[127.7046,37.39255],[127.71436,37.39849],[127.7157,37.40164],[127.71359,37.4054],[127.7104,37.40658],[127.70779,37.41067],[127.6987,37.40741],[127.69491,37.40341],[127.68639,37.39944],[127.68747,37.41123],[127.68515,37.41256],[127.66844,37.41189],[127.65847,37.41749],[127.65413,37.41269],[127.65213,37.40764],[127.64602,37.40462],[127.64293,37.40602],[127.64144,37.40857],[127.63538,37.41347],[127.62657,37.41331],[127.62026,37.40901],[127.61694,37.41485],[127.61114,37.41552],[127.60012,37.42063],[127.59429,37.42067],[127.59354,37.4198],[127.59056,37.42279],[127.58748,37.41985],[127.58851,37.41732],[127.58556,37.41412],[127.58419,37.41424],[127.5832,37.41696],[127.58186,37.41687],[127.57175,37.41164],[127.57116,37.41291],[127.56629,37.41382],[127.56004,37.41753],[127.55613,37.41776],[127.55416,37.41728],[127.5497,37.41051],[127.54395,37.41002],[127.54017,37.41166],[127.53696,37.41131],[127.5354,37.4171],[127.53152,37.42427],[127.52789,37.42987],[127.52286,37.43474],[127.50801,37.43981],[127.49811,37.43313],[127.48919,37.43381],[127.48523,37.43223],[127.47965,37.42366],[127.47431,37.42233],[127.4723,37.42261],[127.47304,37.42299],[127.47093,37.42537],[127.45548,37.42855],[127.4426,37.43408],[127.42862,37.43666],[127.42287,37.43951],[127.41462,37.43217],[127.40738,37.43009],[127.40259,37.42453],[127.40063,37.42138],[127.40084,37.41822],[127.39821,37.41575]]]}},{"type":"Feature","id":"경기도_연천군","properties":{"id":"경기도_연천군","sido":"경기도","sigungu":"연천군","name":"연천군","parentCity":null,"center":[38.109692,126.995379],"dongCount":10},"geometry":{"type":"Polygon","coordinates":[[[126.7985,37.98771],[126.80451,37.97075],[126.81045,37.96767],[126.81252,37.9693],[126.81471,37.96822],[126.81847,37.96409],[126.81754,37.96129],[126.81886,37.95852],[126.82073,37.95746],[126.8283,37.9598],[126.83268,37.96398],[126.83678,37.96473],[126.83781,37.97331],[126.84023,37.98095],[126.84398,37.98501],[126.84809,37.98704],[126.85494,37.98724],[126.87184,37.97115],[126.88137,37.96682],[126.88776,37.96614],[126.89346,37.96803],[126.89546,37.9711],[126.89198,37.98084],[126.89118,37.98707],[126.89174,37.99238],[126.89469,37.99945],[126.92163,37.98593],[126.9317,37.98228],[126.9372,37.98171],[126.94379,37.98356],[126.95246,37.988],[126.96166,37.99765],[126.96957,38.00333],[126.98208,38.00469],[126.98581,38.00314],[126.99215,38.00337],[126.99609,38.0014],[127.00099,37.99625],[127.01487,37.9926],[127.01704,37.98693],[127.0126,37.98457],[127.01129,37.97612],[127.00853,37.97384],[126.99635,37.9732],[126.99122,37.96694],[126.98852,37.96009],[126.97912,37.95408],[126.97721,37.94553],[126.97336,37.94203],[126.98101,37.93746],[126.98545,37.93889],[126.98941,37.93628],[126.99197,37.93758],[126.9932,37.93451],[126.99962,37.93309],[126.9997,37.93562],[127.0012,37.93561],[127.00131,37.93303],[127.00395,37.93256],[127.01129,37.92735],[127.01399,37.92996],[127.01676,37.93662],[127.021,37.94029],[127.02495,37.94042],[127.02757,37.94315],[127.02873,37.95516],[127.03921,37.95783],[127.0418,37.96001],[127.04493,37.97],[127.04443,37.97226],[127.04892,37.97576],[127.04882,37.97885],[127.05326,37.98134],[127.06439,37.9796],[127.06343,37.97602],[127.0661,37.97528],[127.08018,37.97668],[127.08457,37.97562],[127.09171,37.97144],[127.09267,37.9749],[127.09038,37.98207],[127.09143,37.98813],[127.10057,37.9897],[127.11154,37.98931],[127.11409,37.98647],[127.11733,37.98574],[127.12078,37.97942],[127.1296,37.98386],[127.13203,37.98779],[127.1352,37.98968],[127.14054,37.99201],[127.14482,37.99192],[127.14687,37.99564],[127.14684,37.99772],[127.14564,38.00095],[127.1408,38.00553],[127.14024,38.01148],[127.14261,38.01442],[127.14532,38.01565],[127.1392,38.02143],[127.13958,38.02613],[127.13549,38.02926],[127.13535,38.03138],[127.13802,38.03542],[127.13779,38.03744],[127.13481,38.03918],[127.12602,38.03653],[127.12254,38.03907],[127.11825,38.03864],[127.11436,38.03998],[127.11788,38.04266],[127.11796,38.04391],[127.11228,38.05096],[127.1148,38.05744],[127.11898,38.06143],[127.12373,38.06143],[127.12569,38.05969],[127.12931,38.06093],[127.13491,38.06561],[127.13826,38.06646],[127.13966,38.07138],[127.14367,38.07361],[127.14768,38.06968],[127.14625,38.06273],[127.14685,38.05914],[127.14874,38.0577],[127.15228,38.05877],[127.15696,38.06339],[127.16635,38.06135],[127.17092,38.06552],[127.17376,38.06642],[127.18578,38.06413],[127.18662,38.06444],[127.18625,38.07431],[127.19073,38.07784],[127.19225,38.08249],[127.19099,38.08543],[127.18451,38.09223],[127.18221,38.10731],[127.18394,38.11034],[127.18374,38.11556],[127.17657,38.11982],[127.17283,38.12004],[127.17156,38.12156],[127.17422,38.12394],[127.17577,38.12881],[127.17545,38.13502],[127.17291,38.14156],[127.17673,38.14652],[127.17718,38.15151],[127.1756,38.15895],[127.17394,38.16111],[127.17459,38.16789],[127.17378,38.17113],[127.17753,38.17602],[127.17938,38.18465],[127.17546,38.18825],[127.17389,38.1917],[127.16605,38.19851],[127.17223,38.20596],[127.17219,38.21042],[127.16956,38.21385],[127.16209,38.21678],[127.15944,38.21907],[127.16146,38.22304],[127.15959,38.22605],[127.16249,38.23222],[127.1608,38.23582],[127.15836,38.2389],[127.14895,38.24268],[127.14697,38.23972],[127.13592,38.23615],[127.13466,38.23376],[127.13054,38.23256],[127.12627,38.23377],[127.12288,38.23251],[127.11774,38.23634],[127.11462,38.23629],[127.113,38.23759],[127.10986,38.24381],[127.1111,38.24832],[127.11046,38.25169],[127.11399,38.26527],[127.10928,38.29204],[127.10468,38.29057],[127.10403,38.28838],[127.09331,38.28211],[127.08586,38.27927],[127.076,38.27808],[127.07256,38.27169],[127.06686,38.26568],[127.05506,38.259],[127.04189,38.25902],[127.03286,38.24844],[127.02093,38.24588],[127.02218,38.24038],[127.01417,38.23706],[127.008,38.22612],[127.00558,38.22499],[127.00524,38.22288],[127.00151,38.223],[126.99159,38.22947],[126.9899,38.22866],[126.99026,38.22693],[126.98816,38.22582],[126.98658,38.22716],[126.98203,38.22746],[126.97816,38.22214],[126.98107,38.21984],[126.9801,38.21774],[126.98186,38.21642],[126.98395,38.21091],[126.9793,38.20519],[126.97587,38.20488],[126.97508,38.19933],[126.96679,38.19911],[126.96669,38.19441],[126.96292,38.19053],[126.96826,38.1861],[126.96918,38.18193],[126.96572,38.1714],[126.95454,38.16326],[126.95173,38.1649],[126.95003,38.15911],[126.96943,38.14562],[126.96992,38.14354],[126.96483,38.13582],[126.96511,38.13802],[126.96086,38.13968],[126.96086,38.13607],[126.956,38.1346],[126.94411,38.13464],[126.93235,38.13165],[126.93047,38.12741],[126.92701,38.12852],[126.91706,38.13672],[126.9047,38.13789],[126.90048,38.13343],[126.88919,38.12882],[126.88366,38.11625],[126.86716,38.11118],[126.85607,38.09966],[126.86057,38.08587],[126.86456,38.08332],[126.86956,38.07789],[126.86707,38.07375],[126.86625,38.06945],[126.85944,38.06462],[126.85799,38.06032],[126.85807,38.05312],[126.85283,38.0531],[126.85269,38.04361],[126.85462,38.04013],[126.85255,38.03734],[126.85359,38.03148],[126.84836,38.03309],[126.84539,38.03178],[126.83876,38.03392],[126.83184,38.03375],[126.83046,38.02542],[126.83276,38.02597],[126.83566,38.0245],[126.83322,38.02186],[126.83508,38.01817],[126.82874,38.02019],[126.82515,38.01629],[126.82307,38.01133],[126.82533,38.00022],[126.83046,37.99872],[126.83021,37.99366],[126.82251,37.99242],[126.81864,37.99393],[126.81423,37.99312],[126.8074,37.99375],[126.80091,37.992],[126.7985,37.98771]]]}},{"type":"Feature","id":"경기도_오산시","properties":{"id":"경기도_오산시","sido":"경기도","sigungu":"오산시","name":"오산시","parentCity":null,"center":[37.162894,127.0494],"dongCount":8},"geometry":{"type":"Polygon","coordinates":[[[126.99515,37.1757],[127.00007,37.17355],[127.00653,37.16806],[127.01905,37.16729],[127.0281,37.16312],[127.02697,37.16066],[127.02976,37.15876],[127.03049,37.15601],[127.02783,37.15379],[127.03013,37.14952],[127.02982,37.14532],[127.03446,37.13723],[127.03563,37.13602],[127.03852,37.13576],[127.03819,37.13178],[127.04557,37.12635],[127.04525,37.12926],[127.05233,37.12962],[127.0533,37.13195],[127.0557,37.13352],[127.05807,37.13196],[127.06509,37.13194],[127.06498,37.13117],[127.06637,37.13122],[127.06679,37.12673],[127.06896,37.12816],[127.07114,37.12561],[127.0741,37.12554],[127.07928,37.12816],[127.07927,37.12577],[127.08347,37.12734],[127.0862,37.12675],[127.08904,37.12794],[127.08998,37.12992],[127.0929,37.12935],[127.08774,37.1348],[127.0916,37.13728],[127.09393,37.13641],[127.09786,37.13686],[127.0977,37.13881],[127.10035,37.14229],[127.10365,37.14357],[127.10095,37.14609],[127.09921,37.15116],[127.09776,37.1517],[127.09873,37.15308],[127.09799,37.15585],[127.09386,37.15945],[127.07539,37.1626],[127.0759,37.16368],[127.07127,37.16821],[127.07072,37.17046],[127.07073,37.17392],[127.07303,37.17456],[127.07187,37.18309],[127.07106,37.18404],[127.06606,37.18432],[127.06532,37.18645],[127.06864,37.19062],[127.06565,37.19216],[127.06602,37.19572],[127.06497,37.19775],[127.06147,37.1994],[127.05673,37.19724],[127.05196,37.19708],[127.04962,37.1959],[127.03872,37.19833],[127.03689,37.19994],[127.02665,37.20042],[127.02413,37.19784],[127.01104,37.19375],[127.00785,37.187],[127.00243,37.18205],[127.00461,37.18148],[127.00456,37.18041],[126.99977,37.17758],[126.9965,37.17846],[126.99515,37.1757]]]}},{"type":"Feature","id":"경기도_용인시_기흥구","properties":{"id":"경기도_용인시_기흥구","sido":"경기도","sigungu":"용인시 기흥구","name":"용인시 기흥구","parentCity":"용인시","center":[37.27017,127.120878],"dongCount":15},"geometry":{"type":"Polygon","coordinates":[[[127.06466,37.27111],[127.06995,37.26673],[127.0736,37.26611],[127.07521,37.26235],[127.0769,37.26139],[127.07763,37.26353],[127.07599,37.26573],[127.07761,37.2657],[127.07751,37.26698],[127.08553,37.27051],[127.0862,37.26477],[127.08105,37.25997],[127.08105,37.2585],[127.08378,37.25847],[127.0847,37.25661],[127.08244,37.25445],[127.08211,37.2494],[127.08004,37.24754],[127.07098,37.24656],[127.06621,37.24388],[127.06598,37.24105],[127.06688,37.24122],[127.06818,37.23851],[127.068,37.23468],[127.06963,37.22929],[127.07456,37.22813],[127.07558,37.2259],[127.08192,37.22015],[127.08896,37.21636],[127.10433,37.21982],[127.11518,37.21915],[127.11738,37.21996],[127.13676,37.21568],[127.1443,37.21864],[127.1516,37.21854],[127.14983,37.22169],[127.15303,37.22337],[127.15621,37.22789],[127.15025,37.23634],[127.14948,37.24161],[127.15059,37.24296],[127.15312,37.24336],[127.15812,37.24781],[127.15949,37.25408],[127.16994,37.25498],[127.17512,37.25834],[127.17216,37.26989],[127.1769,37.28195],[127.1771,37.28498],[127.17442,37.28956],[127.17046,37.29194],[127.17191,37.29465],[127.17015,37.2997],[127.16312,37.30415],[127.14875,37.3061],[127.14572,37.31123],[127.14336,37.31294],[127.14283,37.31733],[127.13724,37.32064],[127.13688,37.3246],[127.13259,37.32237],[127.13463,37.31984],[127.12585,37.31523],[127.12708,37.31842],[127.12456,37.32127],[127.1131,37.3209],[127.11135,37.32421],[127.10457,37.32364],[127.09874,37.32186],[127.09728,37.3202],[127.10035,37.31896],[127.09983,37.31314],[127.09393,37.31314],[127.0944,37.31238],[127.09154,37.30947],[127.09329,37.30719],[127.09303,37.30141],[127.08988,37.29841],[127.09058,37.29714],[127.08831,37.29317],[127.08883,37.28697],[127.08413,37.28632],[127.06954,37.27874],[127.06793,37.27447],[127.06466,37.27111]]]}},{"type":"Feature","id":"경기도_용인시_수지구","properties":{"id":"경기도_용인시_수지구","sido":"경기도","sigungu":"용인시 수지구","name":"용인시 수지구","parentCity":"용인시","center":[37.332709,127.079278],"dongCount":11},"geometry":{"type":"Polygon","coordinates":[[[127.01609,37.35693],[127.01687,37.35375],[127.01881,37.35156],[127.03344,37.34471],[127.03207,37.34238],[127.03153,37.337],[127.03486,37.33429],[127.03686,37.32944],[127.03827,37.3285],[127.03726,37.32637],[127.04056,37.32013],[127.04945,37.3158],[127.05774,37.31551],[127.05811,37.31337],[127.06062,37.31094],[127.05818,37.3049],[127.06096,37.30375],[127.06059,37.29658],[127.07934,37.29327],[127.0798,37.29535],[127.08251,37.29698],[127.08559,37.29813],[127.08927,37.29764],[127.09303,37.30141],[127.09329,37.30719],[127.09147,37.30928],[127.0944,37.31238],[127.09393,37.31314],[127.09983,37.31314],[127.10035,37.31896],[127.09728,37.3202],[127.09874,37.32186],[127.1108,37.32423],[127.11304,37.32229],[127.1131,37.3209],[127.12453,37.32128],[127.12708,37.31842],[127.12585,37.31523],[127.13463,37.31984],[127.13259,37.32237],[127.13561,37.32448],[127.14024,37.32422],[127.14246,37.32577],[127.14134,37.32886],[127.14186,37.33631],[127.13848,37.33937],[127.12329,37.33701],[127.12072,37.33441],[127.11707,37.3334],[127.1134,37.33566],[127.11031,37.33464],[127.10397,37.33861],[127.10225,37.34241],[127.09699,37.34322],[127.09246,37.34713],[127.08817,37.34882],[127.08633,37.35147],[127.08356,37.35203],[127.07762,37.34908],[127.07088,37.35768],[127.06116,37.36072],[127.05414,37.36015],[127.05295,37.36113],[127.05288,37.3636],[127.04523,37.36873],[127.02794,37.37214],[127.02726,37.36914],[127.0237,37.36373],[127.01825,37.36035],[127.01609,37.35693]]]}},{"type":"Feature","id":"경기도_용인시_처인구","properties":{"id":"경기도_용인시_처인구","sido":"경기도","sigungu":"용인시 처인구","name":"용인시 처인구","parentCity":"용인시","center":[37.222458,127.269246],"dongCount":13},"geometry":{"type":"Polygon","coordinates":[[[127.10867,37.12481],[127.10979,37.11741],[127.11261,37.11385],[127.12285,37.09144],[127.12594,37.09063],[127.13413,37.09236],[127.13579,37.09169],[127.13726,37.08919],[127.14211,37.08783],[127.14628,37.09141],[127.1537,37.09101],[127.1618,37.0889],[127.1662,37.0866],[127.17308,37.08587],[127.17626,37.08767],[127.17904,37.08761],[127.18212,37.08707],[127.18623,37.08449],[127.19527,37.08907],[127.19891,37.09686],[127.20859,37.10439],[127.20986,37.10722],[127.20862,37.10972],[127.20961,37.11245],[127.21205,37.11057],[127.22016,37.11343],[127.22322,37.1129],[127.22617,37.11394],[127.22939,37.11713],[127.23386,37.11768],[127.23645,37.12125],[127.25116,37.12312],[127.25338,37.129],[127.25116,37.1336],[127.25371,37.13809],[127.25026,37.14524],[127.2535,37.14686],[127.25548,37.15134],[127.26047,37.15207],[127.26386,37.15589],[127.26877,37.15424],[127.26954,37.15144],[127.26803,37.14933],[127.27312,37.14331],[127.27193,37.14103],[127.27307,37.13501],[127.27436,37.13364],[127.28206,37.134],[127.28425,37.13078],[127.28627,37.13202],[127.28788,37.13147],[127.29231,37.12665],[127.29324,37.12293],[127.29714,37.12033],[127.29908,37.11684],[127.2998,37.11249],[127.3034,37.1117],[127.3057,37.10711],[127.31063,37.10538],[127.31328,37.10947],[127.31636,37.10984],[127.32672,37.11944],[127.32959,37.11881],[127.33336,37.11174],[127.33969,37.10932],[127.34343,37.10402],[127.34768,37.10357],[127.3528,37.10001],[127.35442,37.1006],[127.35507,37.10373],[127.35904,37.10757],[127.373,37.10582],[127.37436,37.10262],[127.37695,37.1011],[127.37888,37.10294],[127.3792,37.1052],[127.38414,37.10594],[127.38903,37.10832],[127.39408,37.10544],[127.39382,37.10438],[127.39899,37.09538],[127.40197,37.09388],[127.41612,37.09309],[127.41628,37.09574],[127.42172,37.09728],[127.42418,37.0997],[127.42107,37.10651],[127.42459,37.10944],[127.42307,37.11119],[127.42566,37.11311],[127.42027,37.11573],[127.41398,37.11621],[127.41257,37.11943],[127.41501,37.12283],[127.42091,37.12607],[127.42418,37.13113],[127.42615,37.13643],[127.42586,37.14304],[127.42729,37.14592],[127.42982,37.14774],[127.4235,37.15183],[127.41484,37.15208],[127.41232,37.15507],[127.40969,37.16438],[127.41415,37.17339],[127.4105,37.18411],[127.40186,37.18018],[127.38238,37.18274],[127.38121,37.18756],[127.37529,37.1851],[127.37224,37.18603],[127.37204,37.18976],[127.37597,37.191],[127.37821,37.19555],[127.37038,37.20392],[127.36136,37.20048],[127.35684,37.20063],[127.35592,37.20262],[127.3484,37.20436],[127.34519,37.20751],[127.34218,37.20808],[127.33958,37.21207],[127.33853,37.21629],[127.33187,37.22],[127.33087,37.22304],[127.33339,37.22716],[127.33445,37.23781],[127.33115,37.24312],[127.33344,37.24932],[127.33857,37.25239],[127.33618,37.25778],[127.33666,37.26117],[127.34018,37.26316],[127.34088,37.265],[127.3388,37.27054],[127.33665,37.27121],[127.33089,37.27024],[127.31921,37.27498],[127.30414,37.27093],[127.30277,37.26958],[127.30216,37.26617],[127.30103,37.26568],[127.29901,37.26926],[127.29668,37.27049],[127.29148,37.27165],[127.28742,37.27084],[127.28457,37.26898],[127.28118,37.2691],[127.27596,37.2736],[127.27626,37.27518],[127.28176,37.27804],[127.2778,37.2904],[127.28169,37.29795],[127.27726,37.30921],[127.28311,37.31907],[127.28205,37.32228],[127.28232,37.32741],[127.28037,37.32808],[127.27979,37.33013],[127.28099,37.33459],[127.28324,37.33659],[127.28334,37.34531],[127.2808,37.34616],[127.27442,37.34293],[127.26503,37.34268],[127.26138,37.3484],[127.25442,37.35076],[127.24691,37.35565],[127.24187,37.35331],[127.23982,37.35416],[127.23806,37.36042],[127.23369,37.35799],[127.22899,37.3591],[127.22262,37.35438],[127.21702,37.35521],[127.21792,37.3522],[127.22158,37.3493],[127.22358,37.34593],[127.21946,37.34657],[127.21681,37.34067],[127.21265,37.33742],[127.20846,37.331],[127.20147,37.32861],[127.19692,37.33472],[127.19803,37.34145],[127.19162,37.34724],[127.17876,37.34322],[127.17376,37.34467],[127.16206,37.34332],[127.1482,37.3377],[127.14186,37.33631],[127.14134,37.32886],[127.14246,37.32577],[127.14024,37.32422],[127.13725,37.32439],[127.13724,37.32064],[127.14283,37.31733],[127.14336,37.31294],[127.14572,37.31123],[127.14875,37.3061],[127.16312,37.30415],[127.17015,37.2997],[127.17191,37.29465],[127.17046,37.29194],[127.17442,37.28956],[127.1771,37.28498],[127.1769,37.28195],[127.17216,37.26989],[127.17512,37.25834],[127.16994,37.25498],[127.15949,37.25408],[127.15812,37.24781],[127.15278,37.24312],[127.15037,37.2428],[127.14923,37.24067],[127.15025,37.23634],[127.15621,37.22789],[127.15303,37.22337],[127.14983,37.22169],[127.1516,37.21854],[127.15172,37.21414],[127.15777,37.20717],[127.15589,37.20595],[127.15537,37.20346],[127.15196,37.19911],[127.15285,37.19723],[127.15546,37.19774],[127.16096,37.19164],[127.15908,37.18413],[127.16065,37.18031],[127.15923,37.17795],[127.15563,37.17676],[127.14841,37.16968],[127.13301,37.16909],[127.13387,37.16493],[127.12794,37.16072],[127.13059,37.15185],[127.12949,37.14875],[127.12708,37.14565],[127.1227,37.14451],[127.12332,37.14356],[127.12107,37.14158],[127.12161,37.13538],[127.12072,37.12966],[127.11781,37.12884],[127.11495,37.12974],[127.11261,37.12807],[127.11257,37.12624],[127.10905,37.126],[127.10867,37.12481]]]}},{"type":"Feature","id":"경기도_의왕시","properties":{"id":"경기도_의왕시","sido":"경기도","sigungu":"의왕시","name":"의왕시","parentCity":null,"center":[37.358142,126.988247],"dongCount":6},"geometry":{"type":"Polygon","coordinates":[[[126.92945,37.31617],[126.93301,37.30836],[126.93043,37.30706],[126.93052,37.30521],[126.93295,37.30305],[126.94159,37.30102],[126.95229,37.30065],[126.9543,37.30314],[126.96108,37.30197],[126.96635,37.30821],[126.96771,37.31594],[126.97,37.31692],[126.96694,37.32408],[126.97119,37.33179],[126.98094,37.32659],[126.98278,37.32675],[126.98711,37.32945],[126.99141,37.33401],[127.00047,37.33849],[127.0091,37.33879],[127.01331,37.34783],[127.01851,37.35044],[127.01613,37.35724],[127.01825,37.36035],[127.02337,37.36333],[127.02726,37.36914],[127.02741,37.37678],[127.03146,37.38124],[127.03536,37.38879],[127.03871,37.39107],[127.03741,37.40107],[127.04353,37.40363],[127.04237,37.40723],[127.04675,37.41076],[127.04696,37.41342],[127.04168,37.41563],[127.03793,37.41391],[127.03486,37.41406],[127.02834,37.4121],[127.01814,37.41318],[127.0086,37.41223],[126.99977,37.40463],[126.99477,37.40521],[126.99017,37.40803],[126.98578,37.40664],[126.98219,37.39884],[126.97951,37.39589],[126.98171,37.39415],[126.9728,37.38677],[126.97223,37.38126],[126.96537,37.37198],[126.96434,37.36515],[126.96624,37.36248],[126.96202,37.36148],[126.96052,37.35639],[126.96237,37.35534],[126.95943,37.35062],[126.95955,37.34822],[126.95824,37.34723],[126.95758,37.34434],[126.95444,37.3411],[126.95134,37.34175],[126.94856,37.33975],[126.9474,37.32696],[126.94505,37.32034],[126.93709,37.32229],[126.92945,37.31617]]]}},{"type":"Feature","id":"경기도_의정부시","properties":{"id":"경기도_의정부시","sido":"경기도","sigungu":"의정부시","name":"의정부시","parentCity":null,"center":[37.733346,127.073993],"dongCount":15},"geometry":{"type":"Polygon","coordinates":[[[127.00128,37.759],[127.00334,37.75307],[127.0021,37.7514],[127.00298,37.74984],[127.00243,37.74458],[127.00457,37.74318],[127.0022,37.74057],[127.0098,37.73012],[127.00873,37.72807],[127.01263,37.72576],[127.0115,37.72235],[127.01414,37.71921],[127.01276,37.71651],[127.01338,37.71416],[127.01951,37.70814],[127.01547,37.70328],[127.01585,37.70103],[127.0249,37.69944],[127.02803,37.70059],[127.0325,37.69171],[127.03589,37.69224],[127.04158,37.69536],[127.04312,37.69515],[127.04509,37.69244],[127.0482,37.69391],[127.04937,37.69291],[127.05078,37.68702],[127.05482,37.68935],[127.06038,37.68869],[127.06511,37.68985],[127.06939,37.69437],[127.07263,37.69435],[127.07734,37.69638],[127.08111,37.69609],[127.08036,37.6996],[127.08384,37.70174],[127.09401,37.7038],[127.09663,37.70221],[127.10365,37.70721],[127.10901,37.70864],[127.1093,37.71281],[127.11167,37.71723],[127.11656,37.71795],[127.1182,37.7208],[127.12366,37.72287],[127.12412,37.72597],[127.12577,37.72747],[127.12565,37.73354],[127.12367,37.73498],[127.12371,37.73861],[127.12629,37.7438],[127.12904,37.74554],[127.12848,37.74783],[127.13622,37.74931],[127.13826,37.74731],[127.14248,37.74777],[127.14204,37.74992],[127.14671,37.75484],[127.13966,37.76407],[127.13343,37.76229],[127.12543,37.7633],[127.12651,37.76562],[127.1291,37.76689],[127.12807,37.77184],[127.12012,37.77399],[127.11564,37.77376],[127.11541,37.77643],[127.11175,37.77891],[127.10434,37.77967],[127.08468,37.77361],[127.07914,37.76953],[127.07405,37.7685],[127.07045,37.76583],[127.06025,37.76212],[127.05459,37.76237],[127.05086,37.76094],[127.04117,37.76674],[127.03508,37.76772],[127.02547,37.76695],[127.01728,37.76856],[127.00227,37.76276],[127.00128,37.759]]]}},{"type":"Feature","id":"경기도_이천시","properties":{"id":"경기도_이천시","sido":"경기도","sigungu":"이천시","name":"이천시","parentCity":null,"center":[37.202234,127.484353],"dongCount":14},"geometry":{"type":"Polygon","coordinates":[[[127.33087,37.22304],[127.33187,37.22],[127.33853,37.21629],[127.34124,37.20902],[127.34519,37.20751],[127.3484,37.20436],[127.35572,37.20271],[127.35771,37.20048],[127.36136,37.20048],[127.37038,37.20392],[127.37821,37.19555],[127.37597,37.191],[127.37204,37.18976],[127.37224,37.18603],[127.37529,37.1851],[127.38121,37.18756],[127.38238,37.18274],[127.40186,37.18018],[127.4105,37.18411],[127.41415,37.17339],[127.40969,37.16438],[127.41232,37.15507],[127.41484,37.15208],[127.4235,37.15183],[127.42982,37.14774],[127.43269,37.14879],[127.43884,37.148],[127.44421,37.14939],[127.44967,37.1486],[127.44971,37.14614],[127.44802,37.14419],[127.45345,37.13524],[127.45835,37.13015],[127.46996,37.12954],[127.49248,37.12309],[127.4968,37.12449],[127.49882,37.12348],[127.50294,37.11823],[127.50394,37.10954],[127.50774,37.10578],[127.51364,37.10493],[127.5146,37.10112],[127.51091,37.09932],[127.51053,37.09677],[127.51348,37.09557],[127.51482,37.09344],[127.51562,37.08572],[127.5186,37.08244],[127.51492,37.08026],[127.51407,37.07801],[127.51474,37.07617],[127.51254,37.07135],[127.50679,37.06932],[127.50846,37.06407],[127.50723,37.06261],[127.50481,37.06039],[127.49781,37.05718],[127.49355,37.05653],[127.48996,37.05282],[127.49072,37.0513],[127.49689,37.04838],[127.50465,37.04796],[127.50901,37.04946],[127.51154,37.05533],[127.51826,37.0584],[127.52313,37.05544],[127.53199,37.05564],[127.55043,37.0454],[127.56095,37.04327],[127.56813,37.0477],[127.56711,37.05252],[127.56792,37.05554],[127.56501,37.05894],[127.56513,37.06027],[127.56648,37.06314],[127.5736,37.06987],[127.57599,37.0738],[127.5795,37.07536],[127.58407,37.07489],[127.58907,37.07274],[127.59589,37.07394],[127.60415,37.0685],[127.60507,37.07031],[127.6045,37.07747],[127.60017,37.08185],[127.59982,37.08384],[127.60089,37.08553],[127.60989,37.0861],[127.61452,37.08789],[127.6315,37.09652],[127.63448,37.10105],[127.63509,37.11604],[127.63415,37.12373],[127.63783,37.14103],[127.63312,37.14526],[127.62894,37.1531],[127.62868,37.15618],[127.63117,37.16391],[127.6305,37.1661],[127.62659,37.16596],[127.61947,37.16244],[127.6158,37.16334],[127.61239,37.17338],[127.60484,37.17891],[127.60167,37.18337],[127.5993,37.18311],[127.5981,37.18793],[127.59526,37.18974],[127.58381,37.18696],[127.58048,37.18747],[127.57815,37.1895],[127.57637,37.18916],[127.57236,37.18458],[127.57761,37.17623],[127.57051,37.17023],[127.56618,37.1764],[127.55876,37.18088],[127.55669,37.17704],[127.55283,37.17544],[127.52789,37.17296],[127.52286,37.18124],[127.51755,37.18213],[127.51741,37.18481],[127.51597,37.18532],[127.5196,37.18761],[127.52793,37.19699],[127.53109,37.19813],[127.53008,37.20276],[127.53147,37.20535],[127.53147,37.20823],[127.52987,37.21177],[127.53008,37.21779],[127.52761,37.22739],[127.5255,37.22757],[127.52696,37.22946],[127.52521,37.23975],[127.53737,37.24663],[127.53707,37.25161],[127.53274,37.2573],[127.52919,37.27352],[127.53438,37.28928],[127.53681,37.2897],[127.54273,37.29475],[127.54639,37.30143],[127.54636,37.30994],[127.54472,37.31224],[127.54261,37.31306],[127.53556,37.31353],[127.5288,37.3162],[127.52965,37.32018],[127.52654,37.32247],[127.52919,37.32661],[127.52668,37.32966],[127.52054,37.33026],[127.51376,37.33931],[127.50209,37.33791],[127.49979,37.33973],[127.48952,37.34236],[127.48724,37.34905],[127.48387,37.35057],[127.47049,37.36152],[127.46468,37.35836],[127.46022,37.3582],[127.4548,37.35412],[127.44913,37.35219],[127.44246,37.35844],[127.43533,37.35441],[127.43379,37.35081],[127.43,37.34657],[127.42194,37.34291],[127.42063,37.33865],[127.41497,37.33411],[127.41248,37.33393],[127.40503,37.32767],[127.39786,37.3261],[127.39364,37.32354],[127.39251,37.32098],[127.39031,37.31969],[127.38148,37.31901],[127.37591,37.32073],[127.3696,37.31523],[127.36739,37.31512],[127.365,37.31658],[127.36336,37.31577],[127.36494,37.30849],[127.35772,37.30507],[127.3545,37.30148],[127.35711,37.29881],[127.35714,37.2946],[127.35456,37.29433],[127.35308,37.29232],[127.34801,37.29001],[127.346,37.29125],[127.34317,37.29106],[127.34015,37.28811],[127.34246,37.28604],[127.34319,37.28236],[127.34815,37.27924],[127.34908,37.27681],[127.33886,37.27134],[127.34088,37.265],[127.34018,37.26316],[127.33644,37.26051],[127.33618,37.25778],[127.33857,37.25239],[127.33344,37.24932],[127.33115,37.24312],[127.33416,37.23882],[127.3345,37.23528],[127.33339,37.22716],[127.33087,37.22304]]]}},{"type":"Feature","id":"경기도_파주시","properties":{"id":"경기도_파주시","sido":"경기도","sigungu":"파주시","name":"파주시","parentCity":null,"center":[37.8469,126.838194],"dongCount":20},"geometry":{"type":"Polygon","coordinates":[[[126.65934,37.84018],[126.6602,37.83883],[126.66891,37.83466],[126.67138,37.83472],[126.67176,37.83287],[126.67396,37.83105],[126.66605,37.81207],[126.66506,37.79864],[126.66216,37.79015],[126.66328,37.78743],[126.66638,37.78595],[126.67289,37.76938],[126.67617,37.755],[126.674,37.75001],[126.67739,37.73501],[126.68544,37.7237],[126.68362,37.71339],[126.67655,37.70008],[126.6914,37.68911],[126.69929,37.69703],[126.70458,37.69621],[126.71191,37.69974],[126.71707,37.70024],[126.72745,37.70409],[126.73065,37.70404],[126.72989,37.70494],[126.74017,37.70505],[126.74802,37.70314],[126.75553,37.70489],[126.76008,37.70333],[126.76398,37.7047],[126.76495,37.70405],[126.76608,37.70697],[126.77335,37.70425],[126.77328,37.70923],[126.78503,37.72089],[126.79365,37.72595],[126.79608,37.72961],[126.79558,37.73356],[126.79357,37.73497],[126.79817,37.73716],[126.80076,37.73528],[126.80134,37.7303],[126.80283,37.73038],[126.8069,37.72697],[126.81399,37.72348],[126.82303,37.72881],[126.82608,37.727],[126.83175,37.72881],[126.83413,37.7269],[126.83939,37.72863],[126.84125,37.7315],[126.84804,37.73369],[126.8544,37.73366],[126.85647,37.73457],[126.85656,37.73572],[126.85893,37.7334],[126.86495,37.73254],[126.86765,37.72959],[126.87149,37.7293],[126.87343,37.72614],[126.88099,37.72616],[126.8827,37.71931],[126.88614,37.71845],[126.88923,37.72345],[126.89172,37.7253],[126.89469,37.72677],[126.89927,37.72676],[126.90216,37.72843],[126.90088,37.73713],[126.90358,37.7416],[126.9089,37.74485],[126.90879,37.74696],[126.91558,37.74812],[126.92183,37.74703],[126.92781,37.74928],[126.92971,37.74853],[126.932,37.75392],[126.93165,37.75536],[126.92869,37.75759],[126.93391,37.76758],[126.9328,37.77069],[126.93629,37.77421],[126.93338,37.77994],[126.93812,37.78694],[126.9321,37.78878],[126.92721,37.78508],[126.92128,37.78821],[126.91952,37.79039],[126.9146,37.79168],[126.90389,37.79095],[126.90555,37.8021],[126.91191,37.80615],[126.91164,37.80824],[126.90879,37.81051],[126.91022,37.81648],[126.90288,37.82355],[126.90299,37.82639],[126.91136,37.82864],[126.913,37.83603],[126.91193,37.83846],[126.91238,37.84024],[126.91393,37.84107],[126.92533,37.84159],[126.92728,37.83805],[126.93298,37.83857],[126.93649,37.84079],[126.93451,37.84624],[126.93562,37.84939],[126.93887,37.8525],[126.93977,37.85699],[126.94634,37.86699],[126.94426,37.87363],[126.9471,37.87947],[126.94649,37.88047],[126.94808,37.88465],[126.946,37.88846],[126.94854,37.89675],[126.94673,37.89964],[126.94918,37.90535],[126.95316,37.90871],[126.95473,37.91247],[126.9496,37.91897],[126.95633,37.92234],[126.96002,37.92016],[126.962,37.92291],[126.96184,37.92527],[126.96505,37.92824],[126.96409,37.93294],[126.96482,37.93902],[126.96689,37.93934],[126.97032,37.94203],[126.97336,37.94203],[126.97621,37.94431],[126.97912,37.95408],[126.98852,37.96009],[126.99122,37.96694],[126.99635,37.9732],[127.00078,37.97393],[127.00644,37.97325],[127.01129,37.97612],[127.0126,37.98457],[127.01704,37.98693],[127.01556,37.99175],[127.01315,37.99352],[127.0103,37.99323],[127.00099,37.99625],[126.99609,38.0014],[126.99215,38.00337],[126.98581,38.00314],[126.98208,38.00469],[126.96957,38.00333],[126.96166,37.99765],[126.95246,37.988],[126.94091,37.98239],[126.93568,37.98173],[126.92163,37.98593],[126.89469,37.99945],[126.89174,37.99238],[126.89116,37.98819],[126.89198,37.98084],[126.89543,37.9722],[126.89346,37.96803],[126.88776,37.96614],[126.87874,37.96767],[126.87184,37.97115],[126.85494,37.98724],[126.85027,37.98744],[126.84398,37.98501],[126.84023,37.98095],[126.83781,37.97331],[126.83678,37.96473],[126.83268,37.96398],[126.8283,37.9598],[126.82073,37.95746],[126.81886,37.95852],[126.81754,37.96129],[126.81847,37.96409],[126.81471,37.96822],[126.81252,37.9693],[126.81045,37.96767],[126.80451,37.97075],[126.7985,37.98771],[126.80091,37.992],[126.7964,37.99369],[126.79369,37.99231],[126.78362,37.98227],[126.78385,37.98103],[126.78224,37.98046],[126.77586,37.98445],[126.77348,37.984],[126.77182,37.98235],[126.77533,37.98041],[126.7728,37.97835],[126.76511,37.98454],[126.76312,37.98505],[126.76054,37.98338],[126.75216,37.98165],[126.74806,37.97903],[126.74455,37.97422],[126.73996,37.9727],[126.73658,37.96582],[126.73506,37.96744],[126.72778,37.96868],[126.72557,37.96688],[126.72197,37.9665],[126.71939,37.96495],[126.71773,37.96569],[126.71665,37.96886],[126.71204,37.9684],[126.70948,37.97059],[126.70885,37.97516],[126.70249,37.97432],[126.70066,37.96912],[126.69832,37.96925],[126.69156,37.96624],[126.69118,37.96336],[126.69001,37.96104],[126.6882,37.96031],[126.68731,37.9572],[126.6813,37.95811],[126.67637,37.95351],[126.67038,37.9557],[126.67237,37.94845],[126.6694,37.94468],[126.66906,37.9414],[126.67185,37.93971],[126.66929,37.93709],[126.66756,37.93269],[126.66921,37.92797],[126.66577,37.92205],[126.66592,37.91834],[126.6701,37.91428],[126.67848,37.91433],[126.68144,37.91558],[126.68457,37.9126],[126.6828,37.9128],[126.68045,37.91111],[126.67586,37.90618],[126.67702,37.90446],[126.67737,37.89773],[126.6722,37.88869],[126.67016,37.88796],[126.67448,37.8859],[126.67255,37.88215],[126.67565,37.88164],[126.67649,37.88461],[126.67974,37.88461],[126.67875,37.88152],[126.68206,37.87972],[126.67552,37.87717],[126.67207,37.87799],[126.67523,37.87443],[126.67261,37.87006],[126.68014,37.87034],[126.68345,37.874],[126.69218,37.86843],[126.68593,37.85865],[126.6799,37.85169],[126.6796,37.84597],[126.67621,37.84398],[126.67101,37.84577],[126.66501,37.84319],[126.66096,37.8436],[126.65934,37.84018]]]}},{"type":"Feature","id":"경기도_평택시","properties":{"id":"경기도_평택시","sido":"경기도","sigungu":"평택시","name":"평택시","parentCity":null,"center":[37.02454,126.965714],"dongCount":25},"geometry":{"type":"Polygon","coordinates":[[[126.77751,37.00195],[126.7799,37.00007],[126.78287,37.00215],[126.78668,36.99784],[126.78359,36.99809],[126.79021,36.99412],[126.79361,36.99509],[126.79966,36.9994],[126.80808,36.9986],[126.80974,36.99799],[126.81083,36.99559],[126.82422,36.99596],[126.82562,36.9952],[126.82729,36.9929],[126.82442,36.99033],[126.82536,36.98713],[126.83885,36.96792],[126.83592,36.96658],[126.84232,36.95741],[126.84402,36.95817],[126.84658,36.95597],[126.8466,36.95497],[126.84424,36.95381],[126.84988,36.94537],[126.85905,36.95049],[126.86241,36.94885],[126.86547,36.93901],[126.86422,36.93269],[126.88698,36.93609],[126.89133,36.93372],[126.89266,36.93475],[126.89586,36.93371],[126.90062,36.93056],[126.9045,36.92598],[126.90864,36.9051],[126.91204,36.90446],[126.91706,36.90536],[126.94323,36.918],[126.97285,36.92622],[126.98533,36.93247],[126.99541,36.93552],[127.01586,36.93446],[127.03173,36.92834],[127.03815,36.93245],[127.04805,36.9335],[127.06064,36.93952],[127.07138,36.94004],[127.07393,36.93839],[127.08612,36.94781],[127.09365,36.94231],[127.09601,36.94224],[127.09752,36.94981],[127.1018,36.95383],[127.1016,36.95492],[127.09866,36.95442],[127.09638,36.95571],[127.09646,36.95954],[127.10089,36.96162],[127.10335,36.96521],[127.11106,36.97088],[127.11582,36.97114],[127.1195,36.96913],[127.12515,36.97524],[127.12451,36.97679],[127.13398,36.9768],[127.13719,36.97849],[127.13641,36.98007],[127.14112,36.97872],[127.14114,36.97971],[127.13643,36.98293],[127.13637,36.98472],[127.13123,36.98564],[127.13061,36.98668],[127.13456,36.98929],[127.13618,36.99337],[127.14478,36.99722],[127.15392,36.99776],[127.15226,37.00258],[127.15108,37.00251],[127.14885,37.00817],[127.14481,37.01115],[127.14428,37.01401],[127.14537,37.01668],[127.15253,37.02155],[127.15307,37.02947],[127.13719,37.03387],[127.12633,37.03333],[127.12231,37.03506],[127.11884,37.03163],[127.11694,37.02721],[127.11241,37.02908],[127.10533,37.03519],[127.10989,37.04077],[127.11477,37.04216],[127.11967,37.04609],[127.12218,37.05042],[127.12739,37.05252],[127.13063,37.05823],[127.12817,37.06347],[127.1257,37.06469],[127.11847,37.06267],[127.11398,37.06509],[127.10653,37.06493],[127.10404,37.06615],[127.10231,37.06868],[127.10272,37.073],[127.10482,37.07442],[127.10364,37.07575],[127.12145,37.07641],[127.12421,37.07754],[127.12644,37.08159],[127.12442,37.08833],[127.11261,37.11385],[127.10979,37.11741],[127.10905,37.126],[127.11257,37.12624],[127.11261,37.12807],[127.11495,37.12974],[127.12021,37.12899],[127.12161,37.13538],[127.1215,37.13896],[127.12058,37.1395],[127.12111,37.14167],[127.12333,37.14361],[127.1227,37.14451],[127.11895,37.14378],[127.11413,37.14462],[127.10431,37.14193],[127.10365,37.14357],[127.10249,37.1434],[127.0977,37.13881],[127.09786,37.13686],[127.09393,37.13641],[127.0916,37.13728],[127.08916,37.13591],[127.08774,37.1348],[127.0929,37.12935],[127.08998,37.12992],[127.08904,37.12794],[127.0862,37.12675],[127.08347,37.12734],[127.07927,37.12577],[127.07928,37.12816],[127.0741,37.12554],[127.07114,37.12561],[127.06896,37.12816],[127.06679,37.12673],[127.06637,37.13122],[127.06498,37.13117],[127.06509,37.13194],[127.05807,37.13196],[127.0557,37.13352],[127.0533,37.13195],[127.05233,37.12962],[127.04525,37.12926],[127.04557,37.12635],[127.03819,37.13178],[127.03852,37.13576],[127.03563,37.13602],[127.02887,37.13337],[127.02422,37.13322],[127.0175,37.12992],[127.00537,37.1281],[127.00243,37.12438],[126.9981,37.12309],[126.99951,37.12241],[127.00239,37.12362],[126.99573,37.1082],[126.99785,37.10445],[126.99831,37.10057],[126.99704,37.09713],[126.99893,37.09259],[126.99359,37.08958],[126.99173,37.08477],[126.99513,37.07005],[126.9876,37.07045],[126.98463,37.07165],[126.97554,37.0706],[126.96883,37.07343],[126.9664,37.06911],[126.96125,37.06982],[126.95645,37.06827],[126.95137,37.06856],[126.94549,37.06556],[126.94409,37.0633],[126.94038,37.06081],[126.93165,37.06269],[126.93024,37.0671],[126.92865,37.06804],[126.92205,37.0653],[126.91488,37.06577],[126.91039,37.06883],[126.90577,37.06966],[126.9049,37.07152],[126.90575,37.0733],[126.90491,37.07364],[126.90207,37.07204],[126.90108,37.0702],[126.89623,37.0685],[126.88376,37.06648],[126.88121,37.05829],[126.85804,37.0261],[126.85311,37.02],[126.84693,37.01585],[126.83806,37.01365],[126.79691,37.01206],[126.7976,37.00803],[126.79522,37.00593],[126.78185,37.00371],[126.77751,37.00195]]]}},{"type":"Feature","id":"경기도_포천시","properties":{"id":"경기도_포천시","sido":"경기도","sigungu":"포천시","name":"포천시","parentCity":null,"center":[37.970899,127.268677],"dongCount":14},"geometry":{"type":"Polygon","coordinates":[[[127.09037,37.9844],[127.09267,37.9749],[127.09171,37.97144],[127.09414,37.96801],[127.09224,37.96005],[127.09449,37.95719],[127.09924,37.95458],[127.09912,37.95246],[127.09558,37.94902],[127.09605,37.94365],[127.10801,37.93909],[127.10948,37.93552],[127.11525,37.9283],[127.1209,37.91703],[127.12712,37.91566],[127.13284,37.91592],[127.13512,37.91332],[127.13876,37.91403],[127.14596,37.91187],[127.14786,37.90663],[127.14673,37.9028],[127.15027,37.90058],[127.14966,37.89792],[127.15565,37.89568],[127.14946,37.88439],[127.14696,37.87603],[127.13984,37.87621],[127.1317,37.87311],[127.12856,37.87391],[127.12356,37.86983],[127.12316,37.86716],[127.11368,37.86548],[127.10919,37.85985],[127.11036,37.85557],[127.11485,37.85034],[127.11615,37.84391],[127.11567,37.83854],[127.11795,37.83643],[127.11715,37.83454],[127.12189,37.82815],[127.12019,37.81736],[127.12209,37.8132],[127.11875,37.80904],[127.11714,37.80412],[127.11806,37.79996],[127.11639,37.79438],[127.11293,37.7885],[127.10595,37.78318],[127.10592,37.78055],[127.10434,37.77967],[127.11175,37.77891],[127.11541,37.77643],[127.11564,37.77376],[127.12012,37.77399],[127.12807,37.77184],[127.1291,37.76689],[127.12651,37.76562],[127.12543,37.7633],[127.13343,37.76229],[127.13966,37.76407],[127.14671,37.75484],[127.15376,37.7555],[127.1598,37.75305],[127.16626,37.75294],[127.17556,37.75663],[127.17936,37.76226],[127.18381,37.76469],[127.19092,37.76258],[127.20019,37.76399],[127.20415,37.76348],[127.20528,37.76124],[127.21265,37.76465],[127.21313,37.7613],[127.22187,37.75717],[127.22168,37.75498],[127.22508,37.75344],[127.22762,37.75428],[127.23341,37.75846],[127.23649,37.76219],[127.25158,37.76621],[127.25355,37.76772],[127.25973,37.7684],[127.26152,37.77107],[127.26175,37.77439],[127.26625,37.77904],[127.26841,37.78516],[127.27097,37.78629],[127.27216,37.79039],[127.27051,37.79386],[127.27875,37.80546],[127.2774,37.80882],[127.27923,37.81661],[127.27413,37.82647],[127.27415,37.83062],[127.27903,37.84234],[127.28632,37.84828],[127.28034,37.85389],[127.28033,37.85528],[127.28491,37.86031],[127.28588,37.86558],[127.29154,37.87414],[127.29317,37.87342],[127.29617,37.86887],[127.30064,37.8681],[127.30547,37.86884],[127.31204,37.86612],[127.31341,37.86782],[127.32236,37.87148],[127.3236,37.87339],[127.3237,37.88785],[127.32913,37.89431],[127.32739,37.90284],[127.33056,37.90905],[127.32786,37.91241],[127.33089,37.91718],[127.32899,37.92203],[127.33098,37.92591],[127.33303,37.9265],[127.3384,37.92384],[127.34518,37.92721],[127.34744,37.92607],[127.35031,37.92233],[127.35583,37.92165],[127.3643,37.92595],[127.3661,37.92883],[127.36989,37.93062],[127.37455,37.93653],[127.37981,37.93913],[127.38428,37.94354],[127.38491,37.94709],[127.38313,37.94958],[127.37683,37.95293],[127.37973,37.95778],[127.37614,37.96153],[127.3779,37.96534],[127.38264,37.9697],[127.38245,37.97422],[127.38539,37.97615],[127.38412,37.97793],[127.38395,37.98111],[127.38666,37.98323],[127.3898,37.98268],[127.39942,37.9894],[127.40529,37.99054],[127.40907,37.9963],[127.41302,37.9978],[127.41479,38.00175],[127.41481,38.00692],[127.41828,38.01475],[127.42349,38.02015],[127.42719,38.02749],[127.42429,38.03094],[127.42491,38.0334],[127.43019,38.03465],[127.43504,38.03799],[127.44177,38.04478],[127.44625,38.05254],[127.44664,38.05447],[127.4437,38.05913],[127.44632,38.06439],[127.44694,38.07952],[127.4444,38.09752],[127.44108,38.108],[127.43263,38.11282],[127.43057,38.11528],[127.41519,38.10367],[127.41206,38.10272],[127.406,38.10607],[127.40301,38.11319],[127.38576,38.11426],[127.38311,38.11658],[127.37809,38.11774],[127.37197,38.11366],[127.3709,38.11004],[127.36445,38.10704],[127.35607,38.10625],[127.35337,38.10434],[127.34601,38.10426],[127.33894,38.10136],[127.3381,38.1005],[127.33739,38.08982],[127.33233,38.09193],[127.32993,38.09431],[127.32119,38.09522],[127.31248,38.10736],[127.31129,38.11597],[127.30723,38.11936],[127.30569,38.11718],[127.30274,38.11568],[127.29586,38.11632],[127.29234,38.11408],[127.28819,38.11671],[127.28559,38.11511],[127.2832,38.11648],[127.28305,38.12337],[127.28195,38.12474],[127.27674,38.12545],[127.27739,38.13249],[127.27557,38.13427],[127.27555,38.13679],[127.28329,38.14475],[127.28718,38.15135],[127.28464,38.15775],[127.28752,38.16088],[127.28725,38.16871],[127.29119,38.17233],[127.29547,38.17292],[127.29721,38.17452],[127.29663,38.176],[127.28933,38.1769],[127.28312,38.18288],[127.26612,38.1805],[127.26442,38.17828],[127.266,38.17586],[127.26505,38.17352],[127.26352,38.17146],[127.2585,38.16865],[127.25586,38.16396],[127.23962,38.15454],[127.23389,38.14733],[127.22591,38.14821],[127.22327,38.14686],[127.2237,38.14143],[127.22189,38.13763],[127.21342,38.14338],[127.21177,38.14688],[127.2082,38.14714],[127.20288,38.15341],[127.18999,38.16069],[127.18603,38.17295],[127.18818,38.18452],[127.1904,38.18886],[127.1879,38.18825],[127.17938,38.18465],[127.17753,38.17602],[127.17378,38.17113],[127.17459,38.16789],[127.17394,38.16111],[127.1756,38.15895],[127.17718,38.15151],[127.17673,38.14652],[127.17291,38.14156],[127.17545,38.13502],[127.17577,38.12881],[127.17422,38.12394],[127.17156,38.12156],[127.17283,38.12004],[127.17657,38.11982],[127.18266,38.11665],[127.18428,38.11441],[127.18394,38.11034],[127.18221,38.10731],[127.18451,38.09223],[127.19099,38.08543],[127.19225,38.08249],[127.19073,38.07784],[127.18625,38.07431],[127.18662,38.06444],[127.1836,38.06386],[127.17376,38.06642],[127.17092,38.06552],[127.16635,38.06135],[127.15696,38.06339],[127.15228,38.05877],[127.14874,38.0577],[127.14685,38.05914],[127.14625,38.06273],[127.14768,38.06968],[127.14367,38.07361],[127.13966,38.07138],[127.13826,38.06646],[127.13491,38.06561],[127.12931,38.06093],[127.12569,38.05969],[127.12258,38.06162],[127.11717,38.06065],[127.11229,38.05141],[127.11796,38.04391],[127.11788,38.04266],[127.11436,38.03998],[127.11825,38.03864],[127.12254,38.03907],[127.12602,38.03653],[127.13481,38.03918],[127.13779,38.03744],[127.13802,38.03542],[127.13535,38.03138],[127.13549,38.02926],[127.13958,38.02613],[127.1392,38.02143],[127.14532,38.01565],[127.14261,38.01442],[127.14024,38.01148],[127.14051,38.00661],[127.14564,38.00095],[127.14687,37.99564],[127.14482,37.99192],[127.14054,37.99201],[127.1352,37.98968],[127.13203,37.98779],[127.1296,37.98386],[127.12078,37.97942],[127.11733,37.98574],[127.11409,37.98647],[127.11154,37.98931],[127.0948,37.98911],[127.09096,37.98779],[127.09037,37.9844]]]}},{"type":"Feature","id":"경기도_하남시","properties":{"id":"경기도_하남시","sido":"경기도","sigungu":"하남시","name":"하남시","parentCity":null,"center":[37.530521,127.213777],"dongCount":14},"geometry":{"type":"Polygon","coordinates":[[[127.13997,37.50859],[127.14114,37.50545],[127.14524,37.5035],[127.14769,37.50327],[127.15012,37.50451],[127.15647,37.5019],[127.15762,37.50309],[127.16138,37.50025],[127.15764,37.48914],[127.14984,37.48527],[127.14772,37.48175],[127.1474,37.47722],[127.14424,37.47732],[127.14345,37.4741],[127.15445,37.47369],[127.15436,37.47173],[127.1628,37.47126],[127.16225,37.47042],[127.16462,37.4691],[127.17074,37.46995],[127.17773,37.47341],[127.18105,37.47329],[127.17584,37.47677],[127.17579,37.48528],[127.17748,37.48555],[127.18842,37.48027],[127.19238,37.48072],[127.19804,37.47959],[127.20259,37.48171],[127.20684,37.48031],[127.21573,37.4823],[127.22615,37.47973],[127.23746,37.47493],[127.23936,37.47514],[127.24174,37.47686],[127.24622,37.47782],[127.24826,37.48193],[127.2538,37.48461],[127.2537,37.48646],[127.25896,37.49021],[127.25915,37.49211],[127.25793,37.49462],[127.25553,37.49615],[127.25327,37.50325],[127.25439,37.50596],[127.2612,37.50724],[127.26856,37.50624],[127.27641,37.50831],[127.28043,37.51295],[127.28758,37.5135],[127.28478,37.52149],[127.2801,37.52571],[127.24855,37.5414],[127.23842,37.545],[127.23618,37.55045],[127.23443,37.55206],[127.23364,37.55869],[127.22906,37.56336],[127.22186,37.56467],[127.22011,37.56696],[127.21967,37.5739],[127.21294,37.57697],[127.20162,37.58979],[127.19646,37.59177],[127.18479,37.59182],[127.18338,37.5917],[127.18022,37.58789],[127.16856,37.57983],[127.16857,37.57895],[127.17767,37.58083],[127.17536,37.57729],[127.18197,37.56094],[127.18139,37.55285],[127.18355,37.54583],[127.17905,37.54664],[127.17559,37.54521],[127.16319,37.54502],[127.15355,37.534],[127.15311,37.52909],[127.14958,37.52588],[127.14776,37.52217],[127.1458,37.52199],[127.14473,37.51942],[127.1454,37.5161],[127.14113,37.51564],[127.14352,37.51269],[127.14113,37.51232],[127.13997,37.50859]]]}},{"type":"Feature","id":"경기도_화성시_동탄구","properties":{"id":"경기도_화성시_동탄구","sido":"경기도","sigungu":"화성시 동탄구","name":"화성시 동탄구","parentCity":"화성시","center":[37.184134,127.104992],"dongCount":9},"geometry":{"type":"Polygon","coordinates":[[[127.04866,37.20854],[127.04891,37.20661],[127.0531,37.20201],[127.04958,37.19684],[127.05662,37.19721],[127.06147,37.1994],[127.06497,37.19775],[127.06602,37.19572],[127.06565,37.19216],[127.06864,37.19062],[127.06532,37.18645],[127.06606,37.18432],[127.07106,37.18404],[127.07187,37.18309],[127.07303,37.17456],[127.07073,37.17392],[127.07072,37.17046],[127.07127,37.16821],[127.0759,37.16368],[127.07539,37.1626],[127.08895,37.16052],[127.09518,37.15851],[127.09799,37.15585],[127.09873,37.15308],[127.09776,37.1517],[127.09921,37.15116],[127.10095,37.14609],[127.10401,37.14195],[127.11413,37.14462],[127.11895,37.14378],[127.12708,37.14565],[127.13059,37.15179],[127.12794,37.16072],[127.13387,37.16493],[127.13301,37.16909],[127.14841,37.16968],[127.15563,37.17676],[127.15923,37.17795],[127.16069,37.18041],[127.15908,37.18413],[127.16096,37.19164],[127.15546,37.19774],[127.15285,37.19723],[127.15196,37.19911],[127.15537,37.20346],[127.15589,37.20595],[127.15777,37.20717],[127.15172,37.21414],[127.15125,37.21872],[127.1443,37.21864],[127.13618,37.21564],[127.11738,37.21996],[127.11518,37.21915],[127.10465,37.21986],[127.08896,37.21636],[127.08232,37.21983],[127.07558,37.2259],[127.07322,37.22632],[127.06753,37.22214],[127.07072,37.2137],[127.06438,37.21208],[127.06181,37.22041],[127.06033,37.22148],[127.05284,37.21486],[127.05627,37.2122],[127.05438,37.20845],[127.05143,37.20874],[127.05051,37.21181],[127.04866,37.20854]]]}},{"type":"Feature","id":"경기도_화성시_만세구","properties":{"id":"경기도_화성시_만세구","sido":"경기도","sigungu":"화성시 만세구","name":"화성시 만세구","parentCity":"화성시","center":[37.152031,126.781247],"dongCount":10},"geometry":{"type":"MultiPolygon","coordinates":[[[[126.53704,37.10894],[126.5391,37.09905],[126.54167,37.10276],[126.54017,37.11181],[126.5375,37.11243],[126.53704,37.10894]]],[[[126.55288,37.05929],[126.55367,37.05835],[126.55929,37.06179],[126.55741,37.06448],[126.55288,37.05929]]],[[[126.61276,37.11826],[126.61409,37.11729],[126.61558,37.11959],[126.61276,37.11826]]],[[[126.61424,37.1558],[126.61821,37.1576],[126.6224,37.16315],[126.62711,37.16709],[126.63062,37.17381],[126.62182,37.17898],[126.61899,37.17766],[126.61668,37.17495],[126.61747,37.16179],[126.61688,37.15917],[126.61424,37.1558]]],[[[126.63731,37.14344],[126.63753,37.13998],[126.63866,37.13935],[126.63919,37.14227],[126.63731,37.14344]]],[[[126.64808,37.24901],[126.65144,37.2388],[126.65557,37.23476],[126.65763,37.23595],[126.6567,37.2378],[126.66131,37.23823],[126.66453,37.23679],[126.66477,37.23364],[126.66857,37.22916],[126.67154,37.2303],[126.67296,37.22958],[126.67738,37.2236],[126.67557,37.22111],[126.66687,37.21794],[126.66611,37.21674],[126.6654,37.21168],[126.66623,37.20864],[126.67272,37.20002],[126.67694,37.20092],[126.67894,37.20395],[126.67921,37.20718],[126.68418,37.20945],[126.6849,37.20829],[126.68844,37.20755],[126.69021,37.21302],[126.69175,37.2143],[126.69916,37.21374],[126.69269,37.20635],[126.69193,37.20314],[126.68389,37.20122],[126.67796,37.19761],[126.66918,37.19646],[126.67121,37.19439],[126.662,37.19677],[126.66033,37.1963],[126.65727,37.19096],[126.65162,37.19165],[126.65106,37.19109],[126.65534,37.19038],[126.65515,37.18965],[126.64927,37.18376],[126.6505,37.18253],[126.65477,37.1828],[126.65451,37.18586],[126.65989,37.19047],[126.66473,37.19147],[126.66973,37.18914],[126.66615,37.18903],[126.66456,37.18742],[126.66566,37.18619],[126.66505,37.18331],[126.66086,37.17803],[126.6585,37.17842],[126.65601,37.18093],[126.65328,37.18092],[126.65555,37.17766],[126.65765,37.16737],[126.66065,37.16211],[126.65785,37.15924],[126.64944,37.15657],[126.64934,37.15454],[126.65066,37.15362],[126.65485,37.15297],[126.65904,37.15382],[126.66393,37.15657],[126.67012,37.1557],[126.68261,37.16037],[126.6836,37.16325],[126.68926,37.16784],[126.68417,37.15968],[126.69073,37.15718],[126.6945,37.15236],[126.68371,37.14974],[126.67901,37.14073],[126.67351,37.13799],[126.6737,37.1347],[126.67622,37.13563],[126.67744,37.13497],[126.68193,37.12844],[126.68428,37.11871],[126.68089,37.1156],[126.67791,37.11503],[126.68255,37.11178],[126.68728,37.11263],[126.68848,37.11612],[126.69238,37.11917],[126.69824,37.11979],[126.70484,37.12314],[126.70503,37.12879],[126.70639,37.13104],[126.7113,37.1311],[126.71378,37.12943],[126.71922,37.132],[126.72191,37.13659],[126.72807,37.13876],[126.73208,37.14642],[126.73114,37.1491],[126.73752,37.14974],[126.74181,37.15283],[126.74646,37.16],[126.74652,37.16548],[126.74825,37.16653],[126.75304,37.16672],[126.75893,37.1649],[126.76644,37.16422],[126.77798,37.16468],[126.78862,37.17358],[126.79531,37.18136],[126.79711,37.18888],[126.79557,37.17971],[126.79259,37.17658],[126.792,37.17315],[126.79619,37.17043],[126.79576,37.1662],[126.7976,37.16245],[126.79499,37.15825],[126.78553,37.1549],[126.78125,37.15203],[126.79032,37.14955],[126.80045,37.15343],[126.80451,37.15147],[126.80765,37.14435],[126.81539,37.14275],[126.81195,37.13941],[126.81038,37.14016],[126.80113,37.13865],[126.79576,37.13442],[126.79493,37.12901],[126.78749,37.1298],[126.78682,37.13269],[126.7827,37.13512],[126.7761,37.1323],[126.774,37.1283],[126.76874,37.1279],[126.75956,37.11671],[126.75827,37.11106],[126.76534,37.10592],[126.76635,37.10372],[126.76904,37.10299],[126.76982,37.10386],[126.77033,37.10148],[126.76628,37.09319],[126.7666,37.08917],[126.7656,37.08933],[126.76424,37.08651],[126.76495,37.0847],[126.76277,37.07522],[126.76413,37.06897],[126.76134,37.06808],[126.76289,37.0628],[126.77018,37.06385],[126.76895,37.06014],[126.75659,37.05639],[126.74837,37.04904],[126.74435,37.03919],[126.74475,37.03632],[126.74976,37.02956],[126.78906,37.02917],[126.79456,37.02579],[126.79503,37.01804],[126.79666,37.01602],[126.79691,37.01206],[126.83806,37.01365],[126.84693,37.01585],[126.85311,37.02],[126.88121,37.05829],[126.88391,37.06656],[126.89138,37.06703],[126.89623,37.0685],[126.90108,37.0702],[126.90207,37.07204],[126.90491,37.07364],[126.90575,37.0733],[126.9049,37.07152],[126.90577,37.06966],[126.91039,37.06883],[126.91488,37.06577],[126.92205,37.0653],[126.92865,37.06804],[126.93024,37.0671],[126.93165,37.06269],[126.94038,37.06081],[126.94409,37.0633],[126.94549,37.06556],[126.95137,37.06856],[126.95645,37.06827],[126.96125,37.06982],[126.9664,37.06911],[126.96883,37.07343],[126.97554,37.0706],[126.98463,37.07165],[126.9876,37.07045],[126.99513,37.07005],[126.99173,37.08477],[126.99359,37.08958],[126.99893,37.09259],[126.99704,37.09713],[126.99831,37.10057],[126.99785,37.10445],[126.99573,37.1082],[127.00234,37.12388],[126.99951,37.12241],[126.9981,37.12309],[126.99914,37.12364],[126.99677,37.12473],[126.99732,37.12789],[126.99618,37.12918],[126.99312,37.12981],[126.99058,37.12872],[126.98721,37.12972],[126.98214,37.13519],[126.98222,37.14145],[126.97882,37.14329],[126.96917,37.14471],[126.95856,37.14255],[126.95255,37.14553],[126.95175,37.14854],[126.94603,37.15058],[126.94521,37.14529],[126.94183,37.14308],[126.93568,37.14548],[126.93297,37.14354],[126.9306,37.14353],[126.92882,37.14617],[126.92906,37.14792],[126.93405,37.15025],[126.93661,37.15712],[126.93805,37.15701],[126.93552,37.16117],[126.92611,37.16102],[126.9199,37.15432],[126.91699,37.15574],[126.91487,37.15998],[126.91652,37.16731],[126.92135,37.16831],[126.91721,37.17586],[126.92106,37.1792],[126.92152,37.1814],[126.91997,37.18965],[126.91485,37.19185],[126.90421,37.19244],[126.89843,37.19505],[126.89417,37.19303],[126.88892,37.19703],[126.8823,37.19724],[126.87853,37.19425],[126.8759,37.19384],[126.87128,37.19783],[126.86333,37.20133],[126.8658,37.2043],[126.86696,37.20944],[126.86537,37.21174],[126.85691,37.21422],[126.84851,37.22735],[126.84523,37.22916],[126.84093,37.22929],[126.83913,37.23213],[126.83583,37.23215],[126.83281,37.23047],[126.82838,37.22984],[126.82681,37.23542],[126.82527,37.23518],[126.8237,37.23685],[126.82716,37.24297],[126.82637,37.24866],[126.82716,37.25127],[126.83077,37.25364],[126.8342,37.25412],[126.83406,37.2577],[126.84125,37.26632],[126.84503,37.26349],[126.84423,37.26287],[126.84494,37.25984],[126.84577,37.25975],[126.8452,37.26086],[126.84656,37.26407],[126.83948,37.26955],[126.83561,37.27657],[126.82806,37.27708],[126.82349,37.28644],[126.81726,37.29165],[126.81173,37.2934],[126.80464,37.29318],[126.80449,37.28366],[126.80261,37.28294],[126.80108,37.27969],[126.7992,37.279],[126.80361,37.27655],[126.80838,37.26841],[126.80991,37.26865],[126.81047,37.26719],[126.79614,37.27092],[126.79229,37.26897],[126.79011,37.26664],[126.79304,37.25945],[126.78809,37.25517],[126.78936,37.24437],[126.77806,37.24595],[126.7783,37.23925],[126.7831,37.23437],[126.78515,37.23451],[126.78641,37.23298],[126.78174,37.23439],[126.77761,37.2379],[126.77518,37.24793],[126.77248,37.24901],[126.76754,37.24832],[126.76387,37.25281],[126.75701,37.25505],[126.74071,37.25515],[126.73403,37.25035],[126.72942,37.25446],[126.72782,37.25423],[126.72546,37.25858],[126.71726,37.25611],[126.70899,37.25864],[126.70411,37.25863],[126.69856,37.26154],[126.69312,37.26152],[126.68917,37.26286],[126.68673,37.26271],[126.68487,37.2594],[126.68112,37.25722],[126.67981,37.25797],[126.6798,37.26059],[126.67691,37.26073],[126.6754,37.25743],[126.68028,37.25602],[126.67661,37.24647],[126.66994,37.24285],[126.66821,37.24281],[126.66714,37.2444],[126.65498,37.24681],[126.65615,37.24801],[126.65237,37.25075],[126.65057,37.25418],[126.64808,37.24901]]],[[[126.65769,37.20228],[126.65859,37.20187],[126.65894,37.20286],[126.65769,37.20228]]],[[[126.66028,37.20489],[126.66334,37.20367],[126.66318,37.20543],[126.66028,37.20489]]],[[[126.66668,37.27532],[126.66876,37.27345],[126.68002,37.27438],[126.68497,37.28062],[126.68017,37.2839],[126.67867,37.28368],[126.67286,37.28089],[126.66668,37.27532]]],[[[126.7303,37.07317],[126.73032,37.07218],[126.7317,37.07223],[126.74251,37.07676],[126.74195,37.08323],[126.73608,37.09308],[126.73526,37.09264],[126.73581,37.083],[126.73191,37.07772],[126.7303,37.07317]]],[[[126.73423,37.28309],[126.74491,37.28301],[126.74589,37.28362],[126.74561,37.28749],[126.73942,37.28918],[126.73666,37.28832],[126.73475,37.28594],[126.73423,37.28309]]],[[[126.762,37.26084],[126.76647,37.25951],[126.76564,37.26197],[126.762,37.26084]]]]}},{"type":"Feature","id":"경기도_화성시_병점구","properties":{"id":"경기도_화성시_병점구","sido":"경기도","sigungu":"화성시 병점구","name":"화성시 병점구","parentCity":"화성시","center":[37.217186,127.027404],"dongCount":5},"geometry":{"type":"Polygon","coordinates":[[[126.97923,37.20964],[126.97999,37.20682],[126.9851,37.20194],[126.98557,37.20023],[126.98373,37.19758],[126.98477,37.19523],[126.99522,37.19397],[126.99744,37.19251],[126.99767,37.19049],[127.00785,37.187],[127.01104,37.19375],[127.02413,37.19784],[127.02665,37.20042],[127.03689,37.19994],[127.03872,37.19833],[127.0499,37.19598],[127.04994,37.19795],[127.0531,37.20201],[127.04891,37.20661],[127.04884,37.2094],[127.05051,37.21181],[127.05143,37.20874],[127.05387,37.20813],[127.05622,37.21067],[127.05627,37.2122],[127.05284,37.21486],[127.06033,37.22148],[127.06181,37.22041],[127.06438,37.21208],[127.07072,37.2137],[127.06753,37.22214],[127.07261,37.22612],[127.07558,37.2259],[127.07456,37.22813],[127.06877,37.23011],[127.06843,37.23765],[127.06668,37.24015],[127.06326,37.23917],[127.05827,37.23413],[127.05256,37.23106],[127.05362,37.23344],[127.05166,37.23431],[127.04595,37.23279],[127.04164,37.2352],[127.03912,37.23724],[127.04262,37.24675],[127.04109,37.24737],[127.04085,37.24377],[127.03714,37.2405],[127.0367,37.2384],[127.02964,37.23201],[127.0229,37.22951],[127.02396,37.22718],[127.02199,37.22446],[127.0081,37.22784],[127.00313,37.2228],[127.00343,37.22005],[126.99951,37.21966],[126.99386,37.21687],[126.98011,37.21286],[126.97923,37.20964]]]}},{"type":"Feature","id":"경기도_화성시_효행구","properties":{"id":"경기도_화성시_효행구","sido":"경기도","sigungu":"화성시 효행구","name":"화성시 효행구","parentCity":"화성시","center":[37.208755,126.929667],"dongCount":5},"geometry":{"type":"Polygon","coordinates":[[[126.8237,37.23685],[126.82527,37.23518],[126.82681,37.23542],[126.82838,37.22984],[126.83281,37.23047],[126.83583,37.23215],[126.83913,37.23213],[126.84093,37.22929],[126.84523,37.22916],[126.84998,37.22615],[126.85691,37.21422],[126.86537,37.21174],[126.86696,37.20944],[126.8658,37.2043],[126.86333,37.20133],[126.87128,37.19783],[126.8759,37.19384],[126.87853,37.19425],[126.8823,37.19724],[126.88892,37.19703],[126.89417,37.19303],[126.89843,37.19505],[126.90421,37.19244],[126.91485,37.19185],[126.91997,37.18965],[126.92152,37.1814],[126.92106,37.1792],[126.91721,37.17586],[126.92135,37.16831],[126.91652,37.16731],[126.91487,37.15998],[126.91699,37.15574],[126.9199,37.15432],[126.92611,37.16102],[126.93552,37.16117],[126.93805,37.15701],[126.93661,37.15712],[126.93405,37.15025],[126.92906,37.14792],[126.92882,37.14617],[126.9306,37.14353],[126.93297,37.14354],[126.93568,37.14548],[126.94183,37.14308],[126.94521,37.14529],[126.94603,37.15058],[126.95175,37.14854],[126.95255,37.14553],[126.95856,37.14255],[126.96917,37.14471],[126.97882,37.14329],[126.98222,37.14145],[126.98214,37.13519],[126.98721,37.12972],[126.99058,37.12872],[126.99312,37.12981],[126.99618,37.12918],[126.99732,37.12789],[126.99677,37.12473],[126.99952,37.12351],[127.00243,37.12438],[127.00537,37.1281],[127.0175,37.12992],[127.02422,37.13322],[127.02887,37.13337],[127.03563,37.13602],[127.02982,37.14532],[127.03013,37.14952],[127.02783,37.15379],[127.03049,37.15601],[127.02976,37.15876],[127.02697,37.16066],[127.0281,37.16312],[127.01905,37.16729],[127.00653,37.16806],[127.00007,37.17355],[126.99525,37.17501],[126.99515,37.17727],[126.9965,37.17846],[126.99977,37.17758],[127.00456,37.18041],[127.00461,37.18148],[127.00243,37.18205],[127.00785,37.187],[126.99767,37.19049],[126.99744,37.19251],[126.99522,37.19397],[126.98477,37.19523],[126.98373,37.19758],[126.98557,37.20023],[126.9851,37.20194],[126.97999,37.20682],[126.97925,37.2088],[126.98002,37.21282],[126.99386,37.21687],[126.99951,37.21966],[127.00343,37.22005],[127.00313,37.2228],[127.0081,37.22784],[126.99265,37.23085],[126.98812,37.23359],[126.98036,37.23224],[126.97822,37.22957],[126.97039,37.2292],[126.96695,37.23563],[126.95776,37.23976],[126.95796,37.2426],[126.95619,37.24677],[126.95337,37.24813],[126.95224,37.25147],[126.94998,37.25382],[126.95005,37.25584],[126.94653,37.2575],[126.93513,37.25692],[126.93085,37.26104],[126.92901,37.26366],[126.92726,37.27143],[126.92868,37.27672],[126.92737,37.2788],[126.91756,37.28539],[126.91385,37.29147],[126.91198,37.29015],[126.90555,37.28989],[126.9015,37.29098],[126.89841,37.294],[126.89955,37.2902],[126.89323,37.28677],[126.89109,37.28385],[126.89139,37.28248],[126.88781,37.28079],[126.88405,37.28162],[126.87969,37.28567],[126.87853,37.28395],[126.87815,37.27923],[126.87132,37.27471],[126.85822,37.27418],[126.85272,37.27204],[126.8479,37.26596],[126.84523,37.2659],[126.84656,37.26407],[126.8452,37.26086],[126.84577,37.25975],[126.84457,37.26088],[126.84503,37.26349],[126.84125,37.26632],[126.83406,37.2577],[126.8342,37.25412],[126.83077,37.25364],[126.82728,37.25148],[126.82637,37.24866],[126.82716,37.24297],[126.8237,37.23685]]]}},{"type":"Feature","id":"인천광역시_강화군","properties":{"id":"인천광역시_강화군","sido":"인천광역시","sigungu":"강화군","name":"강화군","parentCity":null,"center":[37.706432,126.334415],"dongCount":13},"geometry":{"type":"MultiPolygon","coordinates":[[[[126.1214,37.68718],[126.12436,37.68605],[126.12657,37.68156],[126.13171,37.68264],[126.13892,37.68083],[126.14502,37.68208],[126.14303,37.68674],[126.13855,37.68684],[126.13366,37.68891],[126.13497,37.69097],[126.1328,37.69267],[126.12974,37.6916],[126.12596,37.69339],[126.12201,37.69028],[126.1214,37.68718]]],[[[126.15348,37.6774],[126.1549,37.67246],[126.159,37.67186],[126.16731,37.66618],[126.1688,37.66675],[126.16863,37.66842],[126.17769,37.66955],[126.18381,37.66755],[126.19091,37.66226],[126.19139,37.66051],[126.188,37.65855],[126.18913,37.65715],[126.1941,37.65839],[126.20477,37.65625],[126.20729,37.65467],[126.20847,37.65517],[126.20728,37.65775],[126.20515,37.65924],[126.21141,37.66659],[126.20531,37.66979],[126.19735,37.67955],[126.1959,37.68273],[126.19527,37.68904],[126.192,37.68881],[126.19031,37.68606],[126.18397,37.68427],[126.18247,37.68188],[126.1722,37.67668],[126.16676,37.67991],[126.16076,37.67875],[126.1584,37.67644],[126.15533,37.6779],[126.15348,37.6774]]],[[[126.20005,37.68999],[126.20013,37.68796],[126.20133,37.68794],[126.20211,37.69004],[126.20005,37.68999]]],[[[126.20277,37.76927],[126.20454,37.76794],[126.20728,37.76833],[126.22321,37.7552],[126.23206,37.75114],[126.2402,37.75766],[126.24237,37.76309],[126.24767,37.76545],[126.25942,37.76462],[126.2705,37.76748],[126.2728,37.76975],[126.28132,37.76837],[126.28687,37.76603],[126.29103,37.76264],[126.29498,37.76573],[126.30521,37.77059],[126.31496,37.77369],[126.31795,37.7759],[126.3224,37.78112],[126.32135,37.78194],[126.3256,37.78642],[126.33072,37.7896],[126.33023,37.79354],[126.33461,37.79918],[126.33033,37.80211],[126.32704,37.80687],[126.32389,37.8093],[126.32151,37.805],[126.31677,37.80332],[126.30567,37.80262],[126.30137,37.80447],[126.29422,37.80211],[126.29387,37.80392],[126.28275,37.80821],[126.27341,37.81404],[126.26592,37.81574],[126.2644,37.81838],[126.25681,37.81465],[126.24604,37.81517],[126.2394,37.81764],[126.23698,37.81641],[126.23292,37.81104],[126.22318,37.80541],[126.22349,37.8],[126.22176,37.79821],[126.22026,37.7982],[126.21839,37.7957],[126.21854,37.7931],[126.22217,37.79122],[126.22097,37.78622],[126.21768,37.78349],[126.21599,37.77838],[126.20919,37.77411],[126.20389,37.77322],[126.20277,37.76927]]],[[[126.20837,37.7183],[126.21179,37.71893],[126.2114,37.72237],[126.20961,37.72353],[126.20866,37.72323],[126.20837,37.7183]]],[[[126.2131,37.62892],[126.21675,37.62854],[126.21815,37.63189],[126.21635,37.63229],[126.2131,37.62892]]],[[[126.21697,37.72064],[126.21811,37.71908],[126.22723,37.71774],[126.23188,37.71593],[126.24723,37.71726],[126.24893,37.71861],[126.2405,37.72214],[126.23928,37.72587],[126.23777,37.72616],[126.23621,37.72903],[126.23682,37.73109],[126.23264,37.7339],[126.23054,37.73341],[126.22107,37.7228],[126.21697,37.72064]]],[[[126.2213,37.665],[126.22285,37.65783],[126.24061,37.66107],[126.2423,37.66292],[126.24064,37.66388],[126.23394,37.66225],[126.22384,37.6663],[126.2213,37.665]]],[[[126.22173,37.65179],[126.22506,37.64932],[126.23381,37.63793],[126.24007,37.63403],[126.24588,37.63099],[126.25983,37.62732],[126.26017,37.62245],[126.26391,37.62575],[126.26087,37.62991],[126.25427,37.63238],[126.25164,37.63619],[126.25145,37.6431],[126.25431,37.64847],[126.25746,37.65044],[126.25654,37.65309],[126.25091,37.65447],[126.24476,37.65277],[126.23945,37.65308],[126.23261,37.65648],[126.22981,37.65563],[126.23007,37.65417],[126.22765,37.6524],[126.22387,37.65473],[126.22235,37.65451],[126.22173,37.65179]]],[[[126.25609,37.71359],[126.25685,37.71218],[126.25888,37.71231],[126.25715,37.71548],[126.25609,37.71359]]],[[[126.25677,37.72563],[126.265,37.72383],[126.26979,37.72569],[126.26835,37.72756],[126.26549,37.73827],[126.25738,37.73344],[126.25677,37.72563]]],[[[126.26586,37.64834],[126.26797,37.63889],[126.27186,37.63328],[126.27431,37.63199],[126.27583,37.63456],[126.27445,37.64417],[126.27652,37.64795],[126.27625,37.65072],[126.26985,37.65648],[126.268,37.65511],[126.26586,37.64834]]],[[[126.26779,37.7104],[126.27725,37.70304],[126.28335,37.70008],[126.28514,37.69623],[126.29626,37.69041],[126.31332,37.68461],[126.3173,37.68174],[126.32374,37.669],[126.32695,37.66659],[126.32682,37.66203],[126.32444,37.66212],[126.32339,37.65911],[126.32258,37.64454],[126.32503,37.64144],[126.34281,37.64358],[126.34711,37.64564],[126.37661,37.66793],[126.37696,37.67532],[126.37959,37.6822],[126.37687,37.68542],[126.37533,37.69225],[126.37356,37.69417],[126.37193,37.69523],[126.34639,37.69916],[126.33948,37.70266],[126.33959,37.70544],[126.33822,37.70736],[126.33404,37.7073],[126.33173,37.709],[126.33264,37.71265],[126.33195,37.71436],[126.32965,37.71541],[126.32196,37.71505],[126.3206,37.71611],[126.32302,37.73187],[126.33068,37.74843],[126.32579,37.75153],[126.32395,37.75428],[126.31767,37.75292],[126.30377,37.74652],[126.29399,37.74622],[126.28742,37.74299],[126.28802,37.73588],[126.28688,37.72781],[126.28789,37.72552],[126.28563,37.72405],[126.28382,37.71483],[126.27998,37.7127],[126.27156,37.71271],[126.26779,37.7104]]],[[[126.26915,37.62074],[126.2699,37.61914],[126.27159,37.61934],[126.27093,37.62148],[126.26915,37.62074]]],[[[126.27868,37.74577],[126.28215,37.74442],[126.28625,37.74871],[126.28207,37.74964],[126.27868,37.74577]]],[[[126.29879,37.67498],[126.30069,37.67381],[126.3015,37.67596],[126.30025,37.67638],[126.29879,37.67498]]],[[[126.3414,37.73854],[126.34318,37.7206],[126.35237,37.70581],[126.37749,37.69639],[126.38677,37.69027],[126.39328,37.67784],[126.3957,37.66457],[126.38695,37.65572],[126.38851,37.65639],[126.405,37.65078],[126.40283,37.64728],[126.39529,37.64187],[126.3902,37.64152],[126.37907,37.63774],[126.36598,37.63745],[126.36416,37.63591],[126.36441,37.63411],[126.36897,37.63406],[126.372,37.63304],[126.3735,37.63113],[126.37432,37.6278],[126.37247,37.6261],[126.37513,37.62489],[126.37534,37.62171],[126.37718,37.61926],[126.37721,37.61568],[126.37369,37.61437],[126.36843,37.61486],[126.36999,37.6118],[126.37492,37.61183],[126.37772,37.60951],[126.38552,37.60765],[126.38611,37.60396],[126.39385,37.60071],[126.39549,37.59869],[126.40372,37.5941],[126.4379,37.59212],[126.44664,37.59449],[126.45163,37.59274],[126.45529,37.59335],[126.46042,37.59101],[126.46166,37.58877],[126.46592,37.59551],[126.47334,37.59749],[126.4803,37.58358],[126.49264,37.58864],[126.50047,37.59021],[126.50324,37.58964],[126.51196,37.58124],[126.51631,37.5795],[126.52651,37.58474],[126.5277,37.58658],[126.52658,37.589],[126.52159,37.58993],[126.51852,37.59344],[126.52395,37.59647],[126.54393,37.60193],[126.54728,37.60418],[126.54559,37.60964],[126.54533,37.61523],[126.54282,37.62258],[126.53547,37.63024],[126.53053,37.63855],[126.52889,37.65391],[126.53141,37.65771],[126.53446,37.65914],[126.53576,37.66502],[126.5353,37.66633],[126.52411,37.67318],[126.52298,37.67652],[126.52728,37.70314],[126.51851,37.71273],[126.51846,37.7216],[126.51966,37.72619],[126.52602,37.73809],[126.52545,37.74459],[126.5269,37.74783],[126.51239,37.76354],[126.5125,37.76767],[126.5146,37.76996],[126.51076,37.77513],[126.50982,37.78029],[126.50804,37.7833],[126.4983,37.788],[126.49083,37.78953],[126.46302,37.80601],[126.44775,37.81933],[126.44642,37.82344],[126.4435,37.82355],[126.44283,37.82625],[126.43926,37.82713],[126.43663,37.83123],[126.42689,37.83337],[126.419,37.82652],[126.41366,37.82469],[126.39387,37.82549],[126.39016,37.82316],[126.37196,37.80547],[126.35749,37.79574],[126.34893,37.79197],[126.34702,37.7881],[126.34946,37.7876],[126.3506,37.77869],[126.35396,37.77879],[126.35333,37.77653],[126.35481,37.75655],[126.3535,37.74359],[126.35205,37.74533],[126.34148,37.74837],[126.3414,37.73854]]]]}},{"type":"Feature","id":"인천광역시_검단구","properties":{"id":"인천광역시_검단구","sido":"인천광역시","sigungu":"검단구","name":"검단구","parentCity":null,"center":[37.599409,126.648852],"dongCount":8},"geometry":{"type":"Polygon","coordinates":[[[126.57258,37.58778],[126.58149,37.57144],[126.59334,37.55935],[126.59598,37.55924],[126.60695,37.56159],[126.63275,37.56981],[126.66065,37.57207],[126.70029,37.57204],[126.69793,37.57381],[126.68232,37.57728],[126.68309,37.58146],[126.68199,37.58374],[126.68615,37.584],[126.7133,37.57769],[126.71774,37.5815],[126.71777,37.58533],[126.72513,37.592],[126.7216,37.59622],[126.71714,37.59858],[126.71199,37.60479],[126.70837,37.60493],[126.70451,37.60265],[126.70425,37.60555],[126.70608,37.60777],[126.70528,37.61154],[126.69863,37.61746],[126.68168,37.62653],[126.68007,37.62964],[126.67517,37.62995],[126.67408,37.63223],[126.67094,37.63436],[126.66108,37.63672],[126.65944,37.63823],[126.65428,37.63807],[126.65246,37.63958],[126.65131,37.6377],[126.65169,37.63517],[126.64758,37.62874],[126.63948,37.62776],[126.63695,37.62603],[126.63657,37.62049],[126.63434,37.61941],[126.63281,37.61692],[126.62769,37.60597],[126.6234,37.6028],[126.61475,37.60587],[126.61246,37.60543],[126.60906,37.60415],[126.60412,37.59883],[126.59272,37.59298],[126.57258,37.58778]]]}},{"type":"Feature","id":"인천광역시_계양구","properties":{"id":"인천광역시_계양구","sido":"인천광역시","sigungu":"계양구","name":"계양구","parentCity":null,"center":[37.558624,126.737742],"dongCount":12},"geometry":{"type":"Polygon","coordinates":[[[126.68179,37.58338],[126.68309,37.58146],[126.68232,37.57728],[126.69906,37.57338],[126.70041,37.57169],[126.69913,37.56927],[126.70014,37.56559],[126.70344,37.56426],[126.70235,37.56075],[126.69968,37.55863],[126.7021,37.55603],[126.70657,37.55706],[126.71213,37.55256],[126.70826,37.54596],[126.70599,37.54495],[126.70734,37.54288],[126.70634,37.54189],[126.69928,37.54043],[126.69778,37.54211],[126.69483,37.54183],[126.69267,37.54115],[126.69252,37.53698],[126.69142,37.53598],[126.68361,37.5352],[126.68246,37.532],[126.6829,37.53112],[126.68692,37.53074],[126.68747,37.52616],[126.68916,37.52356],[126.76034,37.5241],[126.76095,37.53786],[126.76501,37.55048],[126.76417,37.55082],[126.76649,37.55288],[126.76634,37.55493],[126.76469,37.55537],[126.7666,37.55667],[126.77311,37.5575],[126.77201,37.5588],[126.77563,37.5618],[126.77792,37.56011],[126.7748,37.56753],[126.77563,37.56816],[126.77696,37.56634],[126.78053,37.56833],[126.7825,37.57023],[126.7827,37.57356],[126.78757,37.5756],[126.79006,37.57757],[126.79052,37.58031],[126.79174,37.58114],[126.79299,37.57974],[126.7937,37.58154],[126.78705,37.58555],[126.78411,37.58259],[126.7801,37.58436],[126.77336,37.58512],[126.76731,37.58803],[126.76308,37.58489],[126.7577,37.58479],[126.75474,37.58043],[126.75182,37.57957],[126.74993,37.58095],[126.75003,37.58368],[126.74628,37.58712],[126.74362,37.59335],[126.73903,37.59369],[126.73705,37.59318],[126.73502,37.59047],[126.72901,37.59294],[126.72513,37.592],[126.71777,37.58533],[126.71774,37.5815],[126.7133,37.57769],[126.68615,37.584],[126.68179,37.58338]]]}},{"type":"Feature","id":"인천광역시_남동구","properties":{"id":"인천광역시_남동구","sido":"인천광역시","sigungu":"남동구","name":"남동구","parentCity":null,"center":[37.430337,126.72381],"dongCount":20},"geometry":{"type":"Polygon","coordinates":[[[126.66778,37.3923],[126.67298,37.38942],[126.71026,37.38316],[126.70989,37.38157],[126.7114,37.38105],[126.72091,37.38114],[126.73604,37.3952],[126.74582,37.40117],[126.75058,37.40761],[126.75224,37.41448],[126.75504,37.41799],[126.75369,37.42254],[126.75968,37.42653],[126.76381,37.42576],[126.76737,37.42659],[126.77035,37.42905],[126.77131,37.43523],[126.76884,37.44293],[126.77071,37.44851],[126.77174,37.45027],[126.77832,37.45079],[126.77977,37.45433],[126.77829,37.45508],[126.77745,37.45752],[126.77984,37.46579],[126.77796,37.47],[126.77823,37.47179],[126.76774,37.47176],[126.76644,37.4699],[126.75694,37.46917],[126.75452,37.46573],[126.74871,37.46585],[126.74605,37.46482],[126.74195,37.46915],[126.73847,37.4709],[126.73054,37.47253],[126.727,37.47031],[126.72285,37.47027],[126.71631,37.47622],[126.71265,37.4764],[126.71094,37.47962],[126.70798,37.46933],[126.70329,37.46792],[126.69761,37.46809],[126.68605,37.47202],[126.68436,37.46953],[126.68724,37.46897],[126.6868,37.46621],[126.69279,37.46551],[126.69724,37.46129],[126.69467,37.45881],[126.69504,37.45566],[126.69429,37.4515],[126.69261,37.45054],[126.69288,37.44823],[126.69581,37.44487],[126.70288,37.44277],[126.70236,37.43887],[126.70463,37.43884],[126.7062,37.43415],[126.70528,37.42698],[126.69866,37.41949],[126.68727,37.41084],[126.68441,37.4046],[126.67802,37.40142],[126.66778,37.3923]]]}},{"type":"Feature","id":"인천광역시_미추홀구","properties":{"id":"인천광역시_미추홀구","sido":"인천광역시","sigungu":"미추홀구","name":"미추홀구","parentCity":null,"center":[37.457132,126.666025],"dongCount":21},"geometry":{"type":"Polygon","coordinates":[[[126.62917,37.45226],[126.63468,37.431],[126.64059,37.43046],[126.64466,37.43181],[126.64813,37.43512],[126.66054,37.43549],[126.67512,37.43028],[126.67707,37.4315],[126.68559,37.43019],[126.68717,37.43318],[126.69669,37.4334],[126.69493,37.43877],[126.70236,37.43887],[126.70288,37.44277],[126.69581,37.44487],[126.69288,37.44823],[126.69261,37.45054],[126.69429,37.4515],[126.69504,37.45566],[126.69467,37.45881],[126.69724,37.46129],[126.69279,37.46551],[126.6868,37.46621],[126.68724,37.46897],[126.68436,37.46953],[126.68605,37.47202],[126.67048,37.47685],[126.655,37.48408],[126.65295,37.48169],[126.65283,37.47987],[126.65434,37.47847],[126.6513,37.47449],[126.65262,37.47323],[126.65242,37.47051],[126.65029,37.46951],[126.64555,37.46995],[126.64279,37.46849],[126.64215,37.46504],[126.63913,37.46346],[126.63401,37.45557],[126.62917,37.45226]]]}},{"type":"Feature","id":"인천광역시_부평구","properties":{"id":"인천광역시_부평구","sido":"인천광역시","sigungu":"부평구","name":"부평구","parentCity":null,"center":[37.494457,126.725479],"dongCount":22},"geometry":{"type":"Polygon","coordinates":[[[126.68322,37.517],[126.68328,37.51466],[126.68696,37.51225],[126.68685,37.50913],[126.68877,37.50827],[126.68845,37.50521],[126.69217,37.50187],[126.68951,37.49827],[126.69284,37.49536],[126.69223,37.4924],[126.69793,37.48985],[126.69991,37.48664],[126.70154,37.48661],[126.70135,37.4851],[126.69263,37.48535],[126.68982,37.48298],[126.69065,37.47908],[126.68404,37.47335],[126.6883,37.47077],[126.69761,37.46809],[126.70329,37.46792],[126.70798,37.46933],[126.71094,37.47962],[126.71265,37.4764],[126.71631,37.47622],[126.72285,37.47027],[126.727,37.47031],[126.73054,37.47253],[126.73847,37.4709],[126.74195,37.46915],[126.74605,37.46482],[126.74871,37.46585],[126.75452,37.46573],[126.75694,37.46917],[126.76644,37.4699],[126.76774,37.47176],[126.76519,37.47523],[126.75906,37.47682],[126.75827,37.47882],[126.75525,37.48082],[126.75549,37.4828],[126.75452,37.4837],[126.7426,37.48665],[126.74163,37.4951],[126.74362,37.50148],[126.74158,37.50893],[126.74375,37.51037],[126.7458,37.51476],[126.75059,37.51498],[126.752,37.51641],[126.76028,37.51586],[126.76012,37.51797],[126.761,37.51798],[126.76034,37.5241],[126.68916,37.52356],[126.68613,37.52172],[126.68322,37.517]]]}},{"type":"Feature","id":"인천광역시_서해구","properties":{"id":"인천광역시_서해구","sido":"인천광역시","sigungu":"서해구","name":"서해구","parentCity":null,"center":[37.522709,126.644621],"dongCount":18},"geometry":{"type":"MultiPolygon","coordinates":[[[[126.57711,37.54684],[126.57902,37.54471],[126.58014,37.54485],[126.57883,37.54737],[126.57711,37.54684]]],[[[126.58403,37.54856],[126.58747,37.54457],[126.59035,37.54773],[126.58725,37.54986],[126.58403,37.54856]]],[[[126.59334,37.55935],[126.59372,37.55426],[126.60451,37.5556],[126.60658,37.55369],[126.60481,37.55277],[126.60594,37.55041],[126.60509,37.53932],[126.59915,37.53917],[126.59939,37.53342],[126.60247,37.53326],[126.60266,37.52785],[126.611,37.52779],[126.60266,37.52705],[126.60261,37.51706],[126.60187,37.51689],[126.6045,37.51199],[126.60439,37.49681],[126.62679,37.49722],[126.62969,37.49957],[126.62971,37.50238],[126.63407,37.50332],[126.63483,37.50439],[126.64111,37.50498],[126.63993,37.50385],[126.64076,37.49587],[126.66359,37.48327],[126.671,37.47778],[126.67048,37.47685],[126.68306,37.47345],[126.69065,37.47908],[126.68982,37.48298],[126.69263,37.48535],[126.70135,37.4851],[126.70154,37.48661],[126.69991,37.48664],[126.69793,37.48985],[126.69223,37.4924],[126.69284,37.49536],[126.68951,37.49822],[126.69217,37.50187],[126.68845,37.50521],[126.68877,37.50827],[126.68685,37.50913],[126.68696,37.51225],[126.68328,37.51466],[126.68322,37.517],[126.68613,37.52172],[126.68916,37.52356],[126.68747,37.52616],[126.68692,37.53074],[126.6829,37.53112],[126.68246,37.532],[126.68416,37.53545],[126.69142,37.53598],[126.69252,37.53698],[126.69267,37.54115],[126.69778,37.54211],[126.69928,37.54043],[126.70634,37.54189],[126.70734,37.54288],[126.70599,37.54495],[126.70826,37.54596],[126.71213,37.55256],[126.70657,37.55706],[126.7021,37.55603],[126.69951,37.55889],[126.70235,37.56075],[126.70344,37.56426],[126.70014,37.56559],[126.69913,37.56927],[126.70029,37.57204],[126.66065,37.57207],[126.63275,37.56981],[126.60695,37.56159],[126.59334,37.55935]]]]}},{"type":"Feature","id":"인천광역시_연수구","properties":{"id":"인천광역시_연수구","sido":"인천광역시","sigungu":"연수구","name":"연수구","parentCity":null,"center":[37.390848,126.651118],"dongCount":15},"geometry":{"type":"Polygon","coordinates":[[[126.58453,37.35466],[126.58461,37.34738],[126.61727,37.34732],[126.61731,37.34285],[126.66107,37.34325],[126.71593,37.37907],[126.71608,37.38041],[126.71771,37.38111],[126.7114,37.38105],[126.70989,37.38157],[126.71026,37.38316],[126.67298,37.38942],[126.66778,37.3923],[126.67802,37.40142],[126.68441,37.4046],[126.68765,37.41123],[126.69866,37.41949],[126.70429,37.42512],[126.7062,37.43415],[126.70463,37.43884],[126.69493,37.43877],[126.69669,37.4334],[126.68717,37.43318],[126.68559,37.43019],[126.67707,37.4315],[126.67512,37.43028],[126.66054,37.43549],[126.6542,37.43543],[126.64813,37.43512],[126.64466,37.43181],[126.64059,37.43046],[126.63589,37.43139],[126.63468,37.431],[126.63497,37.43003],[126.61087,37.42992],[126.6109,37.42705],[126.60791,37.42708],[126.58981,37.43305],[126.59029,37.41914],[126.59682,37.41595],[126.60972,37.41605],[126.60987,37.38716],[126.61607,37.37925],[126.62473,37.37415],[126.61191,37.35531],[126.58453,37.35466]]]}},{"type":"Feature","id":"인천광역시_영종구","properties":{"id":"인천광역시_영종구","sido":"인천광역시","sigungu":"영종구","name":"영종구","parentCity":null,"center":[37.449838,126.469255],"dongCount":6},"geometry":{"type":"MultiPolygon","coordinates":[[[[126.35566,37.46735],[126.35628,37.46305],[126.36106,37.45726],[126.3648,37.45596],[126.36575,37.45624],[126.36529,37.45747],[126.36635,37.45739],[126.36849,37.45628],[126.3705,37.44856],[126.37221,37.44688],[126.37186,37.44436],[126.36777,37.44434],[126.36397,37.44221],[126.36434,37.44149],[126.373,37.44036],[126.37646,37.4412],[126.37833,37.43973],[126.38096,37.43462],[126.38216,37.43578],[126.38055,37.43907],[126.38969,37.44076],[126.3906,37.44353],[126.39529,37.44609],[126.4,37.44371],[126.404,37.43974],[126.39968,37.43408],[126.40193,37.43323],[126.40661,37.43821],[126.40988,37.43761],[126.41441,37.43393],[126.41737,37.42959],[126.41981,37.42137],[126.42252,37.42117],[126.4277,37.42295],[126.44181,37.42089],[126.47791,37.44084],[126.49616,37.44821],[126.50735,37.46581],[126.52115,37.46914],[126.53731,37.47583],[126.55037,37.47639],[126.56484,37.47962],[126.56937,37.48402],[126.57648,37.48835],[126.58234,37.48975],[126.58285,37.49158],[126.57949,37.49224],[126.58042,37.49344],[126.57668,37.50373],[126.56911,37.5078],[126.56433,37.51446],[126.54389,37.52361],[126.52634,37.52737],[126.52091,37.53393],[126.51378,37.53498],[126.49839,37.53185],[126.49535,37.52647],[126.49407,37.5162],[126.49046,37.5099],[126.48299,37.5042],[126.4701,37.50287],[126.46454,37.49947],[126.43217,37.50392],[126.37342,37.47213],[126.36509,37.4747],[126.35974,37.47343],[126.35896,37.47065],[126.3564,37.46973],[126.35566,37.46735]]],[[[126.38877,37.39859],[126.38922,37.39633],[126.39075,37.39586],[126.39456,37.40075],[126.39725,37.40241],[126.39676,37.40495],[126.39329,37.40499],[126.38982,37.40294],[126.38877,37.39859]]],[[[126.39591,37.39259],[126.39697,37.3909],[126.40452,37.39136],[126.40735,37.38812],[126.40912,37.37651],[126.40706,37.37272],[126.41322,37.36625],[126.41536,37.36536],[126.42588,37.36796],[126.43352,37.3685],[126.43497,37.37033],[126.43345,37.37159],[126.43352,37.37419],[126.44026,37.37672],[126.44034,37.37864],[126.43629,37.37955],[126.43515,37.38162],[126.44138,37.38136],[126.44104,37.38564],[126.435,37.38956],[126.43166,37.3899],[126.42988,37.39124],[126.42314,37.39808],[126.42248,37.40154],[126.41461,37.40349],[126.41362,37.40513],[126.41412,37.40909],[126.40961,37.41278],[126.40725,37.41321],[126.40238,37.40969],[126.4046,37.40708],[126.40111,37.4026],[126.40046,37.40046],[126.40163,37.39862],[126.39591,37.39259]]],[[[126.4119,37.41809],[126.41326,37.4159],[126.4169,37.4171],[126.41619,37.41978],[126.4124,37.4203],[126.4119,37.41809]]],[[[126.43248,37.40452],[126.43537,37.40493],[126.4406,37.40347],[126.44196,37.405],[126.43632,37.4062],[126.43248,37.40452]]],[[[126.43912,37.36153],[126.44104,37.36011],[126.44224,37.3613],[126.43912,37.36153]]],[[[126.4398,37.37167],[126.44296,37.37009],[126.44583,37.37073],[126.44634,37.37502],[126.44128,37.37419],[126.4398,37.37167]]],[[[126.48625,37.51668],[126.48778,37.51547],[126.48975,37.51685],[126.48625,37.51668]]],[[[126.50956,37.3584],[126.51009,37.35706],[126.51197,37.35691],[126.51322,37.35939],[126.51013,37.35959],[126.50956,37.3584]]],[[[126.57169,37.54021],[126.57571,37.53719],[126.57761,37.53795],[126.57807,37.54087],[126.57535,37.54277],[126.57169,37.54021]]],[[[126.57184,37.5293],[126.57867,37.52515],[126.58042,37.52563],[126.57483,37.53024],[126.57184,37.5293]]],[[[126.57351,37.53472],[126.57529,37.53442],[126.57585,37.53609],[126.57437,37.53648],[126.57351,37.53472]]]]}},{"type":"Feature","id":"인천광역시_옹진군","properties":{"id":"인천광역시_옹진군","sido":"인천광역시","sigungu":"옹진군","name":"옹진군","parentCity":null,"center":[37.608517,125.708816],"dongCount":7},"geometry":{"type":"MultiPolygon","coordinates":[[[[124.60968,37.96951],[124.61142,37.96058],[124.61437,37.95853],[124.61889,37.95817],[124.62498,37.95328],[124.62233,37.9517],[124.62231,37.94709],[124.63034,37.93741],[124.63342,37.92954],[124.63758,37.9229],[124.64726,37.92218],[124.65079,37.92338],[124.6549,37.92319],[124.65619,37.92239],[124.65558,37.92067],[124.66511,37.92248],[124.67147,37.91927],[124.67369,37.9211],[124.67985,37.92196],[124.68733,37.91736],[124.68763,37.91532],[124.68942,37.91449],[124.69893,37.91883],[124.69963,37.92099],[124.69856,37.92515],[124.70443,37.9307],[124.7048,37.93322],[124.70316,37.93503],[124.70387,37.93817],[124.708,37.9441],[124.71495,37.94691],[124.72293,37.95309],[124.72542,37.95388],[124.73092,37.95373],[124.72903,37.95096],[124.72967,37.95011],[124.73491,37.95137],[124.73752,37.95396],[124.73748,37.95589],[124.73039,37.95726],[124.73001,37.95845],[124.7301,37.96025],[124.73304,37.96219],[124.73557,37.96198],[124.73749,37.9586],[124.74106,37.95685],[124.74533,37.95745],[124.74626,37.95873],[124.74554,37.96164],[124.73738,37.96232],[124.73291,37.96569],[124.72952,37.97826],[124.72449,37.97927],[124.72158,37.98199],[124.70955,37.98235],[124.70553,37.98431],[124.69651,37.98323],[124.694,37.97976],[124.68825,37.98041],[124.68512,37.98245],[124.67802,37.97939],[124.67563,37.97979],[124.67418,37.9819],[124.67012,37.98105],[124.67024,37.9797],[124.66778,37.97741],[124.65507,37.97304],[124.64743,37.97341],[124.64535,37.97023],[124.64047,37.96875],[124.62341,37.97672],[124.6156,37.97809],[124.61415,37.97417],[124.60968,37.96951]]],[[[124.65686,37.79858],[124.65824,37.79765],[124.66097,37.79797],[124.65686,37.79858]]],[[[124.66218,37.82239],[124.66283,37.82071],[124.6718,37.81729],[124.67537,37.81371],[124.67869,37.81341],[124.68086,37.81468],[124.68375,37.81279],[124.68485,37.81052],[124.68411,37.80591],[124.67914,37.80191],[124.68094,37.79876],[124.68262,37.79828],[124.68767,37.79996],[124.68436,37.80227],[124.68883,37.80595],[124.69791,37.80864],[124.7013,37.8045],[124.70298,37.80437],[124.71166,37.80699],[124.71682,37.81096],[124.72055,37.81644],[124.72054,37.82014],[124.71819,37.8265],[124.71451,37.82819],[124.7141,37.83014],[124.71873,37.83597],[124.72824,37.83884],[124.7285,37.84145],[124.72712,37.8427],[124.72364,37.84297],[124.72115,37.84602],[124.71796,37.84674],[124.70885,37.84518],[124.70548,37.84937],[124.70396,37.84981],[124.70131,37.84868],[124.70311,37.84562],[124.70178,37.84175],[124.6994,37.84013],[124.69167,37.83864],[124.68729,37.83601],[124.68632,37.83232],[124.68035,37.82676],[124.6818,37.82527],[124.67708,37.82048],[124.67219,37.82001],[124.66887,37.82232],[124.66218,37.82239]]],[[[124.727,37.76167],[124.72771,37.75991],[124.73019,37.75844],[124.7321,37.76083],[124.7383,37.76156],[124.74072,37.76575],[124.74955,37.76796],[124.75273,37.76976],[124.76447,37.76557],[124.76679,37.76603],[124.76947,37.7678],[124.7675,37.76928],[124.76884,37.77377],[124.77206,37.77738],[124.77226,37.77921],[124.76848,37.77971],[124.76154,37.77798],[124.7511,37.7777],[124.74657,37.77571],[124.74061,37.77863],[124.73968,37.77688],[124.742,37.77572],[124.74166,37.77305],[124.73431,37.77089],[124.7334,37.7659],[124.727,37.76167]]],[[[125.64304,37.74939],[125.64359,37.74893],[125.64491,37.75049],[125.64304,37.74939]]],[[[125.64419,37.74743],[125.64626,37.74605],[125.6481,37.74662],[125.64419,37.74743]]],[[[125.64665,37.73837],[125.64993,37.73498],[125.65277,37.73821],[125.65213,37.73907],[125.64665,37.73837]]],[[[125.65042,37.7166],[125.65311,37.71475],[125.65725,37.71665],[125.65042,37.7166]]],[[[125.67611,37.67601],[125.67688,37.67398],[125.68307,37.67146],[125.68446,37.6694],[125.68493,37.66473],[125.68118,37.66269],[125.68343,37.65848],[125.68378,37.65506],[125.68292,37.65368],[125.68375,37.65285],[125.69267,37.6518],[125.69725,37.65678],[125.70038,37.65858],[125.71015,37.65392],[125.7095,37.65127],[125.71418,37.6497],[125.71282,37.65449],[125.71099,37.65574],[125.70635,37.65623],[125.70186,37.65877],[125.7062,37.66262],[125.70557,37.66315],[125.71042,37.66625],[125.71273,37.67172],[125.71691,37.67391],[125.71521,37.68205],[125.70932,37.68],[125.7074,37.68151],[125.70516,37.68147],[125.69861,37.67867],[125.69207,37.67738],[125.68632,37.67817],[125.68386,37.67954],[125.68349,37.68123],[125.67917,37.68082],[125.6768,37.67962],[125.67611,37.67601]]],[[[125.67865,37.63304],[125.67982,37.63217],[125.68014,37.63478],[125.68353,37.63823],[125.68339,37.63934],[125.68035,37.63961],[125.67865,37.63304]]],[[[125.69144,37.70914],[125.69273,37.70619],[125.69571,37.70601],[125.69265,37.70939],[125.69144,37.70914]]],[[[125.70578,37.61187],[125.71117,37.60685],[125.71732,37.60401],[125.71881,37.60376],[125.72025,37.60514],[125.71957,37.60904],[125.72087,37.61439],[125.71338,37.61557],[125.70578,37.61187]]],[[[125.71527,37.64576],[125.71959,37.64464],[125.71843,37.64604],[125.71567,37.64655],[125.71527,37.64576]]],[[[125.86801,37.17474],[125.87012,37.16849],[125.87837,37.17112],[125.88325,37.1709],[125.88297,37.17304],[125.88073,37.17422],[125.88124,37.17704],[125.88035,37.17807],[125.87787,37.17821],[125.87765,37.17576],[125.87549,37.17458],[125.86801,37.17474]]],[[[125.89153,37.13632],[125.89364,37.13572],[125.8956,37.13812],[125.89242,37.13781],[125.89153,37.13632]]],[[[125.89847,37.13853],[125.90018,37.13758],[125.90175,37.13235],[125.90384,37.13151],[125.90442,37.13513],[125.90315,37.14001],[125.90004,37.1402],[125.89847,37.13853]]],[[[125.90697,37.12041],[125.90746,37.11652],[125.90862,37.11898],[125.90826,37.12128],[125.90697,37.12041]]],[[[125.91064,37.11208],[125.91078,37.11046],[125.91337,37.10828],[125.91463,37.10823],[125.91583,37.10997],[125.91739,37.11431],[125.91429,37.11852],[125.91104,37.11557],[125.91064,37.11208]]],[[[125.91282,37.10252],[125.91412,37.10025],[125.91451,37.10247],[125.91379,37.10346],[125.91282,37.10252]]],[[[125.91436,37.12429],[125.91452,37.12083],[125.91638,37.11707],[125.91709,37.11901],[125.91436,37.12429]]],[[[125.94234,37.07746],[125.94809,37.07544],[125.94877,37.0719],[125.95288,37.07085],[125.95549,37.07234],[125.95595,37.07381],[125.95527,37.07689],[125.95298,37.07858],[125.95181,37.08163],[125.95313,37.0853],[125.95872,37.08428],[125.96065,37.08222],[125.96465,37.08089],[125.9672,37.08742],[125.96198,37.08986],[125.94995,37.08895],[125.94794,37.08738],[125.94518,37.07938],[125.94234,37.07746]]],[[[125.96027,37.18415],[125.96137,37.18236],[125.96919,37.18419],[125.97532,37.18624],[125.97518,37.18794],[125.97632,37.18866],[125.98143,37.18798],[125.98115,37.18672],[125.98334,37.18532],[125.98621,37.18799],[125.98222,37.19319],[125.97865,37.19309],[125.97273,37.19508],[125.97166,37.19462],[125.97271,37.18969],[125.96822,37.1868],[125.96547,37.18745],[125.96027,37.18415]]],[[[125.97886,37.03557],[125.97914,37.03344],[125.9831,37.03139],[125.98176,37.02935],[125.98314,37.02421],[125.98552,37.02289],[125.99041,37.02345],[125.99668,37.01811],[126.00177,37.01876],[126.01399,37.02417],[126.01495,37.02552],[126.00655,37.02618],[126.00271,37.02463],[125.99836,37.02757],[125.99501,37.02704],[125.99235,37.0326],[125.99455,37.03476],[125.99417,37.03714],[125.99217,37.03683],[125.98684,37.04061],[125.98114,37.0403],[125.97886,37.03557]]],[[[126.00627,37.08069],[126.00818,37.07926],[126.00927,37.08004],[126.0073,37.08182],[126.00627,37.08069]]],[[[126.00793,37.06834],[126.00913,37.06737],[126.01121,37.06786],[126.01015,37.06926],[126.00793,37.06834]]],[[[126.01111,37.05981],[126.01386,37.05913],[126.01479,37.0598],[126.01111,37.05981]]],[[[126.01198,37.0645],[126.01231,37.06362],[126.014,37.06385],[126.02066,37.06809],[126.02139,37.06922],[126.01956,37.07168],[126.02134,37.07637],[126.02062,37.07738],[126.01567,37.07705],[126.01277,37.0783],[126.01293,37.07628],[126.01533,37.07564],[126.01717,37.0735],[126.0143,37.07064],[126.01198,37.0645]]],[[[126.06011,37.09574],[126.06173,37.09492],[126.06531,37.09765],[126.06649,37.09681],[126.07181,37.09738],[126.07383,37.09574],[126.07326,37.09236],[126.06997,37.09181],[126.06596,37.09304],[126.06224,37.08849],[126.0638,37.08532],[126.06753,37.08337],[126.07462,37.08344],[126.08568,37.09348],[126.08888,37.09493],[126.08966,37.09891],[126.08563,37.10362],[126.08677,37.10575],[126.08576,37.10752],[126.07941,37.1085],[126.07667,37.10616],[126.07161,37.10518],[126.06634,37.10558],[126.0661,37.10309],[126.0626,37.09854],[126.06093,37.09831],[126.06011,37.09574]]],[[[126.07498,37.28939],[126.07547,37.28456],[126.07846,37.28268],[126.08569,37.2807],[126.0873,37.27784],[126.0868,37.27568],[126.09244,37.2754],[126.09775,37.2772],[126.09829,37.27939],[126.08739,37.2859],[126.08433,37.28934],[126.08159,37.29013],[126.07498,37.28939]]],[[[126.08376,37.22164],[126.0891,37.22029],[126.09502,37.22526],[126.09439,37.22667],[126.09695,37.22994],[126.10302,37.22975],[126.10465,37.22685],[126.102,37.22511],[126.10017,37.22204],[126.10455,37.21945],[126.10913,37.22074],[126.11172,37.22275],[126.11262,37.22233],[126.11588,37.21622],[126.11511,37.21499],[126.11137,37.21436],[126.11061,37.21332],[126.11736,37.20929],[126.12678,37.21259],[126.14273,37.214],[126.14317,37.20933],[126.13769,37.20672],[126.13265,37.20208],[126.13346,37.20017],[126.13646,37.20082],[126.13735,37.19544],[126.14078,37.1963],[126.14326,37.19889],[126.13985,37.20208],[126.14002,37.20322],[126.14387,37.20483],[126.14925,37.20421],[126.15201,37.20495],[126.15249,37.20739],[126.15762,37.20957],[126.15446,37.21081],[126.15486,37.21282],[126.158,37.21458],[126.15728,37.21604],[126.1529,37.21766],[126.14934,37.21643],[126.1468,37.21769],[126.14659,37.21952],[126.14913,37.22303],[126.15068,37.22319],[126.1521,37.22163],[126.15407,37.22213],[126.15556,37.22694],[126.16274,37.22873],[126.16633,37.2318],[126.15186,37.23921],[126.14339,37.23883],[126.1429,37.24002],[126.14569,37.24056],[126.14531,37.24293],[126.14271,37.24158],[126.13955,37.24299],[126.13727,37.24689],[126.1311,37.2481],[126.12865,37.25181],[126.12472,37.25182],[126.12439,37.25039],[126.12067,37.24736],[126.1185,37.24828],[126.11709,37.25099],[126.11885,37.25401],[126.11892,37.25801],[126.11495,37.25849],[126.11332,37.25736],[126.11178,37.25832],[126.10979,37.26598],[126.11117,37.26756],[126.11069,37.27199],[126.10987,37.27363],[126.10752,37.27308],[126.10468,37.27452],[126.10006,37.27216],[126.10238,37.26868],[126.10167,37.26505],[126.098,37.26215],[126.09536,37.25355],[126.08948,37.2473],[126.08942,37.23953],[126.09179,37.23656],[126.09126,37.2299],[126.08967,37.22636],[126.08832,37.22677],[126.08376,37.22164]]],[[[126.08439,37.17758],[126.08695,37.17283],[126.09207,37.16995],[126.09401,37.16696],[126.10488,37.16661],[126.10993,37.16515],[126.11261,37.17052],[126.11005,37.17067],[126.10767,37.17263],[126.1082,37.17558],[126.11258,37.1773],[126.1151,37.18055],[126.11299,37.18339],[126.11149,37.18256],[126.11016,37.17955],[126.10575,37.17934],[126.10462,37.1799],[126.10515,37.18197],[126.10063,37.18633],[126.09435,37.18846],[126.09018,37.18494],[126.08925,37.18161],[126.08613,37.18059],[126.08439,37.17758]]],[[[126.087,37.2629],[126.08859,37.26164],[126.09132,37.2632],[126.09118,37.26454],[126.0894,37.26518],[126.087,37.2629]]],[[[126.1031,37.2068],[126.10448,37.20557],[126.10582,37.2077],[126.10376,37.20815],[126.1031,37.2068]]],[[[126.10988,37.19773],[126.11096,37.19617],[126.11235,37.19677],[126.11191,37.19856],[126.10988,37.19773]]],[[[126.11449,37.18555],[126.11693,37.1848],[126.11572,37.18609],[126.11449,37.18555]]],[[[126.15846,37.22421],[126.16146,37.22176],[126.15964,37.21823],[126.16021,37.21547],[126.16255,37.21307],[126.16101,37.21197],[126.16112,37.21073],[126.16465,37.21209],[126.16847,37.21133],[126.16955,37.20879],[126.17461,37.21221],[126.177,37.21156],[126.17927,37.20477],[126.17937,37.20039],[126.18225,37.19412],[126.18393,37.19349],[126.18458,37.19993],[126.18804,37.2029],[126.19192,37.20935],[126.1876,37.21042],[126.1826,37.2094],[126.18046,37.21708],[126.17314,37.2221],[126.16992,37.22923],[126.16429,37.22407],[126.15846,37.22421]]],[[[126.18589,37.21938],[126.18718,37.21891],[126.18688,37.2211],[126.18589,37.21938]]],[[[126.18931,37.21831],[126.19342,37.21622],[126.19172,37.21862],[126.18931,37.21831]]],[[[126.21111,37.19148],[126.21216,37.19044],[126.21536,37.19072],[126.21242,37.19304],[126.21111,37.19148]]],[[[126.21386,37.18425],[126.21484,37.18223],[126.21992,37.17818],[126.22351,37.1796],[126.22835,37.17747],[126.23289,37.17916],[126.23976,37.17613],[126.24178,37.17662],[126.2396,37.17902],[126.24034,37.18046],[126.2493,37.183],[126.24671,37.18488],[126.24495,37.18454],[126.24026,37.18663],[126.23335,37.18664],[126.22697,37.18802],[126.22602,37.18401],[126.2223,37.18215],[126.21827,37.18432],[126.21989,37.18895],[126.21601,37.18918],[126.21401,37.1868],[126.21386,37.18425]]],[[[126.24332,37.17455],[126.24904,37.16984],[126.25444,37.17081],[126.26757,37.16676],[126.27291,37.16259],[126.27249,37.15957],[126.27984,37.15704],[126.28248,37.15772],[126.28475,37.1621],[126.28296,37.16363],[126.27465,37.16474],[126.27183,37.17009],[126.2715,37.17616],[126.26698,37.17553],[126.26452,37.17922],[126.26168,37.18115],[126.25712,37.18091],[126.25479,37.18216],[126.25285,37.18097],[126.25351,37.17801],[126.25055,37.17729],[126.2485,37.17901],[126.24642,37.17863],[126.24332,37.17455]]],[[[126.25806,37.55644],[126.26072,37.55079],[126.26608,37.55199],[126.25925,37.55747],[126.25806,37.55644]]],[[[126.26402,37.32704],[126.26429,37.32587],[126.26564,37.32606],[126.26947,37.32908],[126.2701,37.33152],[126.26749,37.33142],[126.26402,37.32704]]],[[[126.26463,37.54569],[126.27676,37.54419],[126.27625,37.546],[126.27028,37.54874],[126.26774,37.54884],[126.26463,37.54569]]],[[[126.26642,37.13388],[126.26726,37.13305],[126.26913,37.1338],[126.26813,37.13494],[126.26642,37.13388]]],[[[126.27109,37.31659],[126.27559,37.31384],[126.27682,37.31409],[126.27457,37.31626],[126.27337,37.31942],[126.27179,37.31938],[126.27109,37.31659]]],[[[126.27115,37.14886],[126.272,37.14428],[126.27652,37.14054],[126.27813,37.14224],[126.27605,37.14587],[126.27829,37.14929],[126.27789,37.15051],[126.27455,37.15086],[126.2717,37.15],[126.27115,37.14886]]],[[[126.27187,37.12638],[126.27369,37.12542],[126.27441,37.12676],[126.27274,37.12732],[126.27187,37.12638]]],[[[126.27793,37.26306],[126.28085,37.25861],[126.28665,37.25999],[126.29145,37.25603],[126.29426,37.25615],[126.29694,37.25191],[126.29959,37.25141],[126.30317,37.2534],[126.30547,37.25265],[126.30771,37.25112],[126.30848,37.24726],[126.30978,37.24613],[126.31156,37.24617],[126.31066,37.24885],[126.31566,37.24854],[126.31692,37.2443],[126.3184,37.24403],[126.32317,37.24709],[126.32588,37.24731],[126.32684,37.24534],[126.33134,37.24538],[126.33573,37.24816],[126.3429,37.25],[126.34899,37.2593],[126.34781,37.26101],[126.34048,37.26334],[126.33506,37.26309],[126.33372,37.26143],[126.33485,37.25672],[126.33143,37.25544],[126.33016,37.25712],[126.33058,37.25879],[126.32852,37.26069],[126.32806,37.25749],[126.3251,37.25734],[126.31536,37.26254],[126.30718,37.26297],[126.30202,37.26619],[126.28922,37.26758],[126.28798,37.27001],[126.28882,37.27131],[126.28739,37.27236],[126.2836,37.27127],[126.28387,37.26721],[126.28218,37.26396],[126.279,37.26438],[126.27793,37.26306]]],[[[126.28582,37.17255],[126.28819,37.17208],[126.28854,37.17409],[126.28648,37.17411],[126.28582,37.17255]]],[[[126.28954,37.17211],[126.29081,37.16997],[126.29497,37.1681],[126.29463,37.16459],[126.30057,37.16484],[126.30606,37.16207],[126.30658,37.16103],[126.30539,37.15946],[126.30685,37.15789],[126.31276,37.15832],[126.31592,37.16052],[126.32045,37.15814],[126.3259,37.16127],[126.31735,37.16693],[126.31215,37.17227],[126.30729,37.1711],[126.30277,37.17378],[126.29851,37.17285],[126.29568,37.17402],[126.29474,37.17607],[126.28993,37.17545],[126.28954,37.17211]]],[[[126.295,37.18409],[126.29697,37.18345],[126.29821,37.1852],[126.2962,37.18606],[126.295,37.18409]]],[[[126.29767,37.12787],[126.30069,37.12593],[126.30402,37.12935],[126.30106,37.13006],[126.29767,37.12787]]],[[[126.29951,37.13964],[126.30095,37.13747],[126.3038,37.1366],[126.30528,37.13328],[126.30457,37.13157],[126.30826,37.13136],[126.30962,37.13311],[126.30688,37.13855],[126.3,37.14058],[126.29951,37.13964]]],[[[126.30263,37.50094],[126.30385,37.50017],[126.30823,37.50283],[126.30479,37.5035],[126.30263,37.50094]]],[[[126.30736,37.56025],[126.30898,37.55609],[126.32881,37.54107],[126.32984,37.53614],[126.32783,37.53096],[126.32823,37.52778],[126.32508,37.52506],[126.32663,37.52169],[126.3298,37.52551],[126.33531,37.52675],[126.33434,37.52903],[126.33584,37.53034],[126.33996,37.52946],[126.33991,37.52621],[126.34167,37.52558],[126.34347,37.52652],[126.34365,37.52793],[126.36067,37.53067],[126.36533,37.52942],[126.37894,37.52865],[126.37987,37.52746],[126.38205,37.52736],[126.384,37.53076],[126.38404,37.53926],[126.38152,37.53763],[126.36614,37.535],[126.35303,37.53557],[126.34353,37.53955],[126.34037,37.54516],[126.34054,37.54755],[126.33716,37.55205],[126.33277,37.55065],[126.32855,37.55087],[126.31972,37.55615],[126.30989,37.56022],[126.30736,37.56025]]],[[[126.30921,37.21211],[126.31173,37.21142],[126.32106,37.21311],[126.31966,37.21869],[126.31616,37.22298],[126.3137,37.22148],[126.3127,37.21662],[126.30977,37.21433],[126.30921,37.21211]]],[[[126.31787,37.15264],[126.32241,37.15065],[126.32478,37.15353],[126.32334,37.15482],[126.31787,37.15264]]],[[[126.32077,37.51283],[126.32201,37.50943],[126.32455,37.51091],[126.32401,37.51361],[126.32077,37.51283]]],[[[126.32605,37.50128],[126.32849,37.49962],[126.33328,37.50298],[126.32755,37.50266],[126.32605,37.50128]]],[[[126.35992,37.20364],[126.36178,37.20271],[126.3624,37.20372],[126.36131,37.2047],[126.35992,37.20364]]],[[[126.36239,37.21288],[126.3633,37.2095],[126.36718,37.21039],[126.36335,37.21368],[126.36239,37.21288]]],[[[126.36658,37.18795],[126.36745,37.18698],[126.36909,37.18814],[126.36755,37.18882],[126.36658,37.18795]]],[[[126.36829,37.1928],[126.37032,37.19236],[126.36954,37.1936],[126.36829,37.1928]]],[[[126.38434,37.22069],[126.38537,37.21942],[126.38781,37.2198],[126.38595,37.22309],[126.38434,37.22069]]],[[[126.38515,37.24104],[126.38777,37.24052],[126.40003,37.24223],[126.39774,37.24415],[126.39347,37.24508],[126.39062,37.24225],[126.38612,37.24215],[126.38515,37.24104]]],[[[126.39057,37.21959],[126.39226,37.21844],[126.39503,37.21901],[126.39057,37.21959]]],[[[126.39441,37.53442],[126.39577,37.53245],[126.39786,37.53309],[126.3966,37.53482],[126.39441,37.53442]]],[[[126.40113,37.53137],[126.40471,37.52743],[126.40807,37.52594],[126.41242,37.52696],[126.41144,37.52842],[126.41224,37.53447],[126.41509,37.53592],[126.414,37.54022],[126.41249,37.54058],[126.40372,37.53579],[126.40113,37.53137]]],[[[126.41508,37.52269],[126.41616,37.522],[126.42221,37.52276],[126.42539,37.52144],[126.42737,37.52215],[126.42893,37.52375],[126.42669,37.52575],[126.43163,37.53101],[126.4351,37.53983],[126.43478,37.54254],[126.44193,37.54493],[126.4374,37.54605],[126.43288,37.54447],[126.42759,37.54855],[126.42507,37.5476],[126.42018,37.5378],[126.42203,37.53317],[126.41745,37.52463],[126.41508,37.52269]]],[[[126.41771,37.51859],[126.41989,37.51819],[126.42145,37.51984],[126.41771,37.51859]]],[[[126.42438,37.51662],[126.42692,37.5165],[126.42631,37.51857],[126.42499,37.51881],[126.42438,37.51662]]],[[[126.4278,37.26225],[126.43277,37.25986],[126.435,37.25445],[126.43559,37.24725],[126.43146,37.24723],[126.43156,37.23303],[126.4354,37.23112],[126.44255,37.23116],[126.45263,37.22901],[126.4586,37.22369],[126.45987,37.22424],[126.45898,37.22607],[126.46865,37.23225],[126.46875,37.23511],[126.4704,37.23827],[126.47462,37.24032],[126.48304,37.24195],[126.48073,37.2443],[126.48286,37.2492],[126.4763,37.25261],[126.47678,37.25364],[126.48238,37.25487],[126.48582,37.25008],[126.48749,37.24994],[126.48928,37.25088],[126.48892,37.2542],[126.48663,37.25755],[126.48802,37.25946],[126.49257,37.25898],[126.49541,37.25641],[126.49595,37.25306],[126.49843,37.25314],[126.50048,37.25464],[126.5016,37.25756],[126.49682,37.26381],[126.4943,37.27143],[126.4974,37.27709],[126.487,37.2826],[126.48268,37.28126],[126.47532,37.28244],[126.47066,37.28568],[126.47063,37.28776],[126.46648,37.28407],[126.45156,37.28228],[126.45038,37.27963],[126.45342,37.27871],[126.4537,37.27768],[126.45113,37.2742],[126.44745,37.27193],[126.44328,37.27365],[126.43779,37.2729],[126.43565,37.27519],[126.434,37.2745],[126.43386,37.26883],[126.43629,37.26723],[126.43622,37.26598],[126.42925,37.26381],[126.4278,37.26225]]],[[[126.42917,37.51809],[126.43005,37.51645],[126.43444,37.51755],[126.43636,37.51632],[126.43678,37.5147],[126.43943,37.51394],[126.43982,37.51606],[126.44431,37.51731],[126.44993,37.51648],[126.45091,37.51891],[126.45307,37.51894],[126.45983,37.51635],[126.46307,37.51355],[126.46347,37.5111],[126.47064,37.51178],[126.47082,37.51311],[126.4686,37.51373],[126.46776,37.51523],[126.47077,37.52229],[126.46855,37.52241],[126.46689,37.52475],[126.46709,37.52782],[126.47389,37.5287],[126.47251,37.53755],[126.46623,37.53907],[126.46552,37.54149],[126.4614,37.54446],[126.45698,37.54453],[126.45469,37.53789],[126.45143,37.53627],[126.44904,37.53352],[126.44672,37.53293],[126.44364,37.53406],[126.43845,37.53071],[126.43246,37.52451],[126.42917,37.51809]]],[[[126.43568,37.20822],[126.43697,37.20662],[126.43852,37.20673],[126.43806,37.20851],[126.43609,37.20906],[126.43568,37.20822]]],[[[126.51118,37.23194],[126.51236,37.22819],[126.5138,37.22767],[126.51798,37.22985],[126.51919,37.2322],[126.51827,37.23399],[126.51516,37.23478],[126.51206,37.23361],[126.51118,37.23194]]],[[[126.51234,37.25467],[126.51514,37.2505],[126.52136,37.24966],[126.52548,37.24548],[126.52567,37.23888],[126.52385,37.23546],[126.53224,37.23194],[126.54013,37.23261],[126.54061,37.23379],[126.53918,37.23557],[126.53441,37.23893],[126.53127,37.24565],[126.52724,37.24801],[126.5266,37.2491],[126.52939,37.25029],[126.52959,37.25214],[126.52406,37.25762],[126.52153,37.25799],[126.52202,37.25964],[126.52012,37.25818],[126.51441,37.25719],[126.51234,37.25467]]]]}},{"type":"Feature","id":"인천광역시_제물포구","properties":{"id":"인천광역시_제물포구","sido":"인천광역시","sigungu":"제물포구","name":"제물포구","parentCity":null,"center":[37.464428,126.628155],"dongCount":19},"geometry":{"type":"MultiPolygon","coordinates":[[[[126.58531,37.49809],[126.58645,37.49622],[126.59131,37.49588],[126.59201,37.49679],[126.58927,37.49888],[126.58531,37.49809]]],[[[126.59258,37.45772],[126.59471,37.45649],[126.59997,37.45916],[126.6018,37.45726],[126.59685,37.45491],[126.5933,37.45493],[126.59634,37.45118],[126.59288,37.4506],[126.59294,37.44132],[126.59642,37.44134],[126.59712,37.43839],[126.60099,37.43837],[126.61064,37.45349],[126.61291,37.45268],[126.60983,37.44766],[126.61818,37.44437],[126.6166,37.44179],[126.6106,37.44431],[126.60814,37.44063],[126.61419,37.43773],[126.6102,37.43014],[126.63497,37.43003],[126.62945,37.45273],[126.63401,37.45557],[126.63913,37.46346],[126.64215,37.46504],[126.64279,37.46849],[126.64555,37.46995],[126.65029,37.46951],[126.65242,37.47051],[126.65262,37.47323],[126.6513,37.47449],[126.65434,37.47847],[126.65283,37.47987],[126.65295,37.48169],[126.65496,37.48406],[126.67048,37.47685],[126.671,37.47778],[126.66359,37.48327],[126.64076,37.49587],[126.62745,37.49325],[126.63205,37.4877],[126.62689,37.49061],[126.62737,37.49146],[126.62628,37.49254],[126.60982,37.4874],[126.61165,37.48348],[126.61885,37.48547],[126.61677,37.48359],[126.61274,37.48237],[126.61365,37.47889],[126.612,37.48214],[126.6051,37.48017],[126.60457,37.4813],[126.60985,37.48294],[126.60808,37.48682],[126.60624,37.4863],[126.60054,37.48153],[126.59558,37.47185],[126.6,37.4661],[126.60327,37.46552],[126.608,37.46719],[126.60993,37.46916],[126.60705,37.47561],[126.60837,37.47599],[126.60951,37.4735],[126.61112,37.47392],[126.60998,37.47636],[126.61234,37.47701],[126.61625,37.46992],[126.61419,37.46778],[126.6142,37.46409],[126.625,37.45907],[126.62432,37.45796],[126.61219,37.46243],[126.60336,37.46016],[126.60271,37.4609],[126.60483,37.46455],[126.59967,37.4655],[126.59317,37.46372],[126.59359,37.45875],[126.59258,37.45772]]]]}}]}