{"type":"FeatureCollection","metadata":{"generatedAt":"2026-10-02T13:36:15.421Z","title":"수도권 83개 구·시·군 행정구역 경계","totalFeatures":83,"seoulCount":25,"gyeonggiCount":47,"incheonCount":11},"features":[{"type":"Feature","id":"서울특별시_강남구","properties":{"id":"서울특별시_강남구","sido":"서울특별시","sigungu":"강남구","name":"강남구","parentCity":null,"center":[37.49873,127.066858],"dongCount":22},"geometry":{"type":"Polygon","coordinates":[[[127.01186811487119,37.5278410044609],[127.01760920835164,37.52209029170141],[127.0337774785239,37.485099256250635],[127.04134584609768,37.485570527805734],[127.04457487480244,37.47819412137236],[127.05071270691823,37.47182244814768],[127.04958058799569,37.47048749255599],[127.05620665583022,37.468385352901215],[127.06161166135016,37.46895874049018],[127.06253188783644,37.47284246894814],[127.08516182670971,37.47527333765135],[127.08519858602186,37.471562082884574],[127.09501655465927,37.46365736109222],[127.0982144531008,37.458794136514655],[127.10350183559004,37.45962547869016],[127.10630703065962,37.462538385867475],[127.11339677845646,37.46107109840831],[127.11560171615524,37.458595082431124],[127.12184707701044,37.46502865992423],[127.121514010366,37.468818769333886],[127.10568253520734,37.491414898641],[127.09674069464802,37.49583086240225],[127.07549088855102,37.50120046540529],[127.07001942908744,37.50477596008535],[127.06696185902243,37.52508139275426],[127.02985684594884,37.538864306165756],[127.02156491849887,37.535530965877896],[127.01186811487119,37.5278410044609]]]}},{"type":"Feature","id":"서울특별시_강동구","properties":{"id":"서울특별시_강동구","sido":"서울특별시","sigungu":"강동구","name":"강동구","parentCity":null,"center":[37.548898,127.146558],"dongCount":18},"geometry":{"type":"Polygon","coordinates":[[[127.10956437773541,37.543469981099015],[127.1232114342576,37.53852869389422],[127.11916131560106,37.52806564603418],[127.14461305227165,37.51696019781758],[127.14580008867549,37.521989966841396],[127.15311249197217,37.52909184171362],[127.15355242225388,37.533996519079544],[127.16319304745531,37.54501868568689],[127.18355190345548,37.54582646715933],[127.18138944438635,37.55285240857273],[127.18202115687448,37.5602181761939],[127.1753594908595,37.577286308390285],[127.17766725925382,37.58083494134746],[127.16471448141864,37.579521200991636],[127.15299406860386,37.57373336277401],[127.13382468198465,37.56844520191191],[127.11392872673666,37.560161957084674],[127.11388939531747,37.553330367458294],[127.10956437773541,37.543469981099015]]]}},{"type":"Feature","id":"서울특별시_강북구","properties":{"id":"서울특별시_강북구","sido":"서울특별시","sigungu":"강북구","name":"강북구","parentCity":null,"center":[37.646908,127.014717],"dongCount":13},"geometry":{"type":"Polygon","coordinates":[[[126.97944798504241,37.65573720469107],[126.98461684039117,37.647547620649284],[126.98324352964194,37.643701871916996],[126.98589486369177,37.640568974203156],[126.98462538828213,37.63656487056025],[126.99893594081585,37.62687856060226],[127.00787567662418,37.62390909317403],[127.00804582873634,37.619369304949544],[127.01147023020268,37.61641925019858],[127.0203809793716,37.61261834351325],[127.02998261593791,37.612341807273275],[127.03041114876135,37.60913890026055],[127.03710340205886,37.61271103786459],[127.03911856064649,37.6163085183367],[127.04998624978273,37.62443094627259],[127.03847930842137,37.633913668911646],[127.0317887511463,37.642288930019724],[127.02131352658239,37.64896410100038],[127.01324470512169,37.65043985731183],[127.01540694380135,37.665838878624],[127.01843967568018,37.66939804420543],[127.01202106780516,37.67924575145411],[127.00840617907357,37.68129929272439],[127.00829247114032,37.68467769374363],[126.99798606038159,37.68382418780207],[126.99173632766428,37.67946543249625],[126.99425696395392,37.66648354847951],[126.97944798504241,37.65573720469107]]]}},{"type":"Feature","id":"서울특별시_강서구","properties":{"id":"서울특별시_강서구","sido":"서울특별시","sigungu":"강서구","name":"강서구","parentCity":null,"center":[37.565578,126.827016],"dongCount":20},"geometry":{"type":"Polygon","coordinates":[[[126.76427829650976,37.55533906695236],[126.77116283647467,37.548709603657656],[126.79017804815173,37.543844143520225],[126.7933358027529,37.541562668103744],[126.79440080024341,37.5358308630404],[126.79871858254754,37.53767504421919],[126.80284918268174,37.54308164775801],[126.80896539636831,37.543234774384906],[126.81465685566245,37.54063827458004],[126.82478314469135,37.54098954932963],[126.82886209417343,37.54637949387843],[126.83008382607376,37.54171914678337],[126.83313988659249,37.54184148790217],[126.84048532269895,37.52653732844917],[126.86401103535115,37.52979969525946],[126.86234365674757,37.5436028202059],[126.86428473113463,37.55138951230217],[126.87206241691523,37.54721015940467],[126.88071384632211,37.54787031656874],[126.88515694463443,37.54358960812174],[126.8852754472667,37.54630327749581],[126.88975440070294,37.55017183813918],[126.85840348581357,37.5696211589387],[126.85775240042004,37.574642406104125],[126.8509394260532,37.57561931537229],[126.82042807319763,37.59083571576875],[126.80289056756088,37.60461962387557],[126.79723106151403,37.59934254925098],[126.80078804748985,37.588003506064844],[126.79882789784745,37.58822394127765],[126.7927370074905,37.58017394470267],[126.79124612440634,37.580840862283196],[126.7828857043528,37.57370214874968],[126.78250268833416,37.5702298005416],[126.7754645484757,37.565378654243354],[126.77563250442621,37.56180294934664],[126.77072751213696,37.55716471349388],[126.76427829650976,37.55533906695236]]]}},{"type":"Feature","id":"서울특별시_관악구","properties":{"id":"서울특별시_관악구","sido":"서울특별시","sigungu":"관악구","name":"관악구","parentCity":null,"center":[37.465406,126.944044],"dongCount":21},"geometry":{"type":"Polygon","coordinates":[[[126.89946852575197,37.48034441659667],[126.9085463260537,37.48072596301456],[126.91125916908099,37.47814360313711],[126.9109577528336,37.47385727094998],[126.90822847082887,37.47262567309233],[126.91374882464723,37.465282329054304],[126.91396257824215,37.45864492988383],[126.92246843728651,37.4572479499552],[126.92318405676487,37.454427930434264],[126.93102571728235,37.44782068134244],[126.93100573582807,37.44578910649745],[126.93723759849101,37.441937446384784],[126.93936018608017,37.436045848901664],[126.94832358365034,37.439089570162224],[126.9622666823791,37.44065572688515],[126.96540914101514,37.44604211824499],[126.97398314583471,37.447599378097],[126.98235574666255,37.455158240783824],[126.98862046387836,37.45813532321736],[126.98816383026077,37.465524429698796],[126.98176643935402,37.47583403693234],[126.97049059255507,37.475368330993604],[126.96134484333162,37.483485379509425],[126.96034844235754,37.4938509546989],[126.95480427613981,37.49117776285547],[126.94851762744597,37.493676889616154],[126.93950920870056,37.49087629868787],[126.92851537974438,37.494767102869396],[126.92488120184615,37.49089729754877],[126.90322697949205,37.484986282537186],[126.89946852575197,37.48034441659667]]]}},{"type":"Feature","id":"서울특별시_광진구","properties":{"id":"서울특별시_광진구","sido":"서울특별시","sigungu":"광진구","name":"광진구","parentCity":null,"center":[37.548576,127.085232],"dongCount":15},"geometry":{"type":"Polygon","coordinates":[[[127.05656656376357,37.52910117290873],[127.07694695019691,37.523593169117085],[127.0981175409782,37.527558708238594],[127.11156851068245,37.54650964728894],[127.11389689245259,37.55859879907218],[127.1011460799232,37.56002336317411],[127.10398250569766,37.57069138875361],[127.10093021118088,37.573559795823115],[127.09076575013714,37.56957616514827],[127.0785759598423,37.57186080820366],[127.07210166150507,37.56004560739462],[127.07369805120223,37.55943959028698],[127.05656656376357,37.52910117290873]]]}},{"type":"Feature","id":"서울특별시_구로구","properties":{"id":"서울특별시_구로구","sido":"서울특별시","sigungu":"구로구","name":"구로구","parentCity":null,"center":[37.494963,126.857948],"dongCount":16},"geometry":{"type":"Polygon","coordinates":[[[126.81266872402362,37.49662859635275],[126.81439205171421,37.493198831681944],[126.82317211976195,37.488548949007004],[126.81950812283073,37.48555792810606],[126.81820103658725,37.47814290424062],[126.81529287906967,37.47645040312564],[126.81475306932268,37.47466778953366],[126.8178380724679,37.473154565431756],[126.82122081968524,37.476254383282466],[126.8317936893084,37.477574560161884],[126.84461852666468,37.47392918096102],[126.84648396021252,37.48170481737114],[126.85307789450388,37.48229205867379],[126.86830577620667,37.49510381307537],[126.87278030864226,37.48880355146688],[126.87528596030073,37.48853290104539],[126.87515172604859,37.48648498874045],[126.88065885796262,37.48596867912072],[126.88930072451973,37.47953628653424],[126.89895301779335,37.47895367065258],[126.90322697949205,37.484986282537186],[126.89770269766855,37.48747642165152],[126.89454625359079,37.49432239352335],[126.89333871626418,37.50251737163815],[126.89513923204422,37.50815159034568],[126.87947300173846,37.51677180493009],[126.87126067616711,37.50562598499916],[126.86316786676014,37.50525138383719],[126.85815580475304,37.509945140852274],[126.85124318202229,37.510030124131085],[126.8452943891224,37.50787100433432],[126.83898280502082,37.5029011978253],[126.83836368570552,37.50014195093868],[126.82919760604683,37.5086180529486],[126.8248500075126,37.50822147605433],[126.81934727308524,37.499299182853505],[126.81266872402362,37.49662859635275]]]}},{"type":"Feature","id":"서울특별시_금천구","properties":{"id":"서울특별시_금천구","sido":"서울특별시","sigungu":"금천구","name":"금천구","parentCity":null,"center":[37.459895,126.901124],"dongCount":10},"geometry":{"type":"Polygon","coordinates":[[[126.87390901761702,37.48333383210486],[126.87846031813442,37.474702568892894],[126.88865011557395,37.46247360090581],[126.8890657195399,37.461252155406044],[126.88605522344284,37.46064283230479],[126.88620218678163,37.456572782648905],[126.88948111664273,37.45275345995212],[126.89407376184582,37.45263950724653],[126.89934437740759,37.43819078922225],[126.90446939432324,37.43405783101786],[126.90873404837288,37.43382122608362],[126.91402737702936,37.43982362763839],[126.91942912784175,37.440775308817884],[126.92212393079929,37.445170267474644],[126.92833983953783,37.44968928439697],[126.92243000648354,37.45673173284288],[126.91396257824215,37.45864492988383],[126.91374882464723,37.465282329054304],[126.90822847082887,37.47262567309233],[126.91093401312638,37.47381997157465],[126.91193757808695,37.47690536144891],[126.90948515762085,37.47820235192579],[126.90972372138964,37.48094931346143],[126.8948078822895,37.47851228793097],[126.88907734583997,37.47962413975885],[126.88065885796262,37.48596867912072],[126.87474246807251,37.485382052103006],[126.87390901761702,37.48333383210486]]]}},{"type":"Feature","id":"서울특별시_노원구","properties":{"id":"서울특별시_노원구","sido":"서울특별시","sigungu":"노원구","name":"노원구","parentCity":null,"center":[37.655349,127.076759],"dongCount":19},"geometry":{"type":"Polygon","coordinates":[[[127.04148121127378,37.63127886172987],[127.06274332272696,37.61431406900919],[127.0857277524712,37.62016784234585],[127.0961481577492,37.61710221913888],[127.10502345145561,37.620683551019916],[127.10350738000311,37.62290365585501],[127.10526388508003,37.626913756988856],[127.11203734637901,37.63261805396303],[127.11134316814628,37.642003229780585],[127.10656795572935,37.64548959251487],[127.0949337397759,37.64551287093798],[127.09229791715144,37.64999466384976],[127.09281808479378,37.65490311643604],[127.08657643377425,37.65541206875154],[127.09244495585239,37.65809256043153],[127.09396031613478,37.66257066784949],[127.09574784263464,37.672002422528664],[127.09184409044386,37.67892377035456],[127.09628522507205,37.68573840107766],[127.09558027313277,37.68894138010215],[127.08492587944606,37.690843350239724],[127.08176430131853,37.69637761093475],[127.07734112258754,37.69638438035926],[127.06939271852256,37.69436593641172],[127.06451166037573,37.68964416068788],[127.05482232424197,37.689347752455866],[127.05077658612298,37.687021624314454],[127.05202117435238,37.68387038339776],[127.04882305564779,37.66909342765484],[127.05573212737849,37.64530636478925],[127.05437139611449,37.64064356962696],[127.05126119278462,37.64515987606064],[127.04148121127378,37.63127886172987]]]}},{"type":"Feature","id":"서울특별시_도봉구","properties":{"id":"서울특별시_도봉구","sido":"서울특별시","sigungu":"도봉구","name":"도봉구","parentCity":null,"center":[37.666152,127.031894],"dongCount":14},"geometry":{"type":"Polygon","coordinates":[[[127.00805516101765,37.690548634828936],[127.00840617907357,37.68129929272439],[127.01195190599834,37.67930743176571],[127.0184402954662,37.67007845276057],[127.01582760146722,37.666863619036434],[127.01633530053708,37.66157600210437],[127.01379029726753,37.65848072398298],[127.01324470512169,37.65043985731183],[127.02461727576701,37.64740237571814],[127.03228686725079,37.64193600430563],[127.04148121127378,37.63127886172987],[127.05059673257108,37.6451472067233],[127.05400952496252,37.64074022273305],[127.05573212737849,37.64530636478925],[127.04888687410768,37.66874327739212],[127.05200642831706,37.68366335462887],[127.04937072566871,37.69291208863025],[127.04508536551484,37.69244158977186],[127.0417228392055,37.69534775061913],[127.03282149672503,37.69171935861562],[127.02821329824008,37.700385854057345],[127.01584584752527,37.70102523886384],[127.0150167517603,37.69867387173311],[127.00920815695329,37.69523493142526],[127.00805516101765,37.690548634828936]]]}},{"type":"Feature","id":"서울특별시_동대문구","properties":{"id":"서울특별시_동대문구","sido":"서울특별시","sigungu":"동대문구","name":"동대문구","parentCity":null,"center":[37.584689,127.050872],"dongCount":14},"geometry":{"type":"Polygon","coordinates":[[[127.02316787780416,37.57804158355124],[127.02336812399952,37.57173985489921],[127.0303570854259,37.56981928565614],[127.0421804638618,37.573020962025055],[127.05814340859769,37.56276133867566],[127.07210166150507,37.56004560739462],[127.0785759598423,37.57186080820366],[127.07722920871768,37.58098209184888],[127.07162554913891,37.587947386248494],[127.0696260938658,37.59488273131149],[127.072720652335,37.602442740813075],[127.07171776032028,37.60681175155439],[127.06935521078582,37.60933156792092],[127.068734389877,37.606871138672446],[127.06233459550035,37.60528110417022],[127.06004563346212,37.60209985451752],[127.05202994180435,37.599952682071525],[127.0513273845387,37.601626501660306],[127.04764739129007,37.59628763580171],[127.04075380270517,37.59580029601416],[127.0390627541217,37.59127014721531],[127.03648830947847,37.59124586018717],[127.02316787780416,37.57804158355124]]]}},{"type":"Feature","id":"서울특별시_동작구","properties":{"id":"서울특별시_동작구","sido":"서울특별시","sigungu":"동작구","name":"동작구","parentCity":null,"center":[37.497698,126.945487],"dongCount":15},"geometry":{"type":"Polygon","coordinates":[[[126.90322697949205,37.484986282537186],[126.92430092875286,37.48996491069668],[126.92736590795097,37.494930540813414],[126.93914682252951,37.49158331202649],[126.94739248742782,37.493909343967395],[126.95480427613981,37.49117776285547],[126.96022727717208,37.49388758212987],[126.96140606167722,37.4838202871292],[126.96880182128564,37.476654161212764],[126.97049059255507,37.475368330993604],[126.98172282236325,37.476364805634546],[126.9829606464679,37.49650180829037],[126.98476648698549,37.49927787962328],[126.98774761094846,37.49823523403148],[126.980445180882,37.50330962328251],[126.98013790510133,37.51211780751312],[126.96342587409355,37.51304921329295],[126.95040239303732,37.52002668967632],[126.93303865739301,37.51576455353616],[126.92601116467537,37.51609788418518],[126.92516457138149,37.51490067462138],[126.9269776818079,37.5139699291985],[126.92023039338308,37.498511298814876],[126.91252513288332,37.4963854763693],[126.90322697949205,37.484986282537186]]]}},{"type":"Feature","id":"서울특별시_마포구","properties":{"id":"서울특별시_마포구","sido":"서울특별시","sigungu":"마포구","name":"마포구","parentCity":null,"center":[37.560177,126.910225],"dongCount":16},"geometry":{"type":"Polygon","coordinates":[[[126.85741433596955,37.57107257166085],[126.90071815198819,37.544134929887285],[126.9340062933555,37.5363358075863],[126.94357043557476,37.52941828315848],[126.94605196365963,37.535595106098995],[126.95223466492033,37.53680367004697],[126.96293445288917,37.548780050311585],[126.96170270446936,37.55534292838133],[126.96303662082667,37.558182581821896],[126.93686652452007,37.55510319990801],[126.92711637951822,37.55862807938012],[126.92811582865079,37.56315284898635],[126.92595698546215,37.56514339764689],[126.90477856031586,37.57339284870578],[126.90160744519449,37.57546229817317],[126.90312696167818,37.57689188651242],[126.90163847013622,37.57591876001031],[126.88224101754084,37.59093660473637],[126.87667182198187,37.584121335104435],[126.87707656896659,37.57890294324922],[126.8578452280807,37.57562105304849],[126.85741433596955,37.57107257166085]]]}},{"type":"Feature","id":"서울특별시_서대문구","properties":{"id":"서울특별시_서대문구","sido":"서울특별시","sigungu":"서대문구","name":"서대문구","parentCity":null,"center":[37.581759,126.9356],"dongCount":14},"geometry":{"type":"Polygon","coordinates":[[[126.90160744519449,37.57546229817317],[126.92595698546215,37.56514339764689],[126.92824669883672,37.56334393261646],[126.92649438868574,37.5592005095706],[126.93644013550393,37.55519868939824],[126.95848525886001,37.55723682283254],[126.96959246175626,37.56201362245151],[126.95392395620553,37.578490716235244],[126.95700188847026,37.58158320532254],[126.96067353273895,37.58079784202973],[126.95689400065469,37.585420104684566],[126.95698339228615,37.59771780881644],[126.9527493088157,37.60040612359548],[126.95351266201463,37.60426514533311],[126.9507368785767,37.608320203595696],[126.94043662639285,37.60286087376972],[126.9406775666979,37.59867077240743],[126.93066267693317,37.59449025154686],[126.92812103443626,37.588384898978404],[126.92081477459253,37.58291235081159],[126.91677215909213,37.58324242126775],[126.91314787173016,37.58703486264387],[126.90160744519449,37.57546229817317]]]}},{"type":"Feature","id":"서울특별시_서초구","properties":{"id":"서울특별시_서초구","sido":"서울특별시","sigungu":"서초구","name":"서초구","parentCity":null,"center":[37.478748,127.038228],"dongCount":18},"geometry":{"type":"Polygon","coordinates":[[[126.98013790510133,37.51211780751312],[126.98039159512028,37.50359660031162],[126.98784250162309,37.49860813145191],[126.98476648698549,37.49927787962328],[126.98291751616186,37.49640584125235],[126.98160975290585,37.47715329934684],[126.9825375417371,37.47277053491663],[126.98816383026077,37.465524429698796],[126.98862046387836,37.45813532321736],[126.99683201181607,37.46218492617583],[126.99627509882059,37.46671749087119],[127.00342193700581,37.467259348791046],[127.01106032839904,37.45538864973786],[127.02469213248413,37.45781147244004],[127.02986111865329,37.46544530054731],[127.03272117313513,37.4652527121224],[127.03835863543168,37.4456510084154],[127.03579942857027,37.43927170156023],[127.0405242913342,37.43833961086865],[127.04746704771722,37.4308710922291],[127.05089348836941,37.42965493838712],[127.07045631000307,37.43006340527568],[127.07337772677296,37.439340069370694],[127.07167860320607,37.44156368623557],[127.08231119316262,37.441199502984134],[127.08542684472533,37.44494214062432],[127.08798962369333,37.445061519871594],[127.0883242428717,37.44863730582032],[127.0963176312864,37.46143202137049],[127.08519858602186,37.471562082884574],[127.08506914362862,37.474941366946524],[127.07716238772262,37.47500946525028],[127.07391320854539,37.47285819987911],[127.07081375297527,37.47483449027618],[127.06253188783644,37.47284246894814],[127.06161166135016,37.46895874049018],[127.05006993093853,37.47009952506587],[127.05105745503269,37.4714913535671],[127.04502995335379,37.47728662504824],[127.04153663070984,37.48508954292947],[127.03396794290876,37.48479724859385],[127.01760920835164,37.52209029170141],[127.01186811487119,37.5278410044609],[127.00442743165378,37.520261173676964],[126.99594148967962,37.51574214068492],[126.98937931795761,37.512707976506604],[126.9886237309889,37.51409714647896],[126.98013790510133,37.51211780751312]]]}},{"type":"Feature","id":"서울특별시_성동구","properties":{"id":"서울특별시_성동구","sido":"서울특별시","sigungu":"성동구","name":"성동구","parentCity":null,"center":[37.551061,127.041018],"dongCount":17},"geometry":{"type":"Polygon","coordinates":[[[127.00833696037861,37.54185929062551],[127.00932275981805,37.53967748124033],[127.01478926311766,37.538901377441235],[127.02092441234515,37.53511935680614],[127.02985684594884,37.538864306165756],[127.05656656376357,37.52910117290873],[127.07369805120223,37.55943959028698],[127.05820309972704,37.56271987461577],[127.0421804638618,37.573020962025055],[127.0303570854259,37.56981928565614],[127.02336812399952,37.57173985489921],[127.02359774948243,37.56580425008264],[127.02659124942552,37.563584326857736],[127.02285714633344,37.557868260398386],[127.01800423348419,37.556655386184474],[127.00833696037861,37.54185929062551]]]}},{"type":"Feature","id":"서울특별시_성북구","properties":{"id":"서울특별시_성북구","sido":"서울특별시","sigungu":"성북구","name":"성북구","parentCity":null,"center":[37.607115,127.023396],"dongCount":20},"geometry":{"type":"Polygon","coordinates":[[[126.97507466788086,37.63138628651299],[126.97667206133512,37.628844852765404],[126.97952403531336,37.62920222934059],[126.97920868855883,37.624571211532476],[126.98280587465077,37.6166936891581],[126.98669703273053,37.61468379283732],[126.98590060366917,37.60713611432764],[126.98774119171668,37.601215535765455],[126.98156656448,37.59914365527767],[126.98201142589032,37.595843316832955],[126.98752622820251,37.592246800190104],[127.0006245265884,37.592453365719116],[127.00652749379813,37.586128221213336],[127.00884131783923,37.58045263873488],[127.01606730281172,37.581840133476646],[127.01800551039028,37.57805818233139],[127.02250874393788,37.57809642692494],[127.02949904342341,37.58272479417521],[127.03648830947847,37.59124586018717],[127.0390627541217,37.59127014721531],[127.04075380270517,37.59580029601416],[127.04764739129007,37.59628763580171],[127.05027340596803,37.60110534307088],[127.05202994180435,37.599952682071525],[127.06004563346212,37.60209985451752],[127.06166850931804,37.604629656449575],[127.06810115048125,37.60650789692986],[127.06858826573873,37.60932246543619],[127.07171776032028,37.60681175155439],[127.07140313714835,37.615627975297905],[127.06151570909817,37.61461709696164],[127.04998624978273,37.62443094627259],[127.03710340205886,37.61271103786459],[127.03041114876135,37.60913890026055],[127.02998261593791,37.612341807273275],[127.02223498056777,37.61126924609165],[127.01147023020268,37.61641925019858],[127.00804582873634,37.619369304949544],[127.00787567662418,37.62390909317403],[126.99893594081585,37.62687856060226],[126.98494619602492,37.6361708227445],[126.97507466788086,37.63138628651299]]]}},{"type":"Feature","id":"서울특별시_송파구","properties":{"id":"서울특별시_송파구","sido":"서울특별시","sigungu":"송파구","name":"송파구","parentCity":null,"center":[37.504665,127.113936],"dongCount":27},"geometry":{"type":"Polygon","coordinates":[[[127.06649665521077,37.52092972214779],[127.07121249039301,37.50351614022985],[127.10479902590129,37.492037266557396],[127.11019171574128,37.48687888267508],[127.12242369520052,37.46585956292015],[127.12506666419759,37.46890107776615],[127.13267621542862,37.46823394934359],[127.13258889298031,37.474846847260416],[127.1434452606241,37.47410418499762],[127.14424494819606,37.47732471748754],[127.14739957071382,37.47721780909402],[127.14874266819794,37.48398581441308],[127.15763863747891,37.48914280054281],[127.16137615866293,37.499612046804145],[127.15786905755573,37.50301134536362],[127.1460521259897,37.50336974740767],[127.14113544171697,37.50545395934769],[127.14024606386316,37.50983186695918],[127.14328742751904,37.513978778417645],[127.14113212588735,37.51564465122406],[127.14487935841814,37.516801368019664],[127.11916131560106,37.52806564603418],[127.1232114342576,37.53852869389422],[127.10956437773541,37.543469981099015],[127.09895717127637,37.52795365256428],[127.07758018075286,37.523575149724266],[127.06696185902243,37.52508139275426],[127.06649665521077,37.52092972214779]]]}},{"type":"Feature","id":"서울특별시_양천구","properties":{"id":"서울특별시_양천구","sido":"서울특별시","sigungu":"양천구","name":"양천구","parentCity":null,"center":[37.525535,126.856704],"dongCount":18},"geometry":{"type":"Polygon","coordinates":[[[126.82177387843622,37.53492566227684],[126.82846062923139,37.52670278937289],[126.82520535761182,37.52302702039132],[126.82542043622396,37.51909171900804],[126.82321031085702,37.51618677225443],[126.82433053648245,37.508895645913626],[126.82919760604683,37.5086180529486],[126.83836368570552,37.50014195093868],[126.83898280502082,37.5029011978253],[126.8452943891224,37.50787100433432],[126.85290244266365,37.51057665595959],[126.85815580475304,37.509945140852274],[126.86316786676014,37.50525138383719],[126.87126067616711,37.50562598499916],[126.8784581524498,37.51428213956806],[126.8813723376457,37.52599945718262],[126.89004358159242,37.530379718461255],[126.89163392016029,37.53446321210658],[126.88790607869718,37.54240172409167],[126.88071384632211,37.54787031656874],[126.87206241691523,37.54721015940467],[126.86498285450635,37.550928043684614],[126.86218511186739,37.54455769471636],[126.86401103535115,37.52979969525946],[126.84048532269895,37.52653732844917],[126.83332669551021,37.54128821591201],[126.83008382607376,37.54171914678337],[126.82991930828405,37.546132806578356],[126.82594315096372,37.54125193314932],[126.82214710748974,37.54067925643015],[126.82177387843622,37.53492566227684]]]}},{"type":"Feature","id":"서울특별시_영등포구","properties":{"id":"서울특별시_영등포구","sido":"서울특별시","sigungu":"영등포구","name":"영등포구","parentCity":null,"center":[37.51759,126.914938],"dongCount":18},"geometry":{"type":"Polygon","coordinates":[[[126.87947300173846,37.51677180493009],[126.89513923204422,37.50815159034568],[126.89330991118081,37.50151281883764],[126.89454625359079,37.49432239352335],[126.89741764280718,37.48775889416138],[126.90276292001369,37.48500780367841],[126.9120145496433,37.49603815889036],[126.91968449799764,37.497694018899544],[126.92706023181192,37.51392961465067],[126.92516457138149,37.51490067462138],[126.92601116467537,37.51609788418518],[126.93215344902042,37.51565431547159],[126.95040239303732,37.52002668967632],[126.9467095221252,37.52705008388216],[126.9340062933555,37.5363358075863],[126.90771292525608,37.54166765894863],[126.88975440070294,37.55017183813918],[126.8852754472667,37.54630327749581],[126.89152512323473,37.53313879629866],[126.89004358159242,37.530379718461255],[126.88050992950697,37.525226275154424],[126.87947300173846,37.51677180493009]]]}},{"type":"Feature","id":"서울특별시_용산구","properties":{"id":"서울특별시_용산구","sido":"서울특별시","sigungu":"용산구","name":"용산구","parentCity":null,"center":[37.533751,126.982247],"dongCount":16},"geometry":{"type":"Polygon","coordinates":[[[126.94357043557476,37.52941828315848],[126.95040239303732,37.52002668967632],[126.96240191549396,37.513357712026696],[126.98013790510133,37.51211780751312],[126.9886237309889,37.51409714647896],[126.98937931795761,37.512707976506604],[127.00442743165378,37.520261173676964],[127.02092441234515,37.53511935680614],[127.00992598136419,37.5393714047437],[127.00857717612135,37.543889052496155],[127.00484260490366,37.546182262833796],[127.00422527899485,37.55037563944464],[126.99910431269892,37.54989093079555],[126.99532055586175,37.547237269992294],[126.98542709369815,37.553744426992886],[126.96907271591886,37.55389693009717],[126.96848897086406,37.555383763681306],[126.96238687439413,37.551503993982486],[126.96319962027266,37.54867748111055],[126.95862933791877,37.54558188748002],[126.95299474519297,37.537570123220185],[126.94508151563944,37.53493489864969],[126.94357043557476,37.52941828315848]]]}},{"type":"Feature","id":"서울특별시_은평구","properties":{"id":"서울특별시_은평구","sido":"서울특별시","sigungu":"은평구","name":"은평구","parentCity":null,"center":[37.617412,126.927013],"dongCount":16},"geometry":{"type":"Polygon","coordinates":[[[126.88224101754084,37.59093660473637],[126.90163847013622,37.57591876001031],[126.91305391822935,37.58682372141029],[126.91677215909213,37.58324242126775],[126.92081477459253,37.58291235081159],[126.92719204552363,37.58776410111313],[126.93037501140743,37.59424212152851],[126.94058324298368,37.59859935741254],[126.94043662639285,37.60286087376972],[126.94226607926745,37.60468573332015],[126.94998750660777,37.607702054898674],[126.95171633967342,37.624328550490226],[126.97178590780638,37.63228533903874],[126.96886143913912,37.63841932089598],[126.9546230281742,37.65475074904568],[126.95125098366289,37.654950303920366],[126.94652632150286,37.65890551162642],[126.94119170655057,37.65715427256852],[126.93518742426342,37.65089448185836],[126.92974154343452,37.650404717547076],[126.92216840003792,37.64585047826901],[126.91419297337679,37.6446805591451],[126.90527090887042,37.648914873430456],[126.91222682533144,37.64437766361075],[126.91246719106086,37.64180123264446],[126.90981678027804,37.63510912446463],[126.906530709959,37.6325238386843],[126.90881073596854,37.62905050142665],[126.90793736298467,37.625393462742494],[126.90103131509832,37.61245709436633],[126.90208416732567,37.60382087778708],[126.90026058441242,37.60315477546994],[126.90136025780366,37.59617719367432],[126.89958020457006,37.59046058338294],[126.89696151598842,37.5886207710837],[126.88741201119277,37.5885794821446],[126.8854418368198,37.59108838170808],[126.88658094993887,37.59383560969486],[126.88224101754084,37.59093660473637]]]}},{"type":"Feature","id":"서울특별시_종로구","properties":{"id":"서울특별시_종로구","sido":"서울특별시","sigungu":"종로구","name":"종로구","parentCity":null,"center":[37.601216,126.987741],"dongCount":17},"geometry":{"type":"Polygon","coordinates":[[[126.94998323286886,37.60970523279793],[126.95312126377212,37.605597315507204],[126.95350853979318,37.599118470914306],[126.95673120842258,37.598664651887326],[126.95689400065469,37.585420104684566],[126.96067353273895,37.58079784202973],[126.9571248221667,37.581615317794835],[126.95416175053352,37.57889874854087],[126.96677353826367,37.56579436403003],[126.96904837001854,37.568194417708334],[126.97433193562325,37.56926180051753],[126.9888983161631,37.56810853865681],[127.02336812399952,37.57173985489921],[127.02316787780416,37.57804158355124],[127.01875166365707,37.577526900275195],[127.01495049647713,37.58213073135636],[127.00884131783923,37.58045263873488],[127.00652749379813,37.586128221213336],[127.0006245265884,37.592453365719116],[126.98913590308945,37.59130668631862],[126.98235011484135,37.59545290805664],[126.98156656448,37.59914365527767],[126.98774119171668,37.601215535765455],[126.9859576470348,37.608107548561335],[126.98706809277698,37.61355197137193],[126.98280587465077,37.6166936891581],[126.97920868855883,37.624571211532476],[126.98013297406834,37.6283510868893],[126.97667206133512,37.628844852765404],[126.97507466788086,37.63138628651299],[126.97178590780638,37.63228533903874],[126.95171633967342,37.624328550490226],[126.94998323286886,37.60970523279793]]]}},{"type":"Feature","id":"서울특별시_중구","properties":{"id":"서울특별시_중구","sido":"서울특별시","sigungu":"중구","name":"중구","parentCity":null,"center":[37.557775,126.99412],"dongCount":15},"geometry":{"type":"Polygon","coordinates":[[[126.96148348639608,37.55885377187589],[126.96303662082667,37.558182581821896],[126.96206857575635,37.552079431603445],[126.96848897086406,37.555383763681306],[126.96907271591886,37.55389693009717],[126.97665865287809,37.55270834462548],[126.97655435903368,37.55446889144211],[126.98446914066939,37.55309310303041],[126.99532055586175,37.547237269992294],[126.99885634010798,37.54990824810945],[127.0038924990723,37.55019622503125],[127.00725813748895,37.54381073731257],[127.02675680399146,37.564289047752034],[127.02361524786308,37.565168869046076],[127.02336812399952,37.57173985489921],[126.98951624173209,37.56814951948801],[126.97433193562325,37.56926180051753],[126.96713423029,37.56630119278387],[126.96959246175626,37.56201362245151],[126.96148348639608,37.55885377187589]]]}},{"type":"Feature","id":"서울특별시_중랑구","properties":{"id":"서울특별시_중랑구","sido":"서울특별시","sigungu":"중랑구","name":"중랑구","parentCity":null,"center":[37.595166,127.093819],"dongCount":16},"geometry":{"type":"Polygon","coordinates":[[[127.0696260938658,37.59488273131149],[127.07162554913891,37.587947386248494],[127.07722920871768,37.58098209184888],[127.07864451029816,37.57263283323639],[127.0911704143874,37.569559332896745],[127.10093021118088,37.573559795823115],[127.10276455909438,37.581064081496685],[127.10047224954039,37.58257399162128],[127.10932809122542,37.58466434029016],[127.1123997606826,37.59186378093395],[127.11782383634053,37.59400532907511],[127.1139627329203,37.59942081802319],[127.11801121467134,37.60457760024447],[127.11696815201357,37.61743077296312],[127.11024137916348,37.620773657741466],[127.10182508083436,37.619887507140625],[127.0970417957927,37.6170499009935],[127.0857277524712,37.62016784234585],[127.07140313714835,37.615627975297905],[127.07261174269652,37.60155226777895],[127.0696260938658,37.59488273131149]]]}},{"type":"Feature","id":"경기도_가평군","properties":{"id":"경기도_가평군","sido":"경기도","sigungu":"가평군","name":"가평군","parentCity":null,"center":[37.811409,127.44203],"dongCount":6},"geometry":{"type":"Polygon","coordinates":[[[127.266523837898,37.780450292744206],[127.27356552276004,37.774553637643166],[127.29313147448488,37.776236778281074],[127.30210065518628,37.77337808832558],[127.3097767231763,37.76835683526185],[127.3152123049657,37.76903020969353],[127.3339889615981,37.75277796028724],[127.33141807127475,37.75045226611293],[127.33234815125098,37.747324859379475],[127.34246344555494,37.73754477732733],[127.34285845783883,37.72955273332751],[127.35545440472052,37.72368992399443],[127.35338749096617,37.71094014672298],[127.35512204569054,37.70717709002247],[127.3534354562361,37.70382426773393],[127.36134764293605,37.69380537926917],[127.37211578251126,37.69202952214276],[127.3671412279449,37.69010980855964],[127.36734263275564,37.68727645657347],[127.37381277513377,37.68248731335378],[127.37477429058006,37.67796893218715],[127.37919772392932,37.674594922868025],[127.3763740265911,37.66010637594363],[127.37112753436035,37.64818839305887],[127.37327728972767,37.64766794264045],[127.38005150208612,37.651422359431166],[127.39942756477666,37.65085910390341],[127.40124299042446,37.65448628878262],[127.40812633026972,37.65988300416339],[127.42509308304855,37.665632033075696],[127.42814802810159,37.67154458324563],[127.43985900965514,37.66180640914265],[127.44138189484809,37.659802744518544],[127.43505638570514,37.653419575781314],[127.43807632692506,37.64789326013579],[127.44190659083678,37.646794442089636],[127.44391766707099,37.648141797833816],[127.44862814179008,37.644466458801936],[127.45659710182247,37.635586893983216],[127.45826859016778,37.629974254858],[127.46259673214912,37.62492602620966],[127.46834873466344,37.624666318515594],[127.47118177085015,37.621132634238585],[127.47351302302211,37.60791598633706],[127.47260169204584,37.59641028951572],[127.46988541185591,37.59193190814491],[127.47158982071497,37.57989365960433],[127.47472931254487,37.577246644222576],[127.4901169775612,37.57497526731949],[127.49834028247736,37.57183557233189],[127.51295755593819,37.57811844528836],[127.52177884243913,37.58640622477041],[127.53777246272328,37.58469684748789],[127.55245019786594,37.58607547376754],[127.56024678956815,37.583075877874755],[127.5611159178081,37.58896690299422],[127.5590812348083,37.59423409112029],[127.56244249506376,37.6000064826537],[127.562299055694,37.604351307737566],[127.56615198301172,37.60796016981228],[127.56956482382927,37.60830999982899],[127.57067244087092,37.612853842625675],[127.5651740354878,37.620082732256755],[127.55980554637672,37.62340587411293],[127.55898162627281,37.628449266439425],[127.54826389516849,37.63319513175707],[127.54682185232795,37.63756031616743],[127.54002505377501,37.64069075906232],[127.53522891647377,37.646372516736],[127.53543404243764,37.64968318994953],[127.54334580585612,37.65140652112873],[127.5464858118366,37.657433382017594],[127.5528071283113,37.66154695114282],[127.54929079319025,37.667412477523946],[127.5501480820476,37.68546328164025],[127.55803889983966,37.70551183156822],[127.55809856268868,37.71414129425913],[127.56216776851285,37.72231803549545],[127.5573494309758,37.72898806510706],[127.55209321226285,37.728261718899105],[127.54819497439996,37.723422280448865],[127.5408031201987,37.719090623597396],[127.52538466245736,37.726900554136215],[127.51092708139214,37.717692062580056],[127.50730672950328,37.71967268330843],[127.50721204457169,37.728879542891065],[127.51151475907959,37.73638199792861],[127.53762126669481,37.75133482292906],[127.54446715288525,37.75989318945655],[127.54032924186517,37.771077953771126],[127.5215105092456,37.791927260170624],[127.52269965567596,37.795512597399025],[127.52926443700485,37.804073454975885],[127.53575478017443,37.80906910654893],[127.53718178116524,37.81271686520994],[127.5351873660809,37.81783456485459],[127.5247547884941,37.82445250633115],[127.52739273152183,37.836024103977174],[127.53579097701933,37.84398150954711],[127.54932006245474,37.84685420615478],[127.5522897304453,37.85309460556485],[127.56242460929934,37.855476814424456],[127.56569875286492,37.85844867996011],[127.56914199846013,37.8663203827808],[127.57680601213661,37.87304073630045],[127.58435508502302,37.875731144381405],[127.60267343554604,37.87458280199242],[127.60548506525123,37.876340184927486],[127.60885548587008,37.88371304962436],[127.60821944674133,37.890170880422666],[127.61753671095809,37.90610769262352],[127.61720929230724,37.91240434681389],[127.61228896284038,37.920549526182214],[127.6125119708733,37.92513128634734],[127.61660208753578,37.92945132033853],[127.61376096988457,37.93938624574545],[127.6094596047626,37.94333502487606],[127.6053576629342,37.943991653535086],[127.60266788097985,37.947714591996444],[127.60354074928767,37.9528061559175],[127.60161301046669,37.95593958387678],[127.59396767851591,37.95696116602966],[127.58785133637727,37.96125917075772],[127.57322232999005,37.96405466627026],[127.5622936853714,37.962661049605046],[127.54518510676708,37.967622419687686],[127.5446091088292,37.974226327250605],[127.54709511644722,37.97976302250852],[127.53974106686961,38.00118093678474],[127.52350559108851,38.00187358581308],[127.50141198893405,37.99955782583657],[127.4972731579744,38.00361226374572],[127.47215844450999,38.006064222511974],[127.4613934752372,38.0128987776764],[127.4569833607686,38.0184824728466],[127.45523880615453,38.02945931535126],[127.45095052182597,38.03761311519275],[127.45245218533002,38.04680068466069],[127.44565558352299,38.05098204376955],[127.43504224656449,38.03799313536669],[127.424906702165,38.03340139083395],[127.42429322611811,38.03093948475981],[127.4271880063054,38.02748926850639],[127.41827701515419,38.01475052753174],[127.41302245998081,37.99779572788026],[127.40528906086227,37.99053549163557],[127.3994526123939,37.989414172536264],[127.38980477747857,37.98267741338123],[127.38665535531935,37.98322530854387],[127.38394993779052,37.98111139323139],[127.3853895685414,37.97614555450995],[127.38244575616915,37.97422289460415],[127.38263081217646,37.96973125613826],[127.3761436536757,37.96152732892679],[127.37973279845528,37.9577783908641],[127.37683260413878,37.952934126578675],[127.38491257449107,37.94708731402147],[127.38119394913055,37.94025854733971],[127.3745461709397,37.93652702958035],[127.36430364490106,37.92595017519374],[127.35689885440105,37.92206017657188],[127.35133669823904,37.92197103807208],[127.34575385121019,37.92702803721566],[127.33839815789092,37.92384220821439],[127.33146710452813,37.92618713427727],[127.32922533025214,37.92228127060106],[127.33089319692685,37.91718456651325],[127.32786307327856,37.91241453969421],[127.33047796231435,37.90973583291171],[127.32744540843429,37.903214984680936],[127.32890443049608,37.89503666660011],[127.32370106913528,37.88785463274248],[127.32236218194573,37.871475827279305],[127.31169929682183,37.86613928160614],[127.3056993449059,37.86878726849834],[127.29617492550466,37.86886805638865],[127.29153830003185,37.87414498389932],[127.28728471379051,37.86832957068819],[127.28521183295831,37.86100717664737],[127.28025595595162,37.85405118355939],[127.28631720982828,37.84827817315421],[127.27903481111377,37.84234086010548],[127.2741450142858,37.830615636801085],[127.27408950509692,37.8266936853254],[127.27899952590246,37.81727175045496],[127.27875254480816,37.80546354632956],[127.27082525761342,37.79459034436868],[127.27190409908722,37.788652440354795],[127.266523837898,37.780450292744206]]]}},{"type":"Feature","id":"경기도_고양시_덕양구","properties":{"id":"경기도_고양시_덕양구","sido":"경기도","sigungu":"고양시 덕양구","name":"고양시 덕양구","parentCity":"고양시","center":[37.662451,126.883424],"dongCount":19},"geometry":{"type":"Polygon","coordinates":[[[126.77269188374807,37.629735235917856],[126.77399907497714,37.62219154401614],[126.7856423084558,37.615102619561306],[126.79853401507219,37.61048063903842],[126.82025878958723,37.590964136815884],[126.8509394260532,37.57561931537229],[126.86495408181973,37.57583670668176],[126.87744135732449,37.57940415282647],[126.87763206444966,37.58620286290891],[126.88658094993887,37.59383560969486],[126.8854418368198,37.59108838170808],[126.88726180929973,37.58859447774934],[126.89984123859193,37.589866904828185],[126.90189006543893,37.61559248504774],[126.90793736298467,37.625393462742494],[126.90881073596854,37.62905050142665],[126.90664894700745,37.631729006080825],[126.91222682533144,37.64437766361075],[126.90527090887042,37.648914873430456],[126.91388671245683,37.64470720460875],[126.92126892195863,37.6455576652439],[126.92974154343452,37.650404717547076],[126.93449160544333,37.65056165722764],[126.94039118206636,37.656627595220705],[126.9463158385795,37.65887395065719],[126.9563428555311,37.65307432230728],[126.96829256030647,37.63931922058519],[126.97087421235798,37.632994435542614],[126.97507466788086,37.63138628651299],[126.98359478613389,37.636454469730175],[126.98636747030174,37.6406509135974],[126.98326621232157,37.64359780845904],[126.98464225717636,37.64745872488037],[126.97954583069333,37.656031696416875],[126.9941556158441,37.66627693413485],[126.99298565982205,37.67741574623184],[126.98758382250348,37.682615606119704],[126.98085935565803,37.685943651857],[126.97299229596429,37.68667708421989],[126.9657738638618,37.692356694310746],[126.95444350902818,37.692646341580186],[126.9510074889552,37.68772152482572],[126.94463782404944,37.68484575864478],[126.94323092189497,37.67999110746004],[126.94471026331976,37.6769265978103],[126.93982164432147,37.67075664512655],[126.9319512863673,37.67236390631091],[126.92802928084396,37.670697772956665],[126.92177746782349,37.671932528538115],[126.91905336893902,37.66936274854785],[126.90900495731708,37.669622658484066],[126.9064020000177,37.67486432891878],[126.91137969682897,37.67438791415552],[126.91450296624578,37.679003611177336],[126.91400693059425,37.68679601860072],[126.92174073217059,37.699032985711675],[126.92446334088952,37.70745463576528],[126.92454154955907,37.71173056490976],[126.92092886984324,37.71335215678488],[126.92504064412448,37.71991024363329],[126.92235150766828,37.73131670716771],[126.93006454853047,37.735901529904375],[126.93005746677217,37.742838269848136],[126.93229497282302,37.74449735342883],[126.92781300369911,37.74928308300412],[126.9218264543984,37.74703212135274],[126.90956109122511,37.747219178421794],[126.90088022060415,37.73713469927248],[126.90215536136581,37.72843330937612],[126.8917237722017,37.725304192855546],[126.88465702539511,37.718200046952404],[126.88098675850982,37.72616085716313],[126.87342669866197,37.7261367478451],[126.87149002789518,37.7293001774467],[126.86764765250754,37.72958945641677],[126.86495067644208,37.732540292832724],[126.85892926616644,37.7333977409963],[126.85656146506118,37.73571919531149],[126.85439812701954,37.73365806187265],[126.84124770662467,37.73150101158739],[126.83945566950773,37.72867211594765],[126.83563195260213,37.72806795134152],[126.83991823755049,37.723222867354124],[126.84969770225743,37.69823726984961],[126.85493977034456,37.692131552636006],[126.85254993171426,37.688800420099],[126.85005459322514,37.689877384189586],[126.84807881323648,37.686329911860575],[126.83420705114253,37.68303806779748],[126.8323827894021,37.67789288798957],[126.82163206778748,37.67205250422865],[126.81939742245449,37.66422401847776],[126.81108901987025,37.65950808500977],[126.81587806272678,37.655606136532086],[126.81784544508234,37.64851056667703],[126.81342025284688,37.64358392511326],[126.81203295225656,37.648134308712024],[126.80587532315278,37.64381805930352],[126.8020897341256,37.64499561694318],[126.79728813944271,37.642408109729494],[126.79526973853793,37.64054307558699],[126.79308234218308,37.62774013803499],[126.78847642497728,37.62773160547039],[126.7848096275074,37.63126409570259],[126.77544100072515,37.63187995627271],[126.77269188374807,37.629735235917856]]]}},{"type":"Feature","id":"경기도_고양시_일산동구","properties":{"id":"경기도_고양시_일산동구","sido":"경기도","sigungu":"고양시 일산동구","name":"고양시 일산동구","parentCity":"고양시","center":[37.679677,126.797902],"dongCount":11},"geometry":{"type":"Polygon","coordinates":[[[126.74086416613967,37.6539023600725],[126.74092368353017,37.6389250758077],[126.76823849610726,37.62369155354388],[126.77399907497714,37.62219154401614],[126.77269188374807,37.629735235917856],[126.77427278031003,37.631912856501906],[126.78404595898402,37.63151066523541],[126.78847642497728,37.62773160547039],[126.79412626381348,37.62849899808297],[126.7949785583516,37.6397966138345],[126.79728813944271,37.642408109729494],[126.80114650761915,37.64465997241375],[126.80587532315278,37.64381805930352],[126.81203295225656,37.648134308712024],[126.81346594548202,37.64753919034249],[126.81234333846974,37.643593425958386],[126.81422448133397,37.64379872497675],[126.81784544508234,37.64851056667703],[126.81591877966412,37.65487517158679],[126.81108901987025,37.65950808500977],[126.81824233928656,37.664078744608965],[126.82163206778748,37.67205250422865],[126.83237602925416,37.677836093360696],[126.83351991361275,37.68308600082239],[126.84807881323648,37.686329911860575],[126.84888508131228,37.6899430383404],[126.85254993171426,37.688800420099],[126.85493977034456,37.692131552636006],[126.85382803751861,37.69525650583033],[126.84975787359262,37.698041758028246],[126.83991823755049,37.723222867354124],[126.8359395620704,37.72755889413642],[126.83175338897748,37.72881122255317],[126.82574532935821,37.72707570514949],[126.82302965103383,37.72880651258718],[126.81484782876741,37.72363976909438],[126.80134079108444,37.730296652354106],[126.80101586637365,37.734550098448445],[126.7981653370724,37.73716274624945],[126.79357103627265,37.7349697433217],[126.79607543513603,37.73002321122902],[126.7936541553232,37.72594711207222],[126.78502904524058,37.72089063953011],[126.77375975128517,37.70953836822415],[126.77427168484836,37.70466534559021],[126.78117652629055,37.69926032818092],[126.77692575201941,37.69084531563919],[126.77729436481646,37.678871665229146],[126.7691107653504,37.66731660989923],[126.7626841314831,37.66328944433132],[126.75832549738966,37.66597840965691],[126.75518765952557,37.66222051239516],[126.7509679794334,37.66410561610726],[126.75022211615595,37.65871886324401],[126.74508972900858,37.65949711490522],[126.74404870720738,37.65413228782397],[126.74086416613967,37.6539023600725]]]}},{"type":"Feature","id":"경기도_고양시_일산서구","properties":{"id":"경기도_고양시_일산서구","sido":"경기도","sigungu":"고양시 일산서구","name":"고양시 일산서구","parentCity":"고양시","center":[37.672164,126.723797],"dongCount":9},"geometry":{"type":"Polygon","coordinates":[[[126.66632684092707,37.68775946446937],[126.66832460482756,37.68050334413897],[126.67346434319872,37.674914143553],[126.71826484875429,37.649289750338916],[126.74092368353017,37.6389250758077],[126.74086416613967,37.6539023600725],[126.74369248526554,37.65418521044713],[126.74508972900858,37.65949711490522],[126.75022211615595,37.65871886324401],[126.7509679794334,37.66410561610726],[126.75518765952557,37.66222051239516],[126.75804008495156,37.66610280866648],[126.76243131217673,37.663552568578105],[126.76966700200656,37.66782930257507],[126.77755614097613,37.678758027116714],[126.77690843585503,37.69043848917732],[126.7786674743995,37.6968417372495],[126.78126716588682,37.69919551711902],[126.77427168484836,37.70466534559021],[126.76866741636577,37.70540362077213],[126.74802082672635,37.70313763031862],[126.72989091958758,37.70494112438158],[126.7045770456152,37.69620535958238],[126.69928666651494,37.69702918603279],[126.6914034525092,37.68911255616649],[126.67654831891679,37.70008467370003],[126.66632684092707,37.68775946446937]]]}},{"type":"Feature","id":"경기도_과천시","properties":{"id":"경기도_과천시","sido":"경기도","sigungu":"과천시","name":"과천시","parentCity":null,"center":[37.433967,127.004397],"dongCount":6},"geometry":{"type":"Polygon","coordinates":[[[126.96132631409651,37.42586565533887],[126.96380423489711,37.41933974897284],[126.97376439451027,37.41496216215215],[126.97577181949104,37.407135920209804],[126.98256974682245,37.400674863707884],[126.9875224550964,37.40765727731727],[126.99953910361,37.40462831383809],[127.008449968516,37.412175290045],[127.02812912007963,37.41208981535902],[127.04009623856098,37.41479826577462],[127.04167534027411,37.415633660359624],[127.04182910582954,37.42691491657111],[127.04746704771722,37.4308710922291],[127.04105997621345,37.438114826608675],[127.03586426708745,37.43915589962556],[127.03815190361047,37.44456855992743],[127.03583473655377,37.45754591860271],[127.0337848146151,37.46003049254608],[127.03473491489402,37.463847834388574],[127.02986111865329,37.46544530054731],[127.02610497921987,37.45851014202381],[127.01106032839904,37.45538864973786],[127.00342193700581,37.467259348791046],[126.9997473438548,37.46715930627222],[126.99627509882059,37.46671749087119],[126.99683201181607,37.46218492617583],[126.98235574666255,37.455158240783824],[126.97405695132845,37.44765379745638],[126.96441050842971,37.445580153573864],[126.96310666802697,37.44106065302598],[126.96493001846744,37.439274538105586],[126.96182622914593,37.43487484128847],[126.96132631409651,37.42586565533887]]]}},{"type":"Feature","id":"경기도_광명시","properties":{"id":"경기도_광명시","sido":"경기도","sigungu":"광명시","name":"광명시","parentCity":null,"center":[37.448577,126.862531],"dongCount":18},"geometry":{"type":"Polygon","coordinates":[[[126.82597323840619,37.45940498952971],[126.83519014574853,37.45882963247332],[126.83883242602121,37.45569767026411],[126.83780503243456,37.43693228193204],[126.8417444279463,37.434428222071176],[126.84060701615577,37.430729659716604],[126.84550703509258,37.422908270191606],[126.8463182574987,37.41246936453525],[126.85769100486401,37.40223876860144],[126.87700377716085,37.40205411663258],[126.87575523483555,37.406581371113084],[126.87045547977236,37.40722029046672],[126.87107170711113,37.41214384111587],[126.87993581662806,37.41019311269691],[126.88890763641983,37.41255627687942],[126.88894543155969,37.41886947662992],[126.89395825617454,37.42167762533149],[126.89647795488283,37.425624352954976],[126.89457095456214,37.42969789952661],[126.89908829077605,37.43370272589369],[126.89892704731668,37.44238090575873],[126.89407376184582,37.45263950724653],[126.88970719808991,37.452324123487436],[126.88620218678163,37.456572782648905],[126.8852740259245,37.46006185170561],[126.88908463774038,37.46153280123432],[126.87665745162592,37.47756163707638],[126.87390901761702,37.48333383210486],[126.87528596030073,37.48853290104539],[126.87278030864226,37.48880355146688],[126.86890824425872,37.495100292797325],[126.85197624175281,37.481669720349686],[126.84648396021252,37.48170481737114],[126.8455505375182,37.47452935039666],[126.83234690130801,37.47633708172515],[126.8329897552369,37.466031481313685],[126.82768251341001,37.463219575817526],[126.82597323840619,37.45940498952971]]]}},{"type":"Feature","id":"경기도_광주시","properties":{"id":"경기도_광주시","sido":"경기도","sigungu":"광주시","name":"광주시","parentCity":null,"center":[37.400543,127.28881],"dongCount":13},"geometry":{"type":"Polygon","coordinates":[[[127.13173657886057,37.351201271644435],[127.13785866646893,37.34439444637006],[127.13683429218291,37.339664663414965],[127.14185843051624,37.3363144263842],[127.16134956151974,37.34270181335886],[127.17288440750623,37.34460577283801],[127.18130549400101,37.34374990495186],[127.1924629363939,37.34666054272343],[127.19802794744616,37.341447979702046],[127.19697617840023,37.33456312403187],[127.20041157135093,37.32902156856432],[127.20830864449351,37.33087900925967],[127.21681128438924,37.34067184700131],[127.21899030146949,37.34612367804327],[127.22281362519833,37.34570228555538],[127.21669951009993,37.35464758696576],[127.22495571369815,37.355249579025035],[127.22860882384853,37.3589018823276],[127.23369288947218,37.35798953077233],[127.23805875667549,37.360423961652515],[127.23981650254045,37.354163238037366],[127.24599199565941,37.355498317703635],[127.26097170827792,37.348658711387365],[127.2649617123945,37.34272542994877],[127.27341565773872,37.342729529255244],[127.28030001131891,37.34598976692148],[127.28296034588779,37.34548088607376],[127.28367385647293,37.338557271126014],[127.27978884632017,37.3301344993593],[127.28232341625137,37.32731046186248],[127.28310133613506,37.31927321388971],[127.27734931369027,37.30954438522913],[127.28166305457418,37.298046117448735],[127.27838566299896,37.29119166810611],[127.28175385634074,37.27808371399952],[127.27593563398715,37.273726974142484],[127.28118272009294,37.269100213641394],[127.29148383162354,37.27164835916163],[127.29659495945329,37.27051247304018],[127.3012475623162,37.265685487697425],[127.30380672827168,37.27069703697651],[127.31072641619578,37.27328431734385],[127.31921003807078,37.274979550659594],[127.33089373447451,37.27023854995335],[127.33879971089392,37.27053918912106],[127.3489822305703,37.276697879212975],[127.34041567517532,37.287774975482286],[127.34316651410447,37.29105974164129],[127.34975095859518,37.29074265208626],[127.35737133745386,37.2952512345401],[127.35708827652982,37.29887704169791],[127.35459887891014,37.30055365383699],[127.36131309038055,37.307190353290906],[127.36432024092002,37.30768397285376],[127.36335005649198,37.31570977697101],[127.36848689157983,37.31491557020513],[127.37575630822445,37.32064168238027],[127.3814811526868,37.31900589152841],[127.39003178157247,37.31959779917772],[127.39786411350488,37.326100380065604],[127.40465167894072,37.327577673500286],[127.4198345547717,37.33784339408992],[127.42172045227879,37.342688506957096],[127.429686198764,37.34641287008815],[127.43519622793883,37.35425697770874],[127.44588367009528,37.36075383222446],[127.44366905771346,37.37612688628324],[127.4452832433907,37.38132959161077],[127.44249918466888,37.38737993913745],[127.42028465483268,37.38660650859425],[127.41495612550345,37.39361330369704],[127.41073614130141,37.4066576567918],[127.39881848149552,37.414547563488604],[127.40063027855071,37.42138038465176],[127.38929012950771,37.428817982380856],[127.38448485678104,37.43445600214214],[127.3826081805036,37.442774976416345],[127.37258801812789,37.44474762395025],[127.37227615992249,37.451553787867475],[127.36773412939674,37.456240438938224],[127.38508755855237,37.459813374806515],[127.38880997792836,37.4754557256977],[127.38046284585647,37.490013420964935],[127.38336491299334,37.50280699047732],[127.38072715734745,37.50428146053919],[127.36636293174993,37.527804075950854],[127.35996352381288,37.53232488461735],[127.35064945489542,37.53540062433884],[127.32933444516219,37.53458305393014],[127.31849904188779,37.53015248471838],[127.30450858571203,37.51333102094508],[127.2978713150879,37.50888514095135],[127.2893354746461,37.50700663387825],[127.28758295516984,37.5134967160728],[127.28320094301928,37.51353607593699],[127.27828159795916,37.511358039534095],[127.27622097880236,37.50822754942497],[127.25444261471856,37.50596918304047],[127.25337748286252,37.503657218538656],[127.25553463919462,37.49615333582832],[127.25914511570146,37.49211136755402],[127.25863753269823,37.48967551681675],[127.24712626060254,37.48068673294053],[127.24622324522292,37.477815682702975],[127.2393616384808,37.47514171098292],[127.21573197308597,37.482301480333774],[127.20683876645876,37.480311451186104],[127.2025856145696,37.48170574909063],[127.19804284954179,37.47958510685328],[127.18917855638604,37.48021786450479],[127.17593027953747,37.485336954120214],[127.17584124283789,37.47677005459245],[127.1808704815818,37.47379639741742],[127.18215810015049,37.45973138211623],[127.19099094021566,37.457353196794806],[127.19472809130455,37.44901793428577],[127.19596143208892,37.44387878897706],[127.19365607434285,37.439163116790084],[127.19378904369479,37.433924208345374],[127.19523060864046,37.43103122196769],[127.19335894221092,37.42609698689695],[127.19463802974579,37.42539347415219],[127.1863224335016,37.419208271336785],[127.1854317547245,37.416296173951565],[127.17695761262834,37.414647528786716],[127.17715341278021,37.40901671566778],[127.16829158722578,37.39267611966477],[127.17681186712497,37.38724749390438],[127.17665032430153,37.385078106033475],[127.16873216752205,37.380642805868604],[127.16169008470975,37.37971360263004],[127.16052109061826,37.37278529021694],[127.15285403079064,37.36353523031669],[127.14511227171407,37.35958673254073],[127.1339446102722,37.358477799991036],[127.13173657886057,37.351201271644435]]]}},{"type":"Feature","id":"경기도_구리시","properties":{"id":"경기도_구리시","sido":"경기도","sigungu":"구리시","name":"구리시","parentCity":null,"center":[37.60238,127.135256],"dongCount":8},"geometry":{"type":"Polygon","coordinates":[[[127.09975048588927,37.58305151357613],[127.10276863963259,37.58176264040079],[127.10093021118088,37.573559795823115],[127.10397418028565,37.571729040240804],[127.10109252068887,37.56090988701311],[127.11002219824084,37.55845873405385],[127.17076195721104,37.580918094963614],[127.16082253692322,37.58579414913903],[127.16187233686885,37.58929526488446],[127.16852293693339,37.59063207625877],[127.1686055878021,37.59370590731376],[127.15481752107182,37.59667125839279],[127.14920394408742,37.60402773175104],[127.14299099029829,37.62379135816899],[127.14437154230644,37.62896247501059],[127.14969778561752,37.633843402812566],[127.15021463063611,37.63918538435746],[127.14585151065046,37.64426944803801],[127.14087480162459,37.6463004361198],[127.13010718829156,37.64119263243683],[127.1158670975056,37.64381396549103],[127.11115471503085,37.642411591637234],[127.11203734637901,37.63261805396303],[127.10548870544851,37.62726039877589],[127.10352988456548,37.62306597308524],[127.10510727955223,37.62117055661677],[127.11567458701147,37.61929460112488],[127.11696815201357,37.61743077296312],[127.11801121467134,37.60457760024447],[127.11428234147375,37.60035168262228],[127.11782383634053,37.59400532907511],[127.1123997606826,37.59186378093395],[127.10932809122542,37.58466434029016],[127.09975048588927,37.58305151357613]]]}},{"type":"Feature","id":"경기도_군포시","properties":{"id":"경기도_군포시","sido":"경기도","sigungu":"군포시","name":"군포시","parentCity":null,"center":[37.342136,126.917555],"dongCount":11},"geometry":{"type":"Polygon","coordinates":[[[126.87274531624193,37.326295994957505],[126.874213874551,37.32086162178055],[126.87811594541968,37.319455876629235],[126.88306320882377,37.32086309499512],[126.8877407341513,37.31790607897147],[126.90770124733078,37.321883582685885],[126.91070138309638,37.31654438390213],[126.91504554622948,37.31556315064385],[126.9143694075696,37.310524457599534],[126.91646411374288,37.30514565861524],[126.93236371355208,37.30742137779462],[126.9296395281222,37.31703043222624],[126.93709124866402,37.32228960468488],[126.94476457766804,37.3203000034796],[126.9474012390843,37.32696342173517],[126.94856348150984,37.3397515082416],[126.95757988334272,37.34434089753],[126.96236504950208,37.35533907353354],[126.96051616918426,37.356394291769554],[126.96200737413938,37.361438658717375],[126.95776522057282,37.36544765873474],[126.94707458458723,37.369979063918436],[126.94555143567499,37.37303435435952],[126.94669408597204,37.37565818924538],[126.9408169706462,37.37912676160896],[126.94007611539308,37.375851238119886],[126.93276542443216,37.37747033441299],[126.91753037900642,37.37678121145729],[126.90434265245867,37.357093737119776],[126.89723786976528,37.358067270826375],[126.89408675501956,37.355705380341824],[126.88745097242499,37.347302322459406],[126.88548890847358,37.338381621546716],[126.87398128998123,37.329948617096655],[126.87274531624193,37.326295994957505]]]}},{"type":"Feature","id":"경기도_김포시","properties":{"id":"경기도_김포시","sido":"경기도","sigungu":"김포시","name":"김포시","parentCity":null,"center":[37.686081,126.65975],"dongCount":14},"geometry":{"type":"MultiPolygon","coordinates":[[[[126.51456397746584,37.76694862256429],[126.51457950637565,37.76465501125539],[126.52784499463343,37.74839763972849],[126.52601717505105,37.7380924089514],[126.51965787160644,37.72618850903146],[126.51851491911813,37.71272805239405],[126.52728142525596,37.70314165222603],[126.52347010714637,37.67443157037183],[126.53575523183068,37.665022501914315],[126.53446188268909,37.65914305676166],[126.52888874874004,37.65390919524904],[126.53793075108791,37.63681549744698],[126.5495556340581,37.62708539747723],[126.55315803402611,37.6180302201959],[126.55416876148665,37.60930108480092],[126.55939700355789,37.60055623295542],[126.5660605971418,37.59417042151969],[126.56305555332725,37.5894764861035],[126.56365041532166,37.58697000197513],[126.56574983556453,37.586077393531376],[126.59186444750547,37.592707314660196],[126.61314360139609,37.60561076793907],[126.62339794803326,37.60279721049733],[126.6276949434403,37.605968774960736],[126.63433944432127,37.61941222694634],[126.6364609960168,37.620351130911274],[126.63695290557065,37.62603338893902],[126.6475792237419,37.62873610840282],[126.65310327639419,37.63923056555054],[126.67093518006962,37.63435957609076],[126.67442343360588,37.6303573795093],[126.67930792543027,37.62988708570582],[126.68501500000338,37.62431100209477],[126.69806334072987,37.61781963400649],[126.70628274805935,37.61015136842131],[126.70450659500229,37.602648840231886],[126.71199392181632,37.6047861523375],[126.72450980695135,37.59294283300704],[126.73501926973213,37.5904662823362],[126.73798355134345,37.59350379505025],[126.74362412306513,37.593349709658874],[126.75181644136558,37.57957178878135],[126.75473593167008,37.58043351208355],[126.75770409896974,37.58479212956424],[126.76307854848325,37.584892059639024],[126.76731222973504,37.58802599503989],[126.784113431033,37.582585135084074],[126.786630889007,37.58512421395317],[126.79367364183499,37.5816045499506],[126.80088156842656,37.588752137212104],[126.7970217095685,37.598490667550934],[126.8003532862617,37.60381706876511],[126.80493593311222,37.60402118608447],[126.79853401507219,37.61048063903842],[126.78250929152239,37.61658545374929],[126.71826484875429,37.649289750338916],[126.67346434319872,37.674914143553],[126.66909388268054,37.679209746638286],[126.66632684092707,37.68775946446937],[126.67972324344882,37.70515073402785],[126.68544252239072,37.72280312479126],[126.67754128099907,37.734746928474586],[126.67400254079905,37.75000607664066],[126.67617415563828,37.75499986306866],[126.66700405635578,37.784517209504884],[126.63894280940086,37.778433401997354],[126.62882181849751,37.772363118073926],[126.62261295174369,37.76227883174347],[126.60946784603637,37.75290923374996],[126.59201263822247,37.75773544207881],[126.58070987044695,37.753858215196495],[126.56889148554059,37.75508772746502],[126.56135492781101,37.761573607491364],[126.5616253416578,37.76504909832816],[126.55884169824543,37.76756407620732],[126.53632848164834,37.771898719135436],[126.51456397746584,37.76694862256429]]],[[[126.51481437951745,37.780858765037856],[126.51654437154819,37.772099151526604],[126.53782524057863,37.77386112312217],[126.5403830743868,37.77571273040727],[126.52716570325741,37.78385003249532],[126.52384021214057,37.7898048369493],[126.51933598780597,37.792589970138906],[126.51957367763332,37.78645942135802],[126.51481437951745,37.780858765037856]]],[[[126.54719626099151,37.602400700795876],[126.55054076436305,37.596069973706946],[126.55180218872306,37.59926515426121],[126.54804739958365,37.60472617248769],[126.54719626099151,37.602400700795876]]]]}},{"type":"Feature","id":"경기도_남양주시","properties":{"id":"경기도_남양주시","sido":"경기도","sigungu":"남양주시","name":"남양주시","parentCity":null,"center":[37.643686,127.230214],"dongCount":16},"geometry":{"type":"Polygon","coordinates":[[[127.0812307912556,37.69745399524799],[127.0862360158047,37.69031391546932],[127.0959236405964,37.68771674545948],[127.09585536591162,37.684752254443325],[127.09182776444449,37.679187298896515],[127.09556154288181,37.67280745073941],[127.09396031613478,37.66257066784949],[127.09244495585239,37.65809256043153],[127.08603443399842,37.65591267225598],[127.09281808479378,37.65490311643604],[127.09229791715144,37.64999466384976],[127.09445212499575,37.64575907901987],[127.10656795572935,37.64548959251487],[127.11115471503085,37.642411591637234],[127.11540351493682,37.6440219850112],[127.13059052766076,37.641153586525846],[127.14036154930389,37.64620987431542],[127.1462568657447,37.64409377615628],[127.15026170865916,37.63942569345341],[127.14969778561752,37.633843402812566],[127.14335624465689,37.6268898503967],[127.1429832019271,37.62393892865414],[127.15061261266254,37.60063376312275],[127.15598527026489,37.5961552662086],[127.16906235866294,37.59287794828187],[127.16752579251175,37.59024863208415],[127.16092426177407,37.58835198839456],[127.1622783962542,37.584527035701505],[127.17076195721104,37.580918094963614],[127.18337787775668,37.591701327386886],[127.20063758830992,37.59043960436794],[127.21290089054507,37.5778342566671],[127.21858020346923,37.57546611042528],[127.23363758988133,37.558691922310985],[127.23474642991076,37.54925610463777],[127.23726794214897,37.54571173244059],[127.28164795215199,37.524679683641324],[127.28636887003258,37.51789768295794],[127.28825941829022,37.50837255216327],[127.29076755458475,37.5069213187222],[127.30061962691771,37.51012693363221],[127.30710334111875,37.5163751852271],[127.30477029470445,37.52498719603054],[127.30889237456844,37.540600992409296],[127.33918891848846,37.58654431246164],[127.34709961573172,37.61777534155522],[127.35215833163575,37.62779237406179],[127.36597510234999,37.640053656048636],[127.37112753436035,37.64818839305887],[127.3763740265911,37.66010637594363],[127.37919772392932,37.674594922868025],[127.37512572894191,37.67728348052217],[127.3741690975222,37.682194759151486],[127.36692986117835,37.68822115366615],[127.37211578251126,37.69202952214276],[127.36236026802268,37.69365671837403],[127.3534354562361,37.70382426773393],[127.35514114297956,37.70775799632065],[127.35361589447677,37.710714110143606],[127.35545440472052,37.72368992399443],[127.34348900156063,37.728879828340126],[127.34246344555494,37.73754477732733],[127.33293042559562,37.74645590473705],[127.33106753916569,37.74954255021312],[127.33304649879807,37.75352473039507],[127.32644736219369,37.76025035845253],[127.31575048290637,37.76892515216351],[127.31008215788214,37.768243535695056],[127.30210065518628,37.77337808832558],[127.29363013012947,37.77607992113218],[127.27406242865924,37.77404872395811],[127.266523837898,37.780450292744206],[127.25995604526793,37.76915819399928],[127.23649147132865,37.76219152879235],[127.22552873326,37.75354528872478],[127.21303657521598,37.76139315987514],[127.21268004232292,37.76421332578456],[127.20528298064342,37.76124107909432],[127.20331439896539,37.76360774702689],[127.19092423848515,37.76257768827482],[127.18431456788093,37.76472672314196],[127.17963608653291,37.762438258795655],[127.17326433818994,37.75511441335536],[127.16789087750514,37.75328322646727],[127.14968711073749,37.755454541321804],[127.14670654041863,37.75483612452199],[127.14204320018018,37.74992335977332],[127.14248418667157,37.74777052728048],[127.13825675773802,37.747311479466944],[127.13622365516224,37.74931179480238],[127.12848454433028,37.747825256814394],[127.12371484262724,37.738612198745656],[127.12576770058203,37.72747149326406],[127.12366104289836,37.7228703027096],[127.11674724304508,37.71830192596797],[127.11234617344587,37.71773743850108],[127.10737964803036,37.707745837362054],[127.1012874630867,37.7082594131997],[127.09124121255543,37.70224583252553],[127.08843584431443,37.70375481905922],[127.08286914983955,37.70188978519883],[127.0812307912556,37.69745399524799]]]}},{"type":"Feature","id":"경기도_동두천시","properties":{"id":"경기도_동두천시","sido":"경기도","sigungu":"동두천시","name":"동두천시","parentCity":null,"center":[37.920595,127.081777],"dongCount":8},"geometry":{"type":"Polygon","coordinates":[[[127.00790110245758,37.91614543827301],[127.01055519806187,37.910336392206524],[127.01061431608339,37.90480574458167],[127.01248041979555,37.90319372346004],[127.02442818380526,37.89789459702395],[127.02876790656146,37.89893382963343],[127.04566172371634,37.893911291290685],[127.04807176288318,37.88327959453987],[127.06039344604925,37.86934817654128],[127.0737308458761,37.87278612121575],[127.07750259653272,37.87101590262805],[127.08719654156158,37.872047718114615],[127.10339190180217,37.865397680380156],[127.10918530066955,37.85985148862908],[127.11367693524551,37.86547694168196],[127.12316225646751,37.867157071021055],[127.12355938320924,37.86982612865056],[127.12856003966374,37.873912605150004],[127.14696392041334,37.87602590961418],[127.1556523276474,37.89567570812824],[127.149660583333,37.897920406776684],[127.15027359416878,37.900575435458656],[127.14663688497693,37.903487059963744],[127.1478560430291,37.90662842875512],[127.1459597200287,37.9118659833296],[127.13542828448888,37.91326154860769],[127.13078072675488,37.91619851647106],[127.12196640450655,37.91648376227753],[127.10800854304198,37.93908990539969],[127.09604842744854,37.94364602403637],[127.09631351445613,37.950182360106865],[127.09924048792593,37.95458061693382],[127.09256513942137,37.9592286299145],[127.09414464730294,37.968010401296226],[127.09253928320811,37.97086081165149],[127.08457405471667,37.97562217301077],[127.07617575748546,37.97667939171628],[127.0660986092734,37.975278280838985],[127.0634328166341,37.97602216575017],[127.06439266905214,37.97959820069188],[127.05325916400604,37.98133873096747],[127.04480504052765,37.97293675116768],[127.04061814833082,37.9590112557456],[127.02930385108272,37.955725361235956],[127.0275723311146,37.94315443506034],[127.01675695601156,37.93661896211751],[127.01259841670345,37.92819613256105],[127.01004604364417,37.92757262710981],[127.00904003340952,37.925050473549476],[127.0127857781066,37.91855535929677],[127.00790110245758,37.91614543827301]]]}},{"type":"Feature","id":"경기도_부천시_소사구","properties":{"id":"경기도_부천시_소사구","sido":"경기도","sigungu":"부천시 소사구","name":"부천시 소사구","parentCity":"부천시","center":[37.473144,126.795256],"dongCount":1},"geometry":{"type":"MultiPolygon","coordinates":[[[[126.8020937377895,37.477748634560115],[126.80129063472442,37.47555698108077],[126.80634081157706,37.4748115271332],[126.80440691848622,37.46520754663103],[126.80010172200593,37.46388299036319],[126.78947036526186,37.46581271996987],[126.78492222170242,37.47007005107172],[126.78417022917421,37.47272340086415],[126.78923681269195,37.48211790716368],[126.80317151055881,37.48240483871034],[126.8020937377895,37.477748634560115]]]]}},{"type":"Feature","id":"경기도_부천시_오정구","properties":{"id":"경기도_부천시_오정구","sido":"경기도","sigungu":"부천시 오정구","name":"부천시 오정구","parentCity":"부천시","center":[37.534303,126.785876],"dongCount":1},"geometry":{"type":"MultiPolygon","coordinates":[[[[126.80486314173841,37.521294489657315],[126.79314609242995,37.52246205506096],[126.77323335072558,37.514418400567656],[126.76028664081662,37.51796478648625],[126.76094809268727,37.53785944540615],[126.76474895751049,37.5511754194035],[126.76771074661768,37.55418855255472],[126.77116283647467,37.548709603657656],[126.79017804815173,37.543844143520225],[126.7933358027529,37.541562668103744],[126.79440080024341,37.5358308630404],[126.79871858254754,37.53767504421919],[126.80701547686041,37.53627021227922],[126.80690104058824,37.53321325376728],[126.81146536392389,37.5297934504358],[126.81123274979362,37.52279087699141],[126.80486314173841,37.521294489657315]]]]}},{"type":"Feature","id":"경기도_부천시_원미구","properties":{"id":"경기도_부천시_원미구","sido":"경기도","sigungu":"부천시 원미구","name":"부천시 원미구","parentCity":"부천시","center":[37.50077,126.787527],"dongCount":8},"geometry":{"type":"Polygon","coordinates":[[[126.74163400667263,37.49510062224511],[126.7426005760681,37.48664671488252],[126.75431104269614,37.48379297914852],[126.75951832887468,37.47655756956848],[126.76483948330126,37.47489336543552],[126.76774170110463,37.471761614987166],[126.78314657760137,37.472074982147085],[126.78923681269195,37.48211790716368],[126.7983090441034,37.482892096135494],[126.80317151055881,37.48240483871034],[126.80129063472442,37.47555698108077],[126.80634081157706,37.4748115271332],[126.80440691848622,37.46520754663103],[126.80010172200593,37.46388299036319],[126.8007314961311,37.46281191200598],[126.82298650199361,37.458333329052465],[126.83342062038142,37.46714737095227],[126.8320338084239,37.47342326032366],[126.83340851770019,37.47690416889069],[126.8317936893084,37.477574560161884],[126.81922071956207,37.47615756282263],[126.81792555074226,37.47347119874899],[126.81475306932268,37.47466778953366],[126.8195678101004,37.480276346374374],[126.81938920967947,37.485369987191014],[126.82333329535585,37.48821757534788],[126.81439205171421,37.493198831681944],[126.81309196426083,37.498020566928176],[126.81874420398485,37.49875041842893],[126.82159414369191,37.502061252630334],[126.8247949083413,37.50829216307102],[126.8231401322904,37.51604891455861],[126.82542043622396,37.51909171900804],[126.82525092855003,37.52314896258324],[126.82815397820713,37.52579857207941],[126.82820990369059,37.52879023343129],[126.82177387843622,37.53492566227684],[126.82214710748974,37.54067925643015],[126.8059750464387,37.54320595140502],[126.79977010667751,37.54044390113105],[126.79871858254754,37.53767504421919],[126.80701547686041,37.53627021227922],[126.80690104058824,37.53321325376728],[126.81146536392389,37.5297934504358],[126.81033125778423,37.521834695808394],[126.79314609242995,37.52246205506096],[126.77323335072558,37.514418400567656],[126.76028664081662,37.51796478648625],[126.76019208815293,37.51587172754705],[126.75200360198652,37.516408840512376],[126.7451006837717,37.514084702602005],[126.74257465274816,37.50942043492312],[126.74412584454747,37.501786979769676],[126.74163400667263,37.49510062224511]]]}},{"type":"Feature","id":"경기도_성남시_분당구","properties":{"id":"경기도_성남시_분당구","sido":"경기도","sigungu":"성남시 분당구","name":"성남시 분당구","parentCity":"성남시","center":[37.375185,127.102137],"dongCount":22},"geometry":{"type":"Polygon","coordinates":[[[127.02708438230145,37.37557093923608],[127.0293383294589,37.371962025128525],[127.04608774298211,37.368411837074056],[127.05301271526731,37.363436679154354],[127.05402907783258,37.36021470008821],[127.06054990892169,37.3607878225193],[127.07003808183107,37.35812305524097],[127.07747830493219,37.34915633070343],[127.08548591185479,37.35178626788789],[127.09678732728231,37.34339626194719],[127.10224979511966,37.34241196367596],[127.1039652961785,37.338612746168174],[127.11031409948193,37.33463956019531],[127.11398125820944,37.335509025588344],[127.11673033571925,37.33351012444721],[127.12329187362045,37.337006052485215],[127.13753954161281,37.33987977870999],[127.13806513967285,37.34371678548324],[127.13173657886057,37.351201271644435],[127.1339446102722,37.358477799991036],[127.14980805491989,37.36119392233139],[127.16031960256913,37.372556095110426],[127.16169008470975,37.37971360263004],[127.17345123672445,37.38267277007366],[127.17718974905127,37.38655108223043],[127.1683919367876,37.39249499857584],[127.17425924843835,37.40542693949517],[127.16466554574558,37.40669245965014],[127.15527757605896,37.41076559544888],[127.14655154224674,37.41098320232183],[127.14185072891053,37.415580716946664],[127.12277510655831,37.4168599354214],[127.11899567671183,37.41573236049089],[127.11833555045469,37.411227865031435],[127.11574647067849,37.40900660287914],[127.10657171582919,37.40765124512835],[127.1025591422324,37.40970646944234],[127.08889073063496,37.4029029744369],[127.08897573620281,37.40106933134164],[127.0846350295805,37.39758237843141],[127.07867254143588,37.39907880326567],[127.06347298482964,37.39859005146799],[127.04975358444794,37.40365390598352],[127.04369971656885,37.40420642770929],[127.03839176492791,37.40193233451188],[127.03871949204202,37.39132901636381],[127.02708438230145,37.37557093923608]]]}},{"type":"Feature","id":"경기도_성남시_수정구","properties":{"id":"경기도_성남시_수정구","sido":"경기도","sigungu":"성남시 수정구","name":"성남시 수정구","parentCity":"성남시","center":[37.435908,127.10927],"dongCount":17},"geometry":{"type":"Polygon","coordinates":[[[127.04162799670043,37.42386525131993],[127.04167534027411,37.415633660359624],[127.04675185046257,37.413600374572304],[127.04690831855343,37.4112866821341],[127.04236639503327,37.407112635226135],[127.04493757338543,37.40374814015356],[127.0558749505216,37.402425274224576],[127.06763507846138,37.39795183767051],[127.07851493492377,37.39911446785234],[127.0840106493746,37.39696952369934],[127.09001085119635,37.40365725874544],[127.1025591422324,37.40970646944234],[127.10657171582919,37.40765124512835],[127.1166544070504,37.40961572503003],[127.119982883778,37.419266670716496],[127.11778538144125,37.422199251129555],[127.1183888109848,37.432325658276156],[127.13680676525102,37.43509470946883],[127.15688402419163,37.445049600086136],[127.16084827827204,37.454179438387804],[127.17338524129836,37.46552354177038],[127.17691102556596,37.47133353568197],[127.1646152487135,37.469097701086106],[127.15436269368145,37.47173364742644],[127.15445251626403,37.4736852785665],[127.13258889298031,37.474846847260416],[127.13267621542862,37.46823394934359],[127.12506666419759,37.46890107776615],[127.11560171615524,37.458595082431124],[127.11339677845646,37.46107109840831],[127.10664165288969,37.46247527781034],[127.0982144531008,37.458794136514655],[127.0963176312864,37.46143202137049],[127.0883242428717,37.44863730582032],[127.08798962369333,37.445061519871594],[127.08128636145096,37.44098135099465],[127.07242381988966,37.44235311818686],[127.07337772677296,37.439340069370694],[127.07045631000307,37.43006340527568],[127.05459305525741,37.42941429917557],[127.04746704771722,37.4308710922291],[127.04182910582954,37.42691491657111],[127.04162799670043,37.42386525131993]]]}},{"type":"Feature","id":"경기도_성남시_중원구","properties":{"id":"경기도_성남시_중원구","sido":"경기도","sigungu":"성남시 중원구","name":"성남시 중원구","parentCity":"성남시","center":[37.439587,127.15684],"dongCount":11},"geometry":{"type":"Polygon","coordinates":[[[127.11778538144125,37.422199251129555],[127.119982883778,37.419266670716496],[127.1179614007708,37.41520951658397],[127.12211634135642,37.416949091223856],[127.13521864897598,37.41688658707303],[127.14265100342452,37.41542314454485],[127.14686648536272,37.41249732778739],[127.14655154224674,37.41098320232183],[127.17425924843835,37.40542693949517],[127.1790022374182,37.41582375984261],[127.18488976233455,37.41534496877871],[127.18572628160163,37.41867777893927],[127.19463802974579,37.42539347415219],[127.19335894221092,37.42609698689695],[127.19523060864046,37.43103122196769],[127.19365607434285,37.439163116790084],[127.19589530915613,37.44363299501395],[127.19359146549029,37.45257991451379],[127.19099094021566,37.457353196794806],[127.18187739109095,37.46010536741478],[127.18144476171162,37.470956004640335],[127.18021784409106,37.473746928110096],[127.17781103842154,37.47342040468201],[127.17400321991784,37.46611339088566],[127.16084827827204,37.454179438387804],[127.1573141433014,37.44569409769763],[127.13680676525102,37.43509470946883],[127.1183888109848,37.432325658276156],[127.11778538144125,37.422199251129555]]]}},{"type":"Feature","id":"경기도_수원시_권선구","properties":{"id":"경기도_수원시_권선구","sido":"경기도","sigungu":"수원시 권선구","name":"수원시 권선구","parentCity":"수원시","center":[37.263673,126.9849],"dongCount":12},"geometry":{"type":"Polygon","coordinates":[[[126.9272646844167,37.27143133965148],[126.93023300693358,37.261913460560955],[126.93577695359531,37.25677165741207],[126.94652972524321,37.2575040886718],[126.95004611715697,37.255843884866394],[126.95272101599312,37.249093574321286],[126.95618808412476,37.24677043022802],[126.95776467963022,37.23976480644073],[126.96695423283646,37.23562517684138],[126.97198506510931,37.22886695582991],[126.98811538016567,37.233594619232015],[126.99264594823835,37.23085245816746],[127.02137129523447,37.22423632268805],[127.02389538090452,37.22706224486803],[127.02289852640207,37.22951454847343],[127.02964391368278,37.23201023832599],[127.0366998915232,37.238400803242776],[127.0425353552713,37.251161372284514],[127.03667421739159,37.25652104110118],[127.03046150805054,37.25820133095293],[127.03155930768014,37.260983104562214],[127.02934928316769,37.2622824900733],[127.01358428967959,37.26449591871563],[127.00981322291359,37.267647618595745],[127.00718916086723,37.26359624259576],[127.00102287396122,37.26339576972796],[126.99313963695145,37.27737439111898],[126.98582667079633,37.27541503698143],[126.98661026366055,37.282109010709256],[126.98386280760427,37.2842536933016],[126.97876685881427,37.28657264923453],[126.96957726973373,37.28661526893942],[126.96807236175165,37.294263508540766],[126.9636671837674,37.298743804971394],[126.96425500176927,37.30266854354947],[126.9545090040314,37.30310972798826],[126.95229328176649,37.30064969341378],[126.9329532092641,37.30304784371433],[126.93258957102812,37.30075996197891],[126.93954221965072,37.29535210021272],[126.93297761091021,37.291625149076864],[126.92959150067992,37.28621858508163],[126.9272646844167,37.27143133965148]]]}},{"type":"Feature","id":"경기도_수원시_영통구","properties":{"id":"경기도_수원시_영통구","sido":"경기도","sigungu":"수원시 영통구","name":"수원시 영통구","parentCity":"수원시","center":[37.276326,127.061444],"dongCount":12},"geometry":{"type":"Polygon","coordinates":[[[127.03230777780381,37.30964317183555],[127.03257548433444,37.29875432995583],[127.03457117970899,37.294063700583784],[127.04322176615761,37.29037238198676],[127.03884968001118,37.28565128427378],[127.04407293717225,37.28542697885887],[127.0417838318746,37.28412696345383],[127.04405384082548,37.274707160443825],[127.03699343257696,37.2750673555413],[127.03833455225924,37.26946135509624],[127.0347941758409,37.26793779614611],[127.04022964777499,37.265385476641],[127.03667421739159,37.25652104110118],[127.0425353552713,37.251161372284514],[127.03974442211306,37.24735679785299],[127.03968326246633,37.24350305425567],[127.04042661129985,37.24700449520929],[127.04262323978682,37.24675055836817],[127.03912169709646,37.2372391342977],[127.04498933939965,37.233173413920106],[127.05345846158745,37.233580740011845],[127.05257034781924,37.23148481196151],[127.06635400218353,37.240088300840796],[127.06686693210604,37.24416112268881],[127.0693341518066,37.245878272089854],[127.08210870040487,37.24940352490583],[127.08243871904678,37.25445083748968],[127.08463305053017,37.2563271746401],[127.08105293178278,37.25996747379677],[127.08620366981569,37.264773130473046],[127.08552868391035,37.270508152007324],[127.07599161853601,37.26572740626982],[127.0769008525062,37.261392114039026],[127.07359844429799,37.26611429756931],[127.0650397961788,37.27024873501022],[127.0695382561455,37.278742792356375],[127.08413476308137,37.28631822665879],[127.0881732377497,37.28662191698497],[127.08831098648984,37.29317439401816],[127.09057974788645,37.29714363993999],[127.08559364835422,37.2981315778418],[127.07787253869331,37.29357030292158],[127.0605887323512,37.2965833858392],[127.06104382894215,37.30321367153283],[127.05835962784417,37.30527237405106],[127.06061731958967,37.31094262670583],[127.05761658157864,37.31473248902042],[127.04727815566139,37.31663644142701],[127.03999868356196,37.321167130183184],[127.03230777780381,37.30964317183555]]]}},{"type":"Feature","id":"경기도_수원시_장안구","properties":{"id":"경기도_수원시_장안구","sido":"경기도","sigungu":"수원시 장안구","name":"수원시 장안구","parentCity":"수원시","center":[37.318542,126.999985],"dongCount":10},"geometry":{"type":"Polygon","coordinates":[[[126.9610752166736,37.30196871214629],[126.96424250277566,37.30272262512767],[126.9636671837674,37.298743804971394],[126.96776937973041,37.294630588677215],[126.96963557492447,37.287048149988976],[126.97427822076641,37.28552216777181],[126.97876685881427,37.28657264923453],[126.97759353356714,37.28842660961371],[126.98437008242135,37.29133621879853],[126.99036813592735,37.286500371315896],[127.00064414960288,37.28977898861169],[127.00920787956647,37.285520867887655],[127.01481031867287,37.28944697115502],[127.02018769788465,37.28725034516819],[127.02691778845254,37.291449863211156],[127.03335917351993,37.292716923241116],[127.0345565828007,37.2936895112696],[127.03274187308362,37.297961764262695],[127.03310286930822,37.31179863568322],[127.03807111345938,37.31616030499192],[127.03889482898782,37.320826011900124],[127.03826505789314,37.32850216296585],[127.03162507612383,37.33677824942169],[127.03302689141805,37.34412193676483],[127.0188076940644,37.351563117375406],[127.01330550123632,37.34782579858821],[127.00854624799565,37.33877765735202],[127.00105422044257,37.33839137884378],[126.99141394401062,37.33401242781888],[126.98277935878322,37.326747023477566],[126.97119432204674,37.3317886345082],[126.96692202659356,37.323238361971136],[126.97000341451498,37.31692400004181],[126.96770523980321,37.315937940425385],[126.96575057369823,37.30699030671215],[126.9610752166736,37.30196871214629]]]}},{"type":"Feature","id":"경기도_수원시_팔달구","properties":{"id":"경기도_수원시_팔달구","sido":"경기도","sigungu":"수원시 팔달구","name":"수원시 팔달구","parentCity":"수원시","center":[37.274754,127.010824],"dongCount":10},"geometry":{"type":"Polygon","coordinates":[[[126.97759353356714,37.28842660961371],[126.98133813136297,37.28352261768414],[126.98611896885045,37.28281897712278],[126.98582667079633,37.27541503698143],[126.99313963695145,37.27737439111898],[127.00102287396122,37.26339576972796],[127.00625174681676,37.263693743681834],[127.00960457307993,37.2669932587503],[127.01358428967959,37.26449591871563],[127.03134727289749,37.26154154229445],[127.03046150805054,37.25820133095293],[127.03667421739159,37.25652104110118],[127.04040862083214,37.265283700093846],[127.0347941758409,37.26793779614611],[127.03747207087582,37.269082846412125],[127.03699343257696,37.2750673555413],[127.04405384082548,37.274707160443825],[127.04183391949397,37.28365618004117],[127.04352053222296,37.285155626640474],[127.03880513434268,37.284797001572805],[127.04322176615761,37.29037238198676],[127.03826149275932,37.2929863447301],[127.02691778845254,37.291449863211156],[127.02018769788465,37.28725034516819],[127.01481031867287,37.28944697115502],[127.00920787956647,37.285520867887655],[127.00064414960288,37.28977898861169],[126.99054217648388,37.28620366281203],[126.98821565146882,37.289707917530926],[126.98437008242135,37.29133621879853],[126.97759353356714,37.28842660961371]]]}},{"type":"Feature","id":"경기도_시흥시","properties":{"id":"경기도_시흥시","sido":"경기도","sigungu":"시흥시","name":"시흥시","parentCity":null,"center":[37.389872,126.776488],"dongCount":18},"geometry":{"type":"Polygon","coordinates":[[[126.67106449501567,37.32988698791891],[126.67715988175435,37.32009390247851],[126.6923962577354,37.318999101289194],[126.70610723924304,37.31044402971416],[126.71715962084404,37.30751608020175],[126.73852099021138,37.32967922910069],[126.7465621961848,37.32473220756153],[126.75011579582811,37.33389186682499],[126.76019941149958,37.34104801779408],[126.7637133701529,37.34160866260295],[126.76821863473378,37.339422470006625],[126.77638317212852,37.342008285969406],[126.78739208241997,37.33856941343516],[126.79110407870877,37.34246986920404],[126.79158440980997,37.35247797238465],[126.79527709663095,37.35514216931421],[126.80546521948247,37.35341546477985],[126.81665261580113,37.35765199959958],[126.82644255882796,37.36412789962679],[126.83318419999809,37.36182480435469],[126.84825446698284,37.365053475230695],[126.85342512768696,37.36044091335185],[126.86483126548198,37.36151672173379],[126.88191192588266,37.37622071772795],[126.87609271251853,37.39466150894793],[126.87707064856288,37.4014032434998],[126.85769100486401,37.40223876860144],[126.85284363304994,37.40829427751273],[126.84654648308873,37.41211444389042],[126.84488786593673,37.42383376248432],[126.84060701615577,37.430729659716604],[126.8417444279463,37.434428222071176],[126.8385027183967,37.4366466265858],[126.83883242602121,37.45569767026411],[126.83736653516561,37.45774390223881],[126.80410630792892,37.46156556153698],[126.78947036526186,37.46581271996987],[126.78350126498432,37.472228804060066],[126.77898452510944,37.47152011342189],[126.77984193551697,37.46579138667863],[126.77744777918323,37.45751850443531],[126.77920622001822,37.45269894591867],[126.77831583751951,37.450789381866805],[126.7717375779374,37.4502721748783],[126.76883815718544,37.442934885116834],[126.77130731529849,37.435231800175956],[126.77060922595655,37.42955418645064],[126.76736934433276,37.42659355796325],[126.7596752848379,37.42653344252889],[126.75369009495193,37.42253943913569],[126.75477277688833,37.418878354534094],[126.750575879332,37.40760623569069],[126.73453803229495,37.39204289830461],[126.7341918767743,37.38754961902471],[126.73744550862678,37.388217374044814],[126.74205108221922,37.38455449905932],[126.74497527292839,37.388535009039195],[126.74258944196124,37.38263586188136],[126.73282081477169,37.386401180626],[126.72984057230123,37.38556918378812],[126.7004521683918,37.35465839303705],[126.70319662752708,37.35126841959407],[126.69291369015825,37.348293387839476],[126.68844729679088,37.348859970538136],[126.68559087335449,37.340876774246524],[126.69114843998017,37.33920627533859],[126.69148874590753,37.335934017112244],[126.67106449501567,37.32988698791891]]]}},{"type":"Feature","id":"경기도_안산시_단원구","properties":{"id":"경기도_안산시_단원구","sido":"경기도","sigungu":"안산시 단원구","name":"안산시 단원구","parentCity":"안산시","center":[37.22513,126.613952],"dongCount":12},"geometry":{"type":"MultiPolygon","coordinates":[[[[126.37970947309786,37.10790845259833],[126.3814006256496,37.10258712590693],[126.3890850816172,37.101788416795685],[126.39365229449618,37.09900191074957],[126.39773072522044,37.10162911508643],[126.39485613672318,37.11262060723367],[126.3896361916347,37.115251181955195],[126.38201014930739,37.11423306225125],[126.37970947309786,37.10790845259833]]],[[[126.44855135889098,37.099227540471425],[126.45163522565205,37.094951969777014],[126.45774490028899,37.096265519002884],[126.45122410508218,37.103194892674864],[126.44855135889098,37.099227540471425]]],[[[126.45830469032511,37.09159336288499],[126.4614576669719,37.088779482215614],[126.46525226295584,37.08966663030096],[126.46286759408113,37.093691904652935],[126.45830469032511,37.09159336288499]]],[[[126.46673917662501,37.08394788607291],[126.46927547751118,37.08244660845777],[126.46822245610318,37.08460191417037],[126.46673917662501,37.08394788607291]]],[[[126.53266267430352,37.28877797422775],[126.53854129299091,37.285737411494765],[126.54125895187713,37.28167417725512],[126.54861355231243,37.27995106873472],[126.55082801794875,37.27292916649581],[126.55479938192404,37.271084993269795],[126.55500567818554,37.268514336444206],[126.55756690208516,37.266734268264024],[126.5580552225522,37.25956568385444],[126.55950401250354,37.25710161042653],[126.56301576617436,37.256197683488814],[126.55979210958755,37.24859722498608],[126.5603557641862,37.2425343346873],[126.56676236614577,37.23717224834126],[126.55871941295399,37.23710633541932],[126.55497087562452,37.23383603959351],[126.54444068977935,37.2335836551584],[126.54421946981142,37.229563996338506],[126.54124029825805,37.22903965174455],[126.54075255562678,37.22382801121195],[126.54589437128715,37.22311577294944],[126.5470988242734,37.215674490822714],[126.5432253340389,37.21384049286856],[126.54458723207293,37.20644216795826],[126.5404369701745,37.20647509667053],[126.53559606013236,37.19781840499628],[126.53833465025264,37.198421138484164],[126.54259301225187,37.20462556331594],[126.54939477270106,37.20488090215695],[126.55915354533285,37.199212523913005],[126.56178247367858,37.193297786960485],[126.56896235090322,37.200876452866225],[126.56852164084592,37.20430161324622],[126.57297733126389,37.20934485645468],[126.57681454292583,37.21981391569037],[126.57950307815639,37.2208263576642],[126.58515144046822,37.22058851939789],[126.58844482471751,37.213616882588994],[126.59071421202508,37.21327715483047],[126.60165275870492,37.21819427568889],[126.6009519082453,37.22056296585556],[126.60316815590244,37.21627568049322],[126.59814106939325,37.21110645147007],[126.60294244275656,37.20761508265633],[126.60539544412843,37.21198617914625],[126.614322589641,37.20729284632789],[126.61583184925132,37.20923190322835],[126.61161703542138,37.219023169836824],[126.59950776548222,37.22690446103702],[126.60280195429365,37.23018343886461],[126.61004202006464,37.22956996779435],[126.61121023997585,37.2337610915651],[126.61928485501237,37.22931793248218],[126.6218002501429,37.23612281007232],[126.62424129325998,37.235348737625806],[126.62340026416608,37.226993644100034],[126.62921027858582,37.217995598504125],[126.63941497740919,37.215549696205656],[126.64683201625407,37.2107663070774],[126.64582751687476,37.206961987451585],[126.64250798376027,37.206590970269254],[126.64126640563354,37.20452681981711],[126.64229880145784,37.20155072564793],[126.64086256679279,37.19846207901594],[126.64543536535403,37.19195447304848],[126.64754700160906,37.19289011025014],[126.65124954925334,37.19953073323599],[126.64665882935388,37.205713811062104],[126.65204348302942,37.20731537310627],[126.65433898750862,37.21070855032978],[126.65208699922549,37.213749313769455],[126.65103128179268,37.21008889334861],[126.64762269545768,37.20885229525414],[126.65167717499783,37.22078280094364],[126.65072716857055,37.22502710917233],[126.62259240989506,37.23664372979831],[126.62641846193358,37.244075625229144],[126.62339098853019,37.24324988013514],[126.61927935411188,37.24616113918499],[126.6208623301716,37.24794580276662],[126.61455536042179,37.25046391470135],[126.61822011541078,37.25740365144265],[126.61634171488437,37.25898282620652],[126.60933333707516,37.26054735600519],[126.60879317817482,37.26303880718702],[126.59685979439328,37.26242665727338],[126.59068332783067,37.26412127951296],[126.58551782960802,37.2686356427077],[126.58707002892334,37.27219454499289],[126.58306107556153,37.27393359383353],[126.58131486146155,37.27306944057355],[126.57256125338603,37.276148064773814],[126.56925247055692,37.27205466565069],[126.57144774016419,37.28151487234289],[126.5762587919637,37.28722437548583],[126.5821914288172,37.28854709114019],[126.58615221887348,37.293004541417965],[126.58405627585734,37.294313389662015],[126.58140456567665,37.291677746119035],[126.5792314324549,37.29323693870516],[126.61478388626965,37.31256555198143],[126.64665661436678,37.32176266195389],[126.64524838377646,37.32446562061783],[126.61219561418686,37.315125195076554],[126.5789957767444,37.295958582189954],[126.57080768596458,37.29818964499631],[126.57677331078969,37.291645651011834],[126.57433378257245,37.288331538432516],[126.56544860269886,37.283864016069714],[126.56774417403996,37.28135168203836],[126.56039730625417,37.2775427733996],[126.55685455194488,37.27783804963654],[126.55776349996314,37.281670380551944],[126.55550499288353,37.28408760054788],[126.5518513675922,37.28188231244671],[126.53266267430352,37.28877797422775]]],[[[126.61235470505349,37.2283929530232],[126.61507686327487,37.22918738454241],[126.61428754200196,37.23011215740314],[126.61235470505349,37.2283929530232]]],[[[126.61395200027347,37.2251295277567],[126.61779084813544,37.223674289867645],[126.61675232813924,37.22869410164082],[126.61395200027347,37.2251295277567]]],[[[126.62682656400021,37.24926716936871],[126.62800480880857,37.247376200708146],[126.63107922836947,37.249419013961514],[126.63077612986844,37.25077448811491],[126.62682656400021,37.24926716936871]]],[[[126.62993162813076,37.18609078072184],[126.64012640462111,37.18873303747119],[126.63354903758334,37.18896341895115],[126.62993162813076,37.18609078072184]]],[[[126.71715962084404,37.30751608020175],[126.72557525886887,37.30232319917191],[126.7725842234774,37.2894050217247],[126.8041781523221,37.296252794265385],[126.80721456373176,37.29894016086491],[126.81632012185375,37.29800573092626],[126.82371373494026,37.30440860190739],[126.83544712302967,37.30350045411631],[126.84093214460253,37.30539360508329],[126.84315314063127,37.31791843603443],[126.84135407872341,37.31968169047546],[126.84145899133883,37.33421764797817],[126.83710280269062,37.33903200973119],[126.8418288731962,37.34280126142669],[126.83633939792128,37.34535751968709],[126.8345439457061,37.34994896539271],[126.83711785116948,37.35256049877059],[126.83695550283544,37.35577410993823],[126.84056021684599,37.35893559390599],[126.8409270401017,37.36323149987164],[126.83162737238747,37.361652616694336],[126.82762615731967,37.36419997346552],[126.80577998263782,37.353489421313796],[126.7962455672554,37.35473894189517],[126.79340997193441,37.35346349854084],[126.79053060397773,37.348675757597945],[126.7920898761892,37.34313828098624],[126.7840538895443,37.33747324519763],[126.78279948423945,37.3400638534826],[126.77638317212852,37.342008285969406],[126.76821863473378,37.339422470006625],[126.76394468163775,37.34162346935277],[126.76019941149958,37.34104801779408],[126.75022732905018,37.33396233534881],[126.7465621961848,37.32473220756153],[126.73887181947191,37.32946512584545],[126.71715962084404,37.30751608020175]],[[126.78923264561244,37.340243527373346],[126.79084193682777,37.33920645606016],[126.79077367344847,37.339250446667855],[126.78923264561244,37.340243527373346]]]]}},{"type":"Feature","id":"경기도_안산시_상록구","properties":{"id":"경기도_안산시_상록구","sido":"경기도","sigungu":"안산시 상록구","name":"안산시 상록구","parentCity":"안산시","center":[37.320862,126.874214],"dongCount":13},"geometry":{"type":"Polygon","coordinates":[[[126.813919679971,37.29505111331134],[126.82165178584727,37.29080285377748],[126.8277532844638,37.29159371703375],[126.82848363391219,37.288899450376775],[126.82573598317141,37.28881047537416],[126.82799837198688,37.27980162498618],[126.83780558826567,37.27541079334329],[126.840032813629,37.2699687460566],[126.84646891260701,37.26587384936587],[126.85272497796203,37.272036610680246],[126.87118134203182,37.27471058104457],[126.87666801839984,37.27772098882212],[126.87906701375312,37.285109177659905],[126.88618096081777,37.28052888796154],[126.89091301320349,37.28202036041897],[126.89287268615857,37.28645155338625],[126.89878461072496,37.28957588667329],[126.89841236208623,37.293997542886615],[126.90554556446901,37.28988721177487],[126.9130901717357,37.29153271115843],[126.91756428308713,37.28539383570351],[126.92739619327676,37.27884589157926],[126.93297761091021,37.291625149076864],[126.93929325576404,37.2949768465657],[126.93934230170163,37.296919565428304],[126.93258957102812,37.30075996197891],[126.93042700862954,37.30706491420128],[126.91527731758718,37.30558204132514],[126.91550855874648,37.3151379399467],[126.91070138309638,37.31654438390213],[126.90815691350386,37.321610968542814],[126.8877407341513,37.31790607897147],[126.8837023645087,37.320590424043104],[126.87811594541968,37.319455876629235],[126.874213874551,37.32086162178055],[126.87359250330812,37.329277285957275],[126.88535983881472,37.338201802273474],[126.88867163734895,37.34944448373841],[126.89723786976528,37.358067270826375],[126.89128039787796,37.37479443901067],[126.88648898053886,37.376576687788805],[126.88191192588266,37.37622071772795],[126.86483126548198,37.36151672173379],[126.85448528430472,37.360291234159355],[126.84825446698284,37.365053475230695],[126.84165986583301,37.36321079244198],[126.83480780517614,37.350647576103576],[126.83602906518597,37.34621886202632],[126.8418288731962,37.34280126142669],[126.8375209223758,37.3394556491745],[126.84143509663602,37.3342416366992],[126.8410407658762,37.32058357772127],[126.84315314063127,37.31791843603443],[126.84176598208806,37.30593456724857],[126.83595418455332,37.30358104443834],[126.8209907463374,37.30362685785579],[126.813919679971,37.29505111331134]]]}},{"type":"Feature","id":"경기도_안성시","properties":{"id":"경기도_안성시","sido":"경기도","sigungu":"안성시","name":"안성시","parentCity":null,"center":[37.024855,127.310351],"dongCount":15},"geometry":{"type":"Polygon","coordinates":[[[127.10231002118495,37.068681216385585],[127.10593970874173,37.06517657540329],[127.11389773911701,37.06509457378791],[127.11846833308299,37.062671000620156],[127.12531834246354,37.06469513139214],[127.12803678767449,37.06357802861198],[127.13053282327083,37.05871480793166],[127.12762448098397,37.05285762015307],[127.12217910881425,37.05041893676031],[127.1196652209101,37.046094470118156],[127.11026760994784,37.04100806344108],[127.10529419795047,37.03574614056654],[127.10848988132871,37.03177724909186],[127.11693822585583,37.027210490862394],[127.1223107356929,37.0350600985765],[127.12841979888914,37.033324974625295],[127.13718668291696,37.03387155499938],[127.15306890996351,37.029472768276165],[127.15253032663071,37.02154642039035],[127.1462494994635,37.01745675722128],[127.14427713070724,37.014008113535056],[127.153915991268,36.99775723814679],[127.14477689073931,36.997220731001285],[127.136175312019,36.99337205004552],[127.13317461258686,36.987845408646756],[127.13060721518599,36.98667807674958],[127.13627419500169,36.98477520514034],[127.14113920270991,36.97971068237876],[127.12450895939429,36.9767858129974],[127.12514145729666,36.975393959114456],[127.11994682094736,36.96954849737904],[127.13173913071384,36.96502480994814],[127.14430057523515,36.97151191417936],[127.15380596513312,36.969418808819945],[127.15677070453856,36.96722562290827],[127.15612576457683,36.96539966234916],[127.16505017987032,36.962018999936106],[127.17603606562393,36.962070964895126],[127.17766653709832,36.958269642630114],[127.1879840606963,36.955238952133094],[127.19011197699335,36.95285822726445],[127.20189088793852,36.952114776584835],[127.20682849149608,36.94607635449214],[127.20586633093541,36.94221374910886],[127.21129055625669,36.93830689923937],[127.21073389210042,36.93040699347654],[127.2202078911625,36.9303012445027],[127.22884977397099,36.92438643912185],[127.23635819990555,36.92354443755927],[127.2372668297087,36.921081232433906],[127.2440184977727,36.91740455051251],[127.25312045378018,36.92226411422914],[127.2591328774544,36.91560980825643],[127.27175931683911,36.91330880978378],[127.28018838146745,36.904470499462995],[127.27978955080151,36.90141087145732],[127.28481839541382,36.89568900824778],[127.289801866995,36.8938188003222],[127.29067110253496,36.896848528776204],[127.29778659253196,36.90263205600278],[127.30407765078967,36.91514051678885],[127.29592138503041,36.92814640787249],[127.29657377301295,36.92956503438223],[127.30914734415009,36.92909412682449],[127.31648835755597,36.93464618971716],[127.32702955185152,36.93578267684558],[127.33866953878079,36.94277340181909],[127.34304773030419,36.94352061150741],[127.3435093539804,36.947976288052985],[127.3497353751849,36.952567164720065],[127.35597600949602,36.95106305642394],[127.35789456139054,36.94747819285805],[127.36204675352215,36.94927209750121],[127.37451473552763,36.948119332418955],[127.37852771077901,36.951466248384584],[127.37912586188617,36.95755909581791],[127.38538175255121,36.95914282978116],[127.38746008701018,36.96385281555948],[127.39807313569891,36.96431785211769],[127.40185704887993,36.96774918631386],[127.3941213569405,36.97729680113443],[127.38491569480533,36.98365776616833],[127.39069749441265,36.990881637713606],[127.3925362280613,36.996497463305275],[127.39553397488889,36.99837818666303],[127.41476944067561,36.999604680418436],[127.42180602808035,37.004659837480865],[127.4297345763771,37.001878225048486],[127.44111132735999,37.01161855287261],[127.44670427543596,37.01103156441478],[127.44934090962737,37.01791286859065],[127.45417513334822,37.021369739126534],[127.45763657637727,37.02045651555008],[127.45857416714821,37.0218688878062],[127.45805696588808,37.03296942384359],[127.45972593983403,37.03544982200922],[127.45715736928875,37.042031952799],[127.46033859250687,37.04622614970242],[127.46830248797664,37.05055207301291],[127.46803673152135,37.0529979060048],[127.48922494207419,37.05240687906548],[127.49354897296597,37.056531518963055],[127.5048098766891,37.06039311415767],[127.50846374093277,37.06406512444368],[127.50762420334017,37.06990533984776],[127.51197711248952,37.07075570688788],[127.51468574770396,37.07981028100014],[127.51839204302823,37.08220869643102],[127.51562214617867,37.08572056980832],[127.51485642257556,37.09324832431741],[127.51101897275515,37.09629549930486],[127.51077809912843,37.09884325385154],[127.5144492887874,37.101018684574036],[127.51382674542145,37.10454221280872],[127.50774456353749,37.10577659418221],[127.50394282415968,37.10953911071521],[127.50296043676558,37.118120711370786],[127.49881518004942,37.12348196506569],[127.45766403353466,37.130573123359284],[127.4481480004625,37.14395771184596],[127.450333390046,37.14807699971973],[127.4487010139884,37.14864186004946],[127.43269396947716,37.14879282568274],[127.42728809336226,37.14592074616091],[127.42418423482978,37.13113447670583],[127.4209098087064,37.126066339240154],[127.41256645333749,37.11942815246123],[127.41397712838588,37.116206802741],[127.42565700318973,37.11311030560401],[127.42107293560407,37.106510031087055],[127.42417688015863,37.09969952247884],[127.4162818501466,37.09573794842792],[127.41612009408827,37.09309235381267],[127.39898630505341,37.095384325135946],[127.39323024841138,37.10650175068187],[127.38927626897399,37.108260152059],[127.3792609834836,37.105234240890105],[127.37701814916436,37.101114669533686],[127.37326861399583,37.10568771433184],[127.35908718490731,37.107571465652434],[127.35345115335589,37.099989271192875],[127.34343057380948,37.104018236013765],[127.33968577813623,37.10932150320831],[127.33335653179381,37.11173535768994],[127.32958908440469,37.118811817679266],[127.32672014092037,37.11944201824201],[127.31636114993667,37.10984092359697],[127.31328232593688,37.109469977152585],[127.310634215038,37.10538338207272],[127.30570384126248,37.107114029945926],[127.30333650661333,37.111757677188265],[127.30021642263956,37.11220810131095],[127.29713674267472,37.12033484082995],[127.2932376806751,37.12293096355566],[127.28801981355274,37.131329761665256],[127.28442210298236,37.13081960462679],[127.28229540939834,37.133867028334485],[127.27307390719984,37.1350114355784],[127.27291935473865,37.14293237120227],[127.26803125791021,37.14932635900328],[127.26876796759568,37.154240525805115],[127.26386464363387,37.155890587990434],[127.26067769817357,37.15226951636337],[127.25580205667794,37.151435900708954],[127.25376732145132,37.147297562929076],[127.25025725653718,37.145237248649416],[127.2537134153582,37.138093964264996],[127.2511609931812,37.13360294166614],[127.25337840920578,37.129000190023625],[127.25125341043531,37.12325061194823],[127.23644507284217,37.12124534707146],[127.23442104794312,37.11821316541315],[127.22321792765645,37.112903835798164],[127.21204697502364,37.1105664527022],[127.20999019712491,37.112351930606955],[127.20879294436152,37.10464854745868],[127.1989079572614,37.096859216474066],[127.19527272046582,37.089069499061274],[127.19238047359312,37.0870946744773],[127.18623374004416,37.084492615124],[127.17920538237202,37.08758710363592],[127.16620329237995,37.08659570907764],[127.15370436689288,37.091012910691454],[127.14642575446726,37.09141284916676],[127.14238980937124,37.08793815159524],[127.13739892719725,37.08911287569874],[127.13412656517104,37.09235583948967],[127.12305828090808,37.09134760785021],[127.1263850773681,37.082274059123705],[127.1242095604987,37.07754258972452],[127.10447385595472,37.076012475681786],[127.10231002118495,37.068681216385585]]]}},{"type":"Feature","id":"경기도_안양시_동안구","properties":{"id":"경기도_안양시_동안구","sido":"경기도","sigungu":"안양시 동안구","name":"안양시 동안구","parentCity":"안양시","center":[37.401132,126.954161],"dongCount":17},"geometry":{"type":"Polygon","coordinates":[[[126.92564176734331,37.41148327311889],[126.9280245931545,37.40943782570025],[126.92783917945513,37.40083385540447],[126.9414223734614,37.39153927404176],[126.93900771056015,37.38110572161363],[126.94619552803658,37.37625528052556],[126.94707458458723,37.369979063918436],[126.95034333628651,37.36737359447971],[126.95701969199604,37.366030917442586],[126.9613811064476,37.362262823027386],[126.96585344977642,37.36209832189993],[126.96460763311688,37.365689183626856],[126.96572943091337,37.37272161078373],[126.97222734197067,37.38125526023194],[126.97279657593296,37.3867685762371],[126.9817108100739,37.39414967018548],[126.9795063009424,37.39589204939504],[126.98268005301728,37.40034634643772],[126.97615402539546,37.40609991091706],[126.97376439451027,37.41496216215215],[126.96284008657625,37.42072685951863],[126.96182622914593,37.43487484128847],[126.9645701087636,37.44016595777682],[126.94832358365034,37.439089570162224],[126.94797834548002,37.4223180386093],[126.93807759993554,37.415105517990426],[126.92689671889076,37.41542143318627],[126.92564176734331,37.41148327311889]]]}},{"type":"Feature","id":"경기도_안양시_만안구","properties":{"id":"경기도_안양시_만안구","sido":"경기도","sigungu":"안양시 만안구","name":"안양시 만안구","parentCity":"안양시","center":[37.40359,126.909102],"dongCount":14},"geometry":{"type":"Polygon","coordinates":[[[126.8702997005587,37.40811072745633],[126.87731009222531,37.404895049976744],[126.87609271251853,37.39466150894793],[126.88191192588266,37.37622071772795],[126.89109725252328,37.375271248747616],[126.89723786976528,37.358067270826375],[126.90407602171966,37.356987609231815],[126.90775115242559,37.36080536476812],[126.91482673779718,37.375412424885994],[126.9269472561717,37.37763845213979],[126.9405111081416,37.37620599007845],[126.93900771056015,37.38110572161363],[126.9414223734614,37.39153927404176],[126.92850130402525,37.40029406331188],[126.92830851344671,37.410334385028605],[126.92564176734331,37.41148327311889],[126.92689671889076,37.41542143318627],[126.93795179026696,37.414550578474966],[126.94168065301491,37.41915733742006],[126.9470011355437,37.42165126365568],[126.94790359210249,37.43894565945652],[126.93952757367016,37.43595763292998],[126.9373801831558,37.44176686601926],[126.93192144165793,37.445230159347794],[126.92874943387082,37.45019265142709],[126.91810819775795,37.43991815113953],[126.91235693921024,37.43858947998881],[126.90933541520236,37.43415999085181],[126.90446939432324,37.43405783101786],[126.90049098886135,37.43736038439733],[126.8978091648131,37.4310214188156],[126.89457095456214,37.42969789952661],[126.89647795488283,37.425624352954976],[126.89395825617454,37.42167762533149],[126.88894543155969,37.41886947662992],[126.88890763641983,37.41255627687942],[126.87993581662806,37.41019311269691],[126.87186369079399,37.41245799797358],[126.8702997005587,37.40811072745633]]]}},{"type":"Feature","id":"경기도_양주시","properties":{"id":"경기도_양주시","sido":"경기도","sigungu":"양주시","name":"양주시","parentCity":null,"center":[37.805384,127.012157],"dongCount":11},"geometry":{"type":"Polygon","coordinates":[[[126.90230760650456,37.82472352968232],[126.91021627566545,37.81648486728863],[126.90878555100484,37.81050541198611],[126.91191090560268,37.80614520835053],[126.90554703218832,37.80209794014928],[126.90389467124947,37.79094941161407],[126.91460451749597,37.791675714563816],[126.92721060712641,37.785081492750315],[126.93165981550881,37.788425777297014],[126.93811523886998,37.786943382565674],[126.93338397574834,37.77993680008315],[126.93563021254252,37.77518601149368],[126.92869340965667,37.75759073326544],[126.93200164341081,37.75391695934287],[126.92970874242381,37.74853178461585],[126.93299466834836,37.745381570486195],[126.93011341502952,37.742959253911756],[126.93101035395811,37.73781126244714],[126.92188584920495,37.730182263195154],[126.92504064412448,37.71991024363329],[126.9204654977077,37.713677299724864],[126.92419791500492,37.711969990993246],[126.92466854489105,37.70786901567208],[126.92174073217059,37.699032985711675],[126.91414937941057,37.687913721600964],[126.91450296624578,37.679003611177336],[126.91137969682897,37.67438791415552],[126.90688232822966,37.6754210105014],[126.90608611069706,37.673949017759426],[126.90805166764257,37.67026007440398],[126.91296572829707,37.66873434970982],[126.92036057644988,37.66958549892627],[126.92150114426032,37.671911299231944],[126.93982164432147,37.67075664512655],[126.94457848317984,37.676452986960676],[126.94307704771684,37.67943043072641],[126.94463782404944,37.68484575864478],[126.9510074889552,37.68772152482572],[126.95444350902818,37.692646341580186],[126.9657738638618,37.692356694310746],[126.97299229596429,37.68667708421989],[126.98085935565803,37.685943651857],[126.9911576286972,37.67940995240034],[127.00363825548686,37.68509983444255],[127.00829247114032,37.68467769374363],[127.00881994327617,37.694547178772055],[127.01191731167371,37.698214925835586],[127.01497754854691,37.69860075248838],[127.0154611617207,37.70272153450171],[127.01939376315842,37.707264545181125],[127.01352315356553,37.71393844878099],[127.0141396936362,37.71921036400806],[127.01154481052896,37.72224273860243],[127.01267376143929,37.72561047630899],[127.00872555638571,37.72807160210405],[127.00938208054458,37.73068817344833],[127.00219622395967,37.74057033577621],[127.00457080312002,37.74317608469071],[127.00247937394272,37.745641460966915],[127.00205761619074,37.762422242737834],[127.01870691670103,37.768587704558364],[127.04116910312399,37.766739468325895],[127.0508635018672,37.760941899230524],[127.0602462104348,37.76211745337616],[127.08154004411253,37.770674346685915],[127.08467794129328,37.77360552756496],[127.1034617681679,37.778681567490295],[127.11638614113708,37.794380088520974],[127.11826597677398,37.807684132481924],[127.12200590125579,37.812084493071204],[127.12021042187445,37.81716547819171],[127.12139546003317,37.82914435274641],[127.1180229344289,37.83321978191742],[127.11488716619975,37.85000407994058],[127.10717823233986,37.862237777577064],[127.08787787049752,37.872078270750535],[127.07750259653272,37.87101590262805],[127.0737308458761,37.87278612121575],[127.06073317758234,37.86921875551868],[127.04825472170826,37.88287591453709],[127.04626428011824,37.89384944743832],[127.02919184763209,37.89878343204167],[127.02475942268516,37.89790713347134],[127.01071311654978,37.90447299108011],[127.01055519806187,37.910336392206524],[127.00790110245758,37.91614543827301],[127.01291086253232,37.919751178180086],[127.00904003340952,37.925050473549476],[127.00971037436527,37.92915861310914],[127.00131368672457,37.93303154949379],[127.00119721046451,37.9356134574587],[126.99969557768567,37.935624317846155],[126.99962486066482,37.93308752477141],[126.99319921884997,37.93451223254617],[126.9919683253411,37.93757694663407],[126.99023210467416,37.93669567222174],[126.98545044258799,37.938892674593774],[126.9810136868814,37.937455910057544],[126.97335568839246,37.942034266040196],[126.96443236258423,37.93831331544984],[126.96505301442588,37.92823970117354],[126.96001730621946,37.9201636686716],[126.9571681152193,37.922271968348646],[126.9496002574581,37.918965136313126],[126.95473027363586,37.912469289535764],[126.94673355848859,37.89964260677463],[126.948179927867,37.89375781693015],[126.94599632321982,37.88846205776747],[126.94808315013785,37.88464915309495],[126.94426435611797,37.873632345506486],[126.94633973135406,37.86698562157968],[126.93561986809411,37.84938864916088],[126.93451225021502,37.846243278914834],[126.93648521599881,37.84079098368371],[126.9272828301592,37.838050567592234],[126.9253312111924,37.841585435752805],[126.91393019712237,37.8410695851872],[126.91192503207964,37.83846386348851],[126.91299113704922,37.835972934748575],[126.91136100605827,37.828636808610234],[126.9029901534786,37.82638760618171],[126.90230760650456,37.82472352968232]]]}},{"type":"Feature","id":"경기도_양평군","properties":{"id":"경기도_양평군","sido":"경기도","sigungu":"양평군","name":"양평군","parentCity":null,"center":[37.519294,127.577107],"dongCount":12},"geometry":{"type":"Polygon","coordinates":[[[127.30477029470445,37.52498719603054],[127.30674073900204,37.51737948847585],[127.31947137790932,37.530906687961306],[127.32933444516219,37.53458305393014],[127.35064945489542,37.53540062433884],[127.36549236972363,37.52887908818645],[127.38066475401455,37.50438114262068],[127.38336491299334,37.50280699047732],[127.38046390121696,37.49020298416101],[127.38881113189984,37.47563487496604],[127.38532532288569,37.460070496876774],[127.36798516634714,37.45694717046778],[127.3721440548653,37.45198770141574],[127.37255056214337,37.44475547059402],[127.38230733408454,37.4431295935976],[127.38448485678104,37.43445600214214],[127.38929012950771,37.428817982380856],[127.40063027855071,37.42138038465176],[127.40737581328703,37.4300853244644],[127.41462325250245,37.4321684279035],[127.42265981717624,37.43940978432051],[127.4554799733854,37.42855271956717],[127.47093061680917,37.42537341165801],[127.47430891443433,37.422333169106274],[127.47923758211702,37.42351494322034],[127.48645432322961,37.43283961547228],[127.49811445571237,37.43313445077628],[127.50800565566843,37.43981001447203],[127.52286377175221,37.43473557943388],[127.530504991463,37.42591951123932],[127.53671633639551,37.41212511408998],[127.5439523341822,37.41002064400493],[127.54969817856635,37.410507304100726],[127.55613399886204,37.41775940341801],[127.56003963264287,37.417526759338394],[127.57174838394162,37.411641926190455],[127.58186493989487,37.4168734058013],[127.58446093121798,37.413991695217426],[127.58810624326176,37.416564726306675],[127.58748216359737,37.41985071584928],[127.59035332496839,37.42212003006975],[127.61694283398764,37.41485176512949],[127.62020020599448,37.409085424055505],[127.62620547211239,37.41308866815127],[127.63509283734227,37.41352779434519],[127.64623823455142,37.404605503071416],[127.65206966300389,37.407590747110646],[127.65842317843813,37.417471660524335],[127.66844106349588,37.411891798352315],[127.68569067841283,37.412401158186746],[127.68722793722506,37.41058132848938],[127.6862478269661,37.39952407150356],[127.7070777540748,37.41056946485062],[127.71569809364686,37.40163845515306],[127.71436222516932,37.398487180282565],[127.70460352610515,37.392551973367006],[127.70335919128448,37.38802918249617],[127.70599990131612,37.38320457652622],[127.7033431460646,37.38104236651258],[127.70131068458223,37.37387749334643],[127.70729204502484,37.37015355096764],[127.7110220459548,37.37172888515606],[127.71646857536756,37.369977116186895],[127.72445527573842,37.371338725548995],[127.73204698626715,37.375666861898445],[127.74577908844967,37.36889564294149],[127.75240983340393,37.36923169493237],[127.75948478241624,37.36704394037488],[127.76293648502603,37.36979512033033],[127.77779778784806,37.37119533935394],[127.77658544630286,37.38324323445703],[127.7831441595876,37.390268714375644],[127.78369402383233,37.398612344419824],[127.78743840281383,37.40060084931959],[127.7946084606242,37.424248778814025],[127.8038588194184,37.428878032894744],[127.80313983850539,37.43407174069588],[127.79861757734186,37.44238170341165],[127.79955354285963,37.45167887521635],[127.79655703892702,37.45979064238784],[127.79629599442039,37.4628202878329],[127.80049433358882,37.46800813960668],[127.79968239272492,37.472187918793665],[127.78796318371657,37.4759563357733],[127.7820463913947,37.48164612096589],[127.78059799790965,37.48817565523022],[127.76588289126936,37.49305106098419],[127.76033484886128,37.492341617188025],[127.75936248977963,37.503656793329405],[127.76486161799333,37.50271894771179],[127.77394366986321,37.50609486975266],[127.78113984970204,37.51299778401399],[127.78374524845337,37.51228998710751],[127.79656849009585,37.52343713642368],[127.79653277746905,37.52850969367885],[127.80507340397459,37.53024459260954],[127.80950489899251,37.53673678902226],[127.8219267424269,37.538023401723166],[127.82815707452534,37.53642985038355],[127.84239865804936,37.5390232152675],[127.84643868414314,37.54359550012439],[127.8462919676353,37.547551681967775],[127.84939439484592,37.55029929502131],[127.84944404910682,37.55317710418489],[127.83710500863464,37.56046041099832],[127.82685830607642,37.56075103021859],[127.8129040883365,37.56464099341878],[127.80972765865407,37.5733686479476],[127.80503701876523,37.57508488536952],[127.80426025087802,37.578863742453834],[127.80037450836056,37.58213287868322],[127.79335467528895,37.58540985695072],[127.7859648676146,37.57855329601982],[127.7670328887145,37.58260190182553],[127.76458437143717,37.58580816165557],[127.75349455431747,37.591875449917666],[127.73947313456856,37.5871632657897],[127.72103858420759,37.590678097857776],[127.70865854842803,37.5864699728875],[127.69793809885931,37.5915782965698],[127.70035777390204,37.59572699730565],[127.69652836990569,37.60036758768217],[127.68720441179202,37.60433272855438],[127.6859419814219,37.60672531444589],[127.66772241045682,37.61722206929929],[127.66325271662328,37.62423849180541],[127.65241433607176,37.622668890803986],[127.6495014558675,37.62462423172835],[127.64637621584238,37.6330455850494],[127.63879197286005,37.63315041458078],[127.62799459517598,37.6423249820805],[127.6234011680879,37.6413797950235],[127.61613389117244,37.64716565436686],[127.61084979007612,37.6469411546556],[127.60721939494087,37.651034674990285],[127.60338802776755,37.65127438120532],[127.5985950778665,37.646740450481964],[127.5856800944199,37.642106551595354],[127.58202485989577,37.6341342275269],[127.57192122758448,37.63220253543878],[127.56457407294253,37.63306713727276],[127.55898162627281,37.628449266439425],[127.55980554637672,37.62340587411293],[127.57071979433078,37.61369460987909],[127.56956482382927,37.60830999982899],[127.56615198301172,37.60796016981228],[127.562299055694,37.604351307737566],[127.56244249506376,37.6000064826537],[127.5590812348083,37.59423409112029],[127.56151645727091,37.587060332283244],[127.56024678956815,37.583075877874755],[127.55245019786594,37.58607547376754],[127.5378814493448,37.58460620398503],[127.52177884243913,37.58640622477041],[127.51295755593819,37.57811844528836],[127.49735435086808,37.571840061132214],[127.4901169775612,37.57497526731949],[127.47472931254487,37.577246644222576],[127.47158982071497,37.57989365960433],[127.4694065145392,37.59105527363006],[127.4731355324536,37.60022403535965],[127.47118177085015,37.621132634238585],[127.46834873466344,37.624666318515594],[127.46259673214912,37.62492602620966],[127.45558263327395,37.636911503698535],[127.44485386114818,37.64776592808462],[127.43807632692506,37.64789326013579],[127.43546044316732,37.65459221937573],[127.44138189484809,37.659802744518544],[127.42814802810159,37.67154458324563],[127.42587463445469,37.6664583850646],[127.40812633026972,37.65988300416339],[127.40124299042446,37.65448628878262],[127.39942756477666,37.65085910390341],[127.38005150208612,37.651422359431166],[127.37327728972767,37.64766794264045],[127.37112753436035,37.64818839305887],[127.36408152891563,37.638094445030404],[127.35215833163575,37.62779237406179],[127.34619848452886,37.61488640464553],[127.34048738880969,37.589121688581244],[127.30955153944824,37.54179297800383],[127.30477029470445,37.52498719603054]]]}},{"type":"Feature","id":"경기도_여주시","properties":{"id":"경기도_여주시","sido":"경기도","sigungu":"여주시","name":"여주시","parentCity":null,"center":[37.287461,127.583389],"dongCount":12},"geometry":{"type":"Polygon","coordinates":[[[127.39821366260345,37.415751518681404],[127.41196642252224,37.40517133698749],[127.41478701064759,37.39392528569328],[127.42028465483268,37.38660650859425],[127.44249918466888,37.38737993913745],[127.44447957288547,37.385524034617646],[127.44375774468062,37.36978856166204],[127.44602573134584,37.3609101536161],[127.4424563377744,37.35844430158648],[127.4486626520597,37.35246644410151],[127.47049352258136,37.36151595356459],[127.48724214526345,37.3490459306309],[127.48950825270644,37.34239732485057],[127.50244268581608,37.33788292123916],[127.51375747298827,37.33931085185487],[127.52108020169389,37.32986205945965],[127.52693992696163,37.329525101612894],[127.52918503136038,37.326613124088546],[127.52656145259203,37.322557417472154],[127.52965098815856,37.320178130361434],[127.52905302238655,37.3170662371822],[127.53359289759003,37.31407914352227],[127.54607280455063,37.310920059397006],[127.54644314103903,37.30180905268387],[127.54272540967368,37.29475268435292],[127.5355175467869,37.28935962762843],[127.52918995761365,37.27351626785016],[127.53273879979749,37.25729572876495],[127.53707417191994,37.25160546376846],[127.53736836209346,37.24662732097422],[127.52517224671118,37.23933370222305],[127.52696346277254,37.22946176576325],[127.52549899837878,37.22757406556384],[127.5276086924173,37.22739075811907],[127.53147435273308,37.20822689721515],[127.53108918854859,37.198126610110556],[127.51597293569685,37.185316010691665],[127.5177571899504,37.18215517499928],[127.52286487194317,37.18123819471521],[127.52675491353703,37.17356749987084],[127.55337812411817,37.17559343173654],[127.55668606862442,37.1770443912044],[127.55862965369595,37.18083160029177],[127.56617655245344,37.1763960097043],[127.57050788128811,37.1702278235358],[127.57755534867172,37.176088260107335],[127.57240183672316,37.184436373286665],[127.57637441325473,37.18915503657138],[127.58353989551776,37.186964271796576],[127.59526066559663,37.1897396702551],[127.59768686242428,37.188383482687854],[127.59915211589612,37.18335221155934],[127.61230541049852,37.173465469684615],[127.61601838845395,37.163255600624645],[127.61947065675349,37.16244314832062],[127.6305022505279,37.16610496432254],[127.62871527558576,37.15403450371811],[127.64771665276844,37.1506982959395],[127.66092269291802,37.139422257812626],[127.66586999845407,37.139197169118525],[127.66849470556407,37.136582901869346],[127.68749395392449,37.13511156538274],[127.69519759807558,37.14015148279768],[127.69485833416144,37.15058899304435],[127.70399402696997,37.15648985963732],[127.70467274045959,37.16637428966459],[127.70967186294399,37.1721084036995],[127.71061666616694,37.17589024377075],[127.71796541548755,37.18375627690248],[127.72614741464525,37.182405206282496],[127.72823218193548,37.19087390314289],[127.73276150750897,37.19608557265154],[127.73534934769083,37.207937726037585],[127.74773532991794,37.21691918721661],[127.75087738257164,37.222405245219285],[127.74973496426564,37.227158350688384],[127.74639733270124,37.22963235958411],[127.74764581415566,37.24347482162601],[127.7488583733141,37.247479673328996],[127.75830778668016,37.25802651137657],[127.75384684460141,37.2882534412073],[127.75650410036133,37.29468588125738],[127.75521320927515,37.29720186778093],[127.7619225205177,37.30211283150902],[127.76715388357239,37.301797317121014],[127.76856387352699,37.30811623635095],[127.7621869117953,37.32078294002447],[127.76037331920728,37.329099735844],[127.76136212871377,37.33655907057333],[127.75781661922454,37.3457417923401],[127.76060576722439,37.362809755200416],[127.75948478241624,37.36704394037488],[127.75240983340393,37.36923169493237],[127.74577908844967,37.36889564294149],[127.73204698626715,37.375666861898445],[127.72450618538372,37.3713581529122],[127.71646857536756,37.369977116186895],[127.7110220459548,37.37172888515606],[127.70797243403752,37.370108233752916],[127.70131068458223,37.37387749334643],[127.7029402292307,37.38058785999224],[127.70599990131612,37.38320457652622],[127.7033573896807,37.387884964426846],[127.70460352610515,37.392551973367006],[127.71436222516932,37.398487180282565],[127.71569809364686,37.40163845515306],[127.70779348223007,37.41066865875525],[127.69888061156112,37.407470570806154],[127.68700200680493,37.39952964152345],[127.68722793722506,37.41058132848938],[127.68569067841283,37.412401158186746],[127.66844106349588,37.411891798352315],[127.65853830191043,37.41747150619878],[127.65219067061847,37.40770777080558],[127.64602358900797,37.40462494071704],[127.63538231574202,37.41347450718813],[127.62705087299523,37.41339922710903],[127.62115726670751,37.40914979724613],[127.61694283398764,37.41485176512949],[127.59123184569754,37.42196274088025],[127.58748216359737,37.41985071584928],[127.58850761597166,37.41732158493822],[127.58446093121798,37.413991695217426],[127.58192711688282,37.416878766498044],[127.57174838394162,37.411641926190455],[127.55714262967123,37.4177690607184],[127.55145498143463,37.41412671994016],[127.54969817856635,37.410507304100726],[127.5439523341822,37.41002064400493],[127.53695642392431,37.411310828932244],[127.53151798258143,37.42426521670097],[127.52286377175221,37.43473557943388],[127.50800565566843,37.43981001447203],[127.49837795834289,37.43325501384461],[127.48522587600701,37.43223101451754],[127.47990851881544,37.42395560780689],[127.47430891443433,37.422333169106274],[127.46816051714856,37.42619520543684],[127.4554799733854,37.42855271956717],[127.42286601516003,37.43951357726755],[127.41462325250245,37.4321684279035],[127.40737581328703,37.4300853244644],[127.39821366260345,37.415751518681404]]]}},{"type":"Feature","id":"경기도_연천군","properties":{"id":"경기도_연천군","sido":"경기도","sigungu":"연천군","name":"연천군","parentCity":null,"center":[38.109692,126.969997],"dongCount":10},"geometry":{"type":"Polygon","coordinates":[[[126.74791496944646,38.12064677839646],[126.75584817959407,38.11705060065795],[126.76219759216006,38.1171883238231],[126.77027353680472,38.111944224971644],[126.77169215603753,38.104991953852064],[126.7845359856545,38.099871737124715],[126.78024403797366,38.086321094271],[126.78516984575576,38.082290903734155],[126.79604550366729,38.08211193259948],[126.80650958421485,38.08725741339115],[126.8120495728647,38.086706410572056],[126.81863625571576,38.08900291322758],[126.82152109663453,38.08819222810732],[126.82107211025284,38.08032950662547],[126.8232950378866,38.07844854953421],[126.82754324374619,38.078570946496214],[126.8358675413905,38.082721282256145],[126.84613374757556,38.07298782690384],[126.84612819654998,38.07554049223929],[126.83608170440101,38.08811767269413],[126.84242283542287,38.09000992682956],[126.84207344984644,38.09257093489207],[126.85025193556596,38.09494507570746],[126.85495316975421,38.09306572744124],[126.86622854295818,38.08085996761635],[126.89411583040166,38.07348598529843],[126.89308963723236,38.06979000320887],[126.88967313641965,38.068221888068315],[126.89290603489312,38.05234387922626],[126.88106797593386,38.04049916482863],[126.88166419668737,38.037365801635396],[126.88481864114921,38.03539512248113],[126.87587982397623,38.02121042141671],[126.87254005350819,38.01856307572189],[126.84977941269042,38.032837860425914],[126.8318382035395,38.03374841982075],[126.83045758043139,38.02542296538385],[126.83516390782837,38.02478611046147],[126.83327266013744,38.02158288100581],[126.83467181869288,38.01888337609818],[126.8287414611442,38.02018805921824],[126.82306599570059,38.0109328475654],[126.82517330157987,38.000703514670086],[126.8301557130296,37.999128856652895],[126.83021258349616,37.99365843825239],[126.82251241352267,37.992419016361254],[126.80808109443329,37.993702684403914],[126.80090816955057,37.99199741364024],[126.79850474830519,37.987711059067934],[126.80451096686137,37.970749998294856],[126.81629816673141,37.96684197983479],[126.81847094793652,37.964094432639754],[126.81885896219357,37.95852450094216],[126.82372939626774,37.958233771082014],[126.83268435470121,37.96398212951201],[126.83593890937223,37.9640341541065],[126.84023117472226,37.98094525352288],[126.84397529388228,37.98500601722908],[126.85027309782514,37.98744175443118],[126.85493957197824,37.987239867615585],[126.87109352597959,37.97184111363769],[126.8787369533301,37.9676682386091],[126.88775853286057,37.966138284587494],[126.89345867710767,37.96803009712786],[126.89545784070965,37.9711013683046],[126.89156839168888,37.98247576166069],[126.8913316123262,37.990117388135054],[126.89395709446761,37.9989668554164],[126.89546025319424,37.99937118666976],[126.92162859085599,37.98593173948954],[126.9371991933799,37.98170816921158],[126.95246164959137,37.988001459232464],[126.96956520493069,38.00333386218724],[126.98207571737412,38.00468746882668],[126.99214685442607,38.0033704871662],[127.00099268276364,37.996251021787195],[127.01486594926628,37.992604794287146],[127.01691527042618,37.98738353089656],[127.01234324501023,37.9837236645036],[127.01129315145315,37.976116696253996],[127.00852804143148,37.973837380363555],[126.99731655034199,37.97365482692898],[126.99462971612557,37.971147960823664],[126.98793118442293,37.95961962303404],[126.97912253507752,37.954078653441705],[126.97743859414452,37.946142135154425],[126.97335568839246,37.942034266040196],[126.9810136868814,37.937455910057544],[126.98545044258799,37.938892674593774],[126.98929962831124,37.93635203140955],[126.9919683253411,37.93757694663407],[126.99319921884997,37.93451223254617],[126.99962486066482,37.93308752477141],[126.99969557768567,37.935624317846155],[127.00119721046451,37.9356134574587],[127.00131368672457,37.93303154949379],[127.01128768026994,37.9273457342003],[127.01675695601156,37.93661896211751],[127.0275723311146,37.94315443506034],[127.02872621111416,37.95516086954169],[127.04179844179886,37.96000507300578],[127.04480504052765,37.97293675116768],[127.04891860101823,37.975758979952396],[127.04881853950795,37.97885226261309],[127.05279382894818,37.98073310633915],[127.06410196083256,37.97959599713526],[127.0634328166341,37.97602216575017],[127.08018158079761,37.976676857595415],[127.09171276213635,37.97144153038342],[127.09266709435101,37.97490128039809],[127.09037069554275,37.98439548090121],[127.0927144607937,37.988607770044425],[127.11153586847895,37.989314714407584],[127.11733453990654,37.985743263597406],[127.12019877746053,37.97949533214052],[127.1295020724057,37.983802742589354],[127.13520004832594,37.98968455490269],[127.14481802548235,37.99191651433333],[127.14683586480412,37.997721243476484],[127.14079910754306,38.00552724504236],[127.14024037159984,38.011480791590614],[127.14505739198083,38.01594662655328],[127.13919835098572,38.021433379796164],[127.13979321649298,38.02544929043383],[127.13517834281504,38.030842749652464],[127.13778795658425,38.03744367863801],[127.13520993718608,38.03911885305946],[127.12601810098306,38.03652808583732],[127.1227316537001,38.038944288018584],[127.11539995809007,38.039878137509135],[127.11796162673943,38.04390844147554],[127.11228384759818,38.05095812381074],[127.11479795265876,38.05744206229359],[127.11898051030684,38.061430297964854],[127.12626965234185,38.05975442938427],[127.12930516696994,38.060929329342734],[127.13780014567502,38.066195604332904],[127.13966429765549,38.07137578068392],[127.14366868934488,38.073614137501174],[127.1476808503711,38.06967752156237],[127.14619606089144,38.06344531992191],[127.14851175090557,38.05784121590269],[127.15227560553883,38.058773372037685],[127.15696466123072,38.063389293758405],[127.16611575433188,38.06135018731588],[127.17375710621212,38.066423705363604],[127.18662363845847,38.064436539756514],[127.18624928098423,38.07431335837596],[127.1907279787971,38.07784255791809],[127.19207990977192,38.08189733699343],[127.19098753809384,38.08542853728356],[127.18451059808568,38.0922283232281],[127.18220719021967,38.1073117142047],[127.18373717272735,38.11555795259776],[127.17156448093188,38.12156297140157],[127.17577228777216,38.12880966541064],[127.17297439325985,38.141194314018094],[127.17673174793003,38.14652104820615],[127.17718408956578,38.15150966012407],[127.17393561004852,38.16111265145967],[127.1737811146307,38.1711274850869],[127.17752626673955,38.176019277872406],[127.17937718266585,38.18465332788373],[127.16650186496979,38.197819866591416],[127.1720245382033,38.20559187714092],[127.17218923091937,38.21042417980581],[127.16978653387496,38.21367649088828],[127.15962409019566,38.21884257512171],[127.16146363079294,38.22303841225743],[127.16013091400107,38.22785573079613],[127.16249235500516,38.232217925242395],[127.15836147058523,38.23890408420614],[127.15265830082018,38.241721019046324],[127.14970309273589,38.24260537446303],[127.14696814872318,38.239722275999355],[127.13053837374306,38.23255916673148],[127.12288001047956,38.232510230894675],[127.11300460083339,38.23758900900872],[127.10985969665734,38.24365432251488],[127.11398702610802,38.265273921744175],[127.10928347342096,38.29203792732757],[127.10125855841684,38.28947989624613],[127.0703833786031,38.27072760003676],[127.02589845633237,38.25726634937454],[126.99736809953828,38.24172508804528],[126.99788757270991,38.23047419157243],[126.99237009371481,38.23689205422395],[126.9756038702923,38.2343350517213],[126.98068335516416,38.22627270389783],[126.97730768794159,38.22072518304136],[126.98404556934243,38.2112479509094],[126.97567865728827,38.204484857784365],[126.97546108234431,38.19986317739598],[126.96500555578136,38.19778368009664],[126.95973089142358,38.188485655799965],[126.95758051809975,38.18800260709436],[126.95640076701122,38.19118079852517],[126.95895780691325,38.19516374530526],[126.9543055705632,38.199081803904555],[126.96142191641239,38.20511247971526],[126.95087708438336,38.211264218695135],[126.92825382145469,38.20699020076036],[126.92907569025354,38.20029106978578],[126.92571284714981,38.20357671573717],[126.89533413386982,38.20452708423568],[126.88589509938086,38.21020437988332],[126.87296943934071,38.22307678822598],[126.82578625833756,38.19820907808756],[126.80063016123295,38.18100473449904],[126.76978939492666,38.15474955893102],[126.7480633194675,38.127802544460295],[126.74791496944646,38.12064677839646]]]}},{"type":"Feature","id":"경기도_오산시","properties":{"id":"경기도_오산시","sido":"경기도","sigungu":"오산시","name":"오산시","parentCity":null,"center":[37.163012,127.048822],"dongCount":6},"geometry":{"type":"Polygon","coordinates":[[[126.9951525204159,37.17569508349366],[127.00648568191605,37.168096032070466],[127.01904850562534,37.167291952217525],[127.02809505248347,37.163121926457094],[127.02744606204045,37.16037994194548],[127.0304867791237,37.156007184235925],[127.027860266035,37.152673836667894],[127.03013131814123,37.149523502427776],[127.02982448603517,37.14531598252899],[127.03446446825849,37.1372256521681],[127.03851568698451,37.13576134433946],[127.03796183169202,37.132300018477515],[127.04556587614185,37.12634852062031],[127.04525437938312,37.12925777218273],[127.05233410345497,37.1296238754659],[127.05570355173397,37.133518251442325],[127.06508963269826,37.131937291381696],[127.06602445621587,37.12782416634744],[127.06867689963632,37.128210647708826],[127.07113515279063,37.12560555155837],[127.07916052562615,37.128250581202906],[127.08124338736269,37.12630638918943],[127.08903674098002,37.127938184325124],[127.09046492531411,37.13008616452927],[127.08626460145611,37.13734607104033],[127.09785504092955,37.13685977622728],[127.10249122795136,37.143403917130335],[127.09813347378918,37.15539380571257],[127.09386111016404,37.15945250111412],[127.07398961952768,37.163769229857294],[127.07064131723529,37.172666461514396],[127.07221798246965,37.17597583085148],[127.0715554288124,37.18371090407089],[127.06568894710482,37.18537743055669],[127.06863618418403,37.190618454132235],[127.06636773307973,37.19153652821244],[127.06497235523975,37.197748879515956],[127.06146608313912,37.199400718442],[127.04944025396142,37.19590602674624],[127.03688785120988,37.19994211265703],[127.02665101671123,37.20041770567543],[127.02467599656254,37.198093205985344],[127.01031902908709,37.19306346939169],[127.00784506905812,37.18699690420797],[127.00242608866436,37.18204803992761],[127.00481034878598,37.18125019287467],[127.00343093783623,37.179432593246005],[126.99976996436222,37.177576071396665],[126.99649720676064,37.178461362466315],[126.9951525204159,37.17569508349366]]]}},{"type":"Feature","id":"경기도_용인시_기흥구","properties":{"id":"경기도_용인시_기흥구","sido":"경기도","sigungu":"용인시 기흥구","name":"용인시 기흥구","parentCity":"용인시","center":[37.270145,127.120874],"dongCount":15},"geometry":{"type":"Polygon","coordinates":[[[127.06465737194159,37.271105907789334],[127.069828069329,37.26683980405947],[127.07359844429799,37.26611429756931],[127.07590037849853,37.26150967228792],[127.07758613837004,37.2624362489821],[127.07750912918324,37.266983789333366],[127.08552868391035,37.270508152007324],[127.08620366981569,37.264773130473046],[127.08122497149147,37.26059229882054],[127.08469846603053,37.25660909172632],[127.08181515221604,37.25268120112247],[127.0824864125986,37.250090582676165],[127.08003514715102,37.24754042543945],[127.06961848176353,37.246191415116435],[127.0663266384625,37.24293200283337],[127.06963285565435,37.229285712865824],[127.07455991747064,37.228133924748334],[127.08191780568684,37.22015457062858],[127.08896314367269,37.21635856570277],[127.1043251660069,37.21981690132552],[127.11738471629546,37.219964561509755],[127.13617576844422,37.21564072428447],[127.14448755487629,37.21867594420778],[127.1512532132659,37.21872381236896],[127.15030017561585,37.22117361701099],[127.1562138827903,37.227886473729356],[127.1504012827462,37.236173604617704],[127.14947630602457,37.24161308501757],[127.15803440283027,37.24771806008522],[127.1594063846761,37.254005901235274],[127.16994147762675,37.254979955368334],[127.17511645055194,37.25833848868475],[127.1721783618474,37.269485173028244],[127.17709115692539,37.284302990640434],[127.1748877437541,37.28886626326616],[127.17054128322735,37.29186004043803],[127.17175940575609,37.29388930859683],[127.1701465709023,37.299702203555576],[127.16311777821187,37.30415330455682],[127.14875472974218,37.3061002458442],[127.14364824633607,37.31259752996917],[127.14273200987249,37.317396833822116],[127.13723693863422,37.32063872888066],[127.13678381682723,37.32464964637657],[127.13349238365001,37.322862586859465],[127.13462937729015,37.31984311910267],[127.1258468293068,37.31522540906973],[127.12708159515269,37.31842129118347],[127.12455835810758,37.32127409674028],[127.1130987509391,37.32090141388599],[127.11171023307853,37.32397172735182],[127.10456507845076,37.32364041545991],[127.09762539239672,37.320947834827706],[127.1003517281152,37.31896162585717],[127.09993343467417,37.31363863786479],[127.09476297717322,37.31332020272783],[127.09153705030643,37.30947145022517],[127.0930288182659,37.30141393915086],[127.08988322859707,37.29841355682057],[127.08863439802808,37.28687478477174],[127.08413476308137,37.28631822665879],[127.07041567204038,37.27929695658516],[127.06465737194159,37.271105907789334]]]}},{"type":"Feature","id":"경기도_용인시_수지구","properties":{"id":"경기도_용인시_수지구","sido":"경기도","sigungu":"용인시 수지구","name":"용인시 수지구","parentCity":"용인시","center":[37.332856,127.079084],"dongCount":9},"geometry":{"type":"Polygon","coordinates":[[[127.01609156596106,37.35693103138642],[127.0188076940644,37.351563117375406],[127.03344092364888,37.34470695410112],[127.03153495011198,37.33700386494246],[127.03601960050918,37.33238961334525],[127.04021236281423,37.32071834468913],[127.04902540099998,37.31591974988571],[127.05765379824098,37.31556408170987],[127.05977475730178,37.311527494450964],[127.05822495047181,37.30502736955049],[127.06067407947039,37.304218475651865],[127.0605887323512,37.2965833858392],[127.07787253869331,37.29357030292158],[127.08559364835422,37.2981315778418],[127.08927393908193,37.29763512158563],[127.09254763446516,37.30112580617166],[127.09287586968513,37.31153461111431],[127.09993343467417,37.31363863786479],[127.1003517281152,37.31896162585717],[127.09728163046265,37.320198513219026],[127.09935768326821,37.32204664578166],[127.1108005091742,37.32423028079846],[127.11309914220894,37.321038651570156],[127.1245272080601,37.32128412410313],[127.12709090433746,37.31539378108855],[127.13462937729015,37.31984311910267],[127.13258836021396,37.32236857413742],[127.13479955088711,37.32389088013763],[127.1420768278951,37.3255254742274],[127.14175136418375,37.335713697347465],[127.13863388001232,37.339297225208064],[127.12329187362045,37.337006052485215],[127.11720697473908,37.33343054270346],[127.11339768027035,37.335664862717806],[127.11031409948193,37.33463956019531],[127.1039652961785,37.338612746168174],[127.10224979511966,37.34241196367596],[127.09690285104921,37.34329591687794],[127.08640107332377,37.3514232842738],[127.07712692800318,37.349399566339876],[127.07052142396492,37.35789383211048],[127.06116431723245,37.360722500010986],[127.05402907783258,37.36021470008821],[127.05288114275268,37.36360406393324],[127.0453392301243,37.36869740344483],[127.02794237427015,37.37214238803066],[127.02399719726448,37.3642079480369],[127.01609156596106,37.35693103138642]]]}},{"type":"Feature","id":"경기도_용인시_처인구","properties":{"id":"경기도_용인시_처인구","sido":"경기도","sigungu":"용인시 처인구","name":"용인시 처인구","parentCity":"용인시","center":[37.222268,127.268937],"dongCount":11},"geometry":{"type":"Polygon","coordinates":[[[127.10866960737441,37.12480560063334],[127.10978754155951,37.11740774126328],[127.12285402316651,37.09144160161686],[127.13477877921171,37.09215277687424],[127.13720273803699,37.089256503593234],[127.1423590259452,37.08790425533919],[127.14628302637729,37.09140566286078],[127.15370436689288,37.091012910691454],[127.16606180582185,37.08662798835054],[127.17251848314197,37.08590118898543],[127.17885855366255,37.087616587194724],[127.18623374004416,37.084492615124],[127.19514792831663,37.08897115278283],[127.1989079572614,37.096859216474066],[127.20858996638187,37.104385508200636],[127.20926861185777,37.1121507146652],[127.21289440620491,37.11062597342925],[127.22544066850935,37.11350531299466],[127.22889077119662,37.1167955564541],[127.23379197512102,37.11764385853014],[127.23644507284217,37.12124534707146],[127.25051564168551,37.12269777099703],[127.25312243068265,37.128090347786866],[127.2511609931812,37.13360294166614],[127.25333210616978,37.136977664480405],[127.25028374624655,37.14509419435497],[127.25376732145132,37.147297562929076],[127.25521810426397,37.1509666800588],[127.26047351714485,37.15206628493031],[127.26379998523646,37.155873562082654],[127.26876796759568,37.154240525805115],[127.26915348478025,37.14713695402952],[127.27312442168031,37.14331361351367],[127.27210373570186,37.13940287521817],[127.27435794450851,37.13364376342522],[127.28166361753671,37.13407770024475],[127.2838714635967,37.13120621314724],[127.28773700809917,37.131557991267954],[127.29432458328479,37.121671989068204],[127.29713674267472,37.12033484082995],[127.29980415441757,37.11248684748379],[127.30322905811997,37.111788343863616],[127.30570384126248,37.107114029945926],[127.310634215038,37.10538338207272],[127.31328232593688,37.109469977152585],[127.31636114993667,37.10984092359697],[127.32672014092037,37.11944201824201],[127.32958908440469,37.118811817679266],[127.33335653179381,37.11173535768994],[127.33968577813623,37.10932150320831],[127.34343057380948,37.104018236013765],[127.34767501057658,37.10357417802094],[127.35231768093279,37.10017941910496],[127.35442203231372,37.10059611416858],[127.35822327136397,37.10724704930504],[127.37299616328512,37.10582263766953],[127.37694572885103,37.10109543907981],[127.37920020027286,37.10520441839021],[127.38870673486981,37.10831396493174],[127.39408251787633,37.10544108633954],[127.39879411590267,37.09552950031993],[127.40197313014995,37.0938780500389],[127.41553611094746,37.09341298217953],[127.4162818501466,37.09573794842792],[127.42375502993426,37.09884064126847],[127.4211032235073,37.10579023147728],[127.42511433612303,37.1127076912271],[127.42027397138071,37.11573220489152],[127.41397712838588,37.116206802741],[127.41256645333749,37.11942815246123],[127.4209098087064,37.126066339240154],[127.42418423482978,37.13113447670583],[127.4261499997539,37.1364259402558],[127.42586277605902,37.14304106786915],[127.4292049225872,37.14680879703162],[127.42350126381949,37.151827288420144],[127.41484307795632,37.15207941522941],[127.41231635590003,37.1550669045995],[127.40969472258674,37.1643822880184],[127.4140731061255,37.17314271129762],[127.41017521886208,37.184192331547315],[127.40186172270087,37.18018120187648],[127.38432529995576,37.18208877472842],[127.3823816181454,37.182742639520356],[127.38193110790534,37.186734330963056],[127.37224454943393,37.18602995644528],[127.37203829372504,37.18975957927628],[127.37597102604593,37.19099752149643],[127.37820671284301,37.19555314276861],[127.37038447071039,37.20391896061083],[127.35625275576338,37.201064336600425],[127.34206276834682,37.20817721275688],[127.33858443006972,37.21613118730522],[127.33186540392924,37.22000015042191],[127.3308723539218,37.22304211587494],[127.3333854044708,37.22715722420358],[127.33445063573068,37.23780770929725],[127.33133568559528,37.242442171874195],[127.33322401744752,37.24892707145729],[127.33829228961383,37.25303892637253],[127.33618379148255,37.25777847534661],[127.33644220642924,37.26050670186578],[127.34087824308298,37.2649994715566],[127.33879971089392,37.27053918912106],[127.33089373447451,37.27023854995335],[127.3192917941327,37.27498868948541],[127.30413532781289,37.27092969165308],[127.30103399753999,37.26568062197638],[127.29667565909887,37.270492203964686],[127.29016127693748,37.27142067233389],[127.28228747084276,37.26895887367525],[127.27671790508583,37.27285522142384],[127.27572674904125,37.27474966682067],[127.28161106035971,37.27772852485364],[127.27779638374172,37.29039846086429],[127.28151739807274,37.29695853990305],[127.27735084634315,37.30881796369217],[127.2830894477677,37.3189937558891],[127.28223023763434,37.3265830298121],[127.27978884632017,37.3301344993593],[127.28366563844955,37.33847049734648],[127.28334323898032,37.34531376107707],[127.26503211032835,37.342676439596644],[127.26166940058222,37.34805731597194],[127.24691409029766,37.355646201546996],[127.24219240766578,37.35341127520754],[127.23959354653493,37.35435091186477],[127.23851169358628,37.3600430314262],[127.23369288947218,37.35798953077233],[127.22898639366976,37.359102178645955],[127.22325524277755,37.35457747318323],[127.21669378321612,37.35469079380523],[127.22339716872519,37.34667039024884],[127.21945718155516,37.3465720995686],[127.21681128438924,37.34067184700131],[127.20896339682962,37.331779757482835],[127.20147354280654,37.328608487676135],[127.19692191195921,37.33472073704905],[127.1981832148075,37.34112155440313],[127.19086586190716,37.347047307017704],[127.17876396170762,37.34322360697194],[127.17376335392056,37.34466791677233],[127.1620637026494,37.343317924987915],[127.14175136418375,37.335713697347465],[127.14212692136144,37.32656560459942],[127.13706271574861,37.323423486758685],[127.13723693863422,37.32063872888066],[127.14273200987249,37.317396833822116],[127.14318179545775,37.313391601612906],[127.14860088517266,37.30657525975575],[127.16284110166194,37.30420209324807],[127.1701465709023,37.299702203555576],[127.17189638355777,37.29482263131632],[127.17054316072608,37.29272313081467],[127.17709953013188,37.28498356726154],[127.17239394121778,37.270655378549435],[127.17511645055194,37.25833848868475],[127.17041833379571,37.25537113829877],[127.15978138175394,37.25415233007005],[127.15812386121773,37.24780966456318],[127.14922559568247,37.2406704509238],[127.1562138827903,37.227886473729356],[127.14983127526253,37.22169312637201],[127.15171809087629,37.214139277162694],[127.15766881264362,37.20747044484957],[127.15229428967118,37.19832916910363],[127.16090918563268,37.19172484115652],[127.16067009339847,37.180557303591655],[127.14862134221951,37.169797707800676],[127.13330725480529,37.16920482688905],[127.13390687468852,37.16501173334566],[127.12787723418313,37.15989320871475],[127.13059262482636,37.15185094905195],[127.12948936699448,37.148750018236605],[127.1212178527093,37.14177507815238],[127.1207853248717,37.129892469069816],[127.11408478359117,37.12915477918269],[127.10905661087935,37.12670785639346],[127.10866960737441,37.12480560063334]]]}},{"type":"Feature","id":"경기도_의왕시","properties":{"id":"경기도_의왕시","sido":"경기도","sigungu":"의왕시","name":"의왕시","parentCity":null,"center":[37.35814,126.988247],"dongCount":6},"geometry":{"type":"Polygon","coordinates":[[[126.92945485413472,37.31616756766107],[126.93284686433631,37.30885112352838],[126.93051093827658,37.305298592153655],[126.9329532092641,37.30304784371433],[126.94158757536634,37.301022473194784],[126.95173755137154,37.30064712026998],[126.95410094363484,37.30307291773745],[126.9610752166736,37.30196871214629],[126.96634986009674,37.308205988996754],[126.96770523980321,37.315937940425385],[126.97000341451498,37.31692400004181],[126.96692202659356,37.323238361971136],[126.97119432204674,37.3317886345082],[126.98233818800841,37.32669102016712],[127.00046651030817,37.33849368449755],[127.00914346588245,37.33884281433018],[127.01330550123632,37.34782579858821],[127.0188076940644,37.351563117375406],[127.01613153950261,37.35664268299994],[127.01703799131022,37.358802986621086],[127.0233668141899,37.36333107163285],[127.0273765876241,37.36944472887978],[127.02739900509675,37.376730466937765],[127.0353643893056,37.388793154927704],[127.03839013803002,37.39046128383649],[127.03738533097699,37.400930206004475],[127.04347111822854,37.40358474570465],[127.04272066897119,37.408176389647565],[127.04659663529634,37.41062297370824],[127.04703991319433,37.41288707328564],[127.04167534027411,37.415633660359624],[127.02614675727887,37.412050329625245],[127.00865505915807,37.41223469204908],[126.99992827230511,37.40472573125418],[126.99016609240377,37.408033762097105],[126.9859305255859,37.40674336148497],[126.9795063009424,37.39589204939504],[126.98182997895643,37.394378916777164],[126.9741636543356,37.38846698154162],[126.97222734197067,37.38125526023194],[126.9653662106099,37.37197852115409],[126.96460763311688,37.365689183626856],[126.9661259655316,37.3621874365284],[126.96213627602094,37.36155526752112],[126.96051616918426,37.356394291769554],[126.96195366719728,37.355516361874436],[126.95757988334272,37.34434089753],[126.95444437036028,37.34110134783785],[126.9513387720142,37.34175425387358],[126.94856348150984,37.3397515082416],[126.94529215587184,37.32088386978339],[126.9360291832935,37.32196681105049],[126.92945485413472,37.31616756766107]]]}},{"type":"Feature","id":"경기도_의정부시","properties":{"id":"경기도_의정부시","sido":"경기도","sigungu":"의정부시","name":"의정부시","parentCity":null,"center":[37.733777,127.073582],"dongCount":15},"geometry":{"type":"Polygon","coordinates":[[[127.00127950905909,37.75899507026311],[127.00328995553984,37.75321934682397],[127.00248546808945,37.74441231079546],[127.00457080312002,37.74317608469071],[127.00219604874573,37.74070327180197],[127.01269011636951,37.72398027417709],[127.01352315356553,37.71393844878099],[127.01943846255205,37.708248299337626],[127.0156017811395,37.7034488074662],[127.01584584752527,37.70102523886384],[127.02469705396418,37.69944674570612],[127.02795589063764,37.70061578921354],[127.0324683384129,37.69171225536733],[127.0417228392055,37.69534775061913],[127.04508536551484,37.69244158977186],[127.04820486178114,37.693913737164664],[127.05014190850133,37.68788448260015],[127.06451166037573,37.68964416068788],[127.06939271852256,37.69436593641172],[127.08176430131853,37.69637761093475],[127.08302878777589,37.70199625606199],[127.09441740017567,37.70370569255718],[127.1012874630867,37.7082594131997],[127.10901358230244,37.708639076384],[127.11166606368285,37.717225111675596],[127.11656462226652,37.71795375299951],[127.11819598708583,37.72080105173056],[127.12300668791717,37.72213697843665],[127.12576770058203,37.72747149326406],[127.12360219768735,37.73759669897179],[127.12822968807423,37.74714958690348],[127.13622365516224,37.74931179480238],[127.13825675773802,37.747311479466944],[127.14146889481479,37.74764464415713],[127.14588450842234,37.754031479740355],[127.13966031640152,37.76407250012188],[127.13342752506644,37.7622866870777],[127.12543404543239,37.76329933582198],[127.12888953829548,37.766570578768416],[127.12806637597392,37.77183963238265],[127.11564289068853,37.773756788013834],[127.11541044391299,37.7764329482785],[127.11174529295002,37.778911949208734],[127.10434295102165,37.779670346705096],[127.08523844902578,37.77375734599801],[127.07913992555156,37.76953332331589],[127.0606750375606,37.76231621646262],[127.0508635018672,37.760941899230524],[127.04116910312399,37.766739468325895],[127.01728497525039,37.768561608845914],[127.00226780893739,37.76276275264856],[127.00127950905909,37.75899507026311]]]}},{"type":"Feature","id":"경기도_이천시","properties":{"id":"경기도_이천시","sido":"경기도","sigungu":"이천시","name":"이천시","parentCity":null,"center":[37.202391,127.484351],"dongCount":14},"geometry":{"type":"Polygon","coordinates":[[[127.3308723539218,37.22304211587494],[127.33186540392924,37.22000015042191],[127.33873562615894,37.215592801306514],[127.34199133717226,37.2082383052302],[127.35591666627832,37.202617736287614],[127.3570918369428,37.20054929362333],[127.37038447071039,37.20391896061083],[127.37759975676343,37.19636266268136],[127.37224454943393,37.18602995644528],[127.37528779608603,37.18510218130021],[127.38121157258513,37.18755840550348],[127.38432529995576,37.18208877472842],[127.40186172270087,37.18018120187648],[127.41036888162036,37.184166562536014],[127.41380052099211,37.17392564934519],[127.40969472258674,37.1643822880184],[127.41484307795632,37.15207941522941],[127.42350126381949,37.151827288420144],[127.42982266646477,37.14773652311438],[127.45008536827488,37.14839804003392],[127.44802468997763,37.144187520175386],[127.45766403353466,37.130573123359284],[127.4699619390356,37.129535733626355],[127.49248030320082,37.12308849611908],[127.49881518004942,37.12348196506569],[127.50251795199455,37.118912848744074],[127.50486214960685,37.10840778647943],[127.50764617023286,37.10583176789144],[127.51364393068174,37.104928720817924],[127.51462377312905,37.10127444325513],[127.51091039601172,37.09932212531431],[127.51052251549561,37.096861262744284],[127.514820596761,37.09343650205173],[127.51562214617867,37.08572056980832],[127.51848143656551,37.08259404403641],[127.51491721843412,37.08025875088443],[127.51254108635254,37.0713460857571],[127.50682960446883,37.06857464863592],[127.50846374093277,37.06406512444368],[127.50722908934078,37.062606010909356],[127.49354897296597,37.056531518963055],[127.48995938220688,37.05281503301848],[127.49608546708671,37.04871860360602],[127.50450147948169,37.04794905604985],[127.50896579380476,37.049437616347404],[127.51147760047381,37.05527057138973],[127.51820517086401,37.05839731919261],[127.5236282580908,37.05536547950043],[127.53188000378258,37.055669844751755],[127.55003519308917,37.045581191169994],[127.56094656932672,37.04326639144322],[127.56813462783742,37.047700808189184],[127.56791743235469,37.055540659206876],[127.56510495750788,37.06016177157062],[127.57629692094353,37.07399122275169],[127.57938357852935,37.0753432380722],[127.58857060575286,37.07294292488712],[127.59533538484305,37.07399078152237],[127.60400588287452,37.06848182263037],[127.6044977861611,37.077468202116826],[127.60016520395246,37.081848988078505],[127.6008882327837,37.08553423985253],[127.61451698373294,37.087888560437214],[127.6311115011877,37.09628814341908],[127.63447735422862,37.10104846427659],[127.63414749649353,37.123725439427815],[127.63782943163558,37.14092760083729],[127.63320177623349,37.145161092687644],[127.62893660082605,37.153096472838236],[127.63077297346217,37.165666176965395],[127.62664614827203,37.16597826767611],[127.61947065675349,37.16244314832062],[127.61601838845395,37.163255600624645],[127.61238765498369,37.17337525010159],[127.5988075542748,37.1845026593345],[127.59600415051993,37.189629773725294],[127.5836722670085,37.18695403747985],[127.57660757652113,37.18922699915484],[127.57237899767696,37.18485892535498],[127.57754460019144,37.17727700926723],[127.57718202389994,37.1752220177426],[127.5708311276652,37.17035157467937],[127.56617655245344,37.1763960097043],[127.55927939172345,37.18072420239815],[127.55337812411817,37.17559343173654],[127.52789382538597,37.17295765521123],[127.52286487194317,37.18123819471521],[127.51804869864799,37.18215963802985],[127.51597293569685,37.185316010691665],[127.53129482341457,37.19978628195724],[127.53007648049017,37.217790017687534],[127.52777064625364,37.2268463750872],[127.52549899837878,37.22757406556384],[127.52696346277254,37.22946176576325],[127.5252018064049,37.23922665391633],[127.53736836209346,37.24662732097422],[127.53707417191994,37.25160546376846],[127.5325719748039,37.25787277318179],[127.52918995761365,37.27351626785016],[127.53437513092565,37.28928036238365],[127.54272540967368,37.29475268435292],[127.54638860131317,37.30143274086317],[127.54636209539511,37.3099419322281],[127.54261230822921,37.31305653625031],[127.52880157239639,37.316199811392195],[127.52970082880303,37.31954601519873],[127.52716937791885,37.32192289921428],[127.52877551854152,37.32556530068144],[127.52716167401773,37.32934360506997],[127.52029527928065,37.33050994103617],[127.51375747298827,37.33931085185487],[127.50259791114632,37.33787841097527],[127.48968890278331,37.342300440324344],[127.48730987721528,37.34892092146721],[127.47049352258136,37.36151595356459],[127.44912578490008,37.35218608680957],[127.4424563377744,37.35844430158648],[127.43602974828082,37.355016852310484],[127.43054155228113,37.34706913745144],[127.42172045227879,37.342688506957096],[127.42062818047157,37.338647294949176],[127.41497032959882,37.33411161860609],[127.40519737178342,37.327819906055694],[127.39786411350488,37.326100380065604],[127.39030534013096,37.31969157269055],[127.3814811526868,37.31900589152841],[127.37690469894915,37.320602256773576],[127.36960109339135,37.31523232998523],[127.36388764000604,37.316043912357195],[127.36498214869354,37.3086695033448],[127.35771731380953,37.305073438124175],[127.35445660137246,37.300830658337155],[127.3565983082436,37.2993718836781],[127.35737133745386,37.2952512345401],[127.34801499995044,37.29000692326834],[127.34325317637257,37.291090278609964],[127.34073294767244,37.2887917291533],[127.34308192793364,37.28255380851358],[127.3490613270996,37.27697966756866],[127.33892882645218,37.27142936014392],[127.34093781899976,37.2658232118145],[127.34018037216458,37.26315669370129],[127.33671480938438,37.261237213931366],[127.33618379148255,37.25777847534661],[127.33829228961383,37.25303892637253],[127.33344231263999,37.24931605869793],[127.33115236221917,37.24312134367716],[127.33449610589605,37.235702990136815],[127.3333854044708,37.22715722420358],[127.3308723539218,37.22304211587494]]]}},{"type":"Feature","id":"경기도_파주시","properties":{"id":"경기도_파주시","sido":"경기도","sigungu":"파주시","name":"파주시","parentCity":null,"center":[37.8469,126.838194],"dongCount":19},"geometry":{"type":"Polygon","coordinates":[[[126.65934293965918,37.8401774659653],[126.67137762331389,37.83471749861941],[126.67396347842937,37.83104831110479],[126.66604788775722,37.812066498521446],[126.66506370758424,37.798641484280964],[126.66215954716547,37.790153041762885],[126.66638340008295,37.7859459094941],[126.67289369276628,37.76937519170541],[126.67617415563828,37.75499986306866],[126.67400254079905,37.75000607664066],[126.67739221662292,37.735011859518636],[126.68516187357555,37.724857296998906],[126.68362249619508,37.71339211907908],[126.67654831891679,37.70008467370003],[126.6914034525092,37.68911255616649],[126.69898339621572,37.69688291597222],[126.7037187072619,37.69612633900309],[126.72744548956973,37.70409288692074],[126.77427168484836,37.70466534559021],[126.77327912482949,37.70923118366547],[126.78502904524058,37.72089063953011],[126.79290868957624,37.72513154897848],[126.79607937786187,37.729606710430005],[126.79473642024435,37.73587095615548],[126.7972555022759,37.73701273134849],[126.80075579863609,37.73527862008136],[126.80098560393199,37.730753133612254],[126.81398922495102,37.72347824516388],[126.82302965103383,37.72880651258718],[126.82711734808542,37.72712868255798],[126.83175338897748,37.72881122255317],[126.83398216213233,37.72693834524116],[126.83916695807942,37.72851840066859],[126.84124770662467,37.73150101158739],[126.85654924857339,37.73556371467632],[126.86764765250754,37.72958945641677],[126.87149002789518,37.7293001774467],[126.87511179118438,37.725550795906344],[126.88098675850982,37.72616085716313],[126.88327215552002,37.71981293301561],[126.88614202881108,37.71845227159399],[126.8917237722017,37.725304192855546],[126.90146988378152,37.72775609033188],[126.90081220265787,37.73686170487647],[126.90357970864824,37.741597576861146],[126.90838297707984,37.74433921912723],[126.90861674925527,37.74673506965454],[126.9152876637488,37.74810730346573],[126.9218264543984,37.74703212135274],[126.93101975715766,37.75085337934002],[126.93164579348861,37.755359603460455],[126.92869340965667,37.75759073326544],[126.93391021676048,37.7675831413538],[126.93293921438665,37.77029784370385],[126.936291199406,37.77420810549825],[126.93338397574834,37.77993680008315],[126.93797150631612,37.786614845753824],[126.93209545250888,37.788783616467896],[126.92721060712641,37.785081492750315],[126.91460451749597,37.791675714563816],[126.90389467124947,37.79094941161407],[126.90554703218832,37.80209794014928],[126.91138433261335,37.80566826426009],[126.9116401126658,37.80823939656134],[126.90878555100484,37.81050541198611],[126.91021627566545,37.81648486728863],[126.90287951192262,37.823549063256024],[126.9029901534786,37.82638760618171],[126.91056230706971,37.82869027228877],[126.91373709126651,37.84096609994866],[126.9253312111924,37.841585435752805],[126.92674039908275,37.83838704394617],[126.93297616252924,37.83857044420197],[126.93648521599881,37.84079098368371],[126.93476014125496,37.845520803154294],[126.93561986809411,37.84938864916088],[126.94633973135406,37.86698562157968],[126.94426435611797,37.873632345506486],[126.94808315013785,37.88464915309495],[126.94599632321982,37.88846205776747],[126.94853522865957,37.89674776409955],[126.94673355848859,37.89964260677463],[126.95473027363586,37.912469289535764],[126.94964678709333,37.91825560881328],[126.95632563506473,37.9223435714647],[126.96001730621946,37.9201636686716],[126.96505301442588,37.92823970117354],[126.96443236258423,37.93831331544984],[126.97621031155674,37.944306961023585],[126.97912253507752,37.954078653441705],[126.98793118442293,37.95961962303404],[126.99635472817104,37.97319894337233],[127.00643780155512,37.9732461888269],[127.01051944664563,37.97540492449053],[127.01234324501023,37.9837236645036],[127.01704422262794,37.986928911972434],[127.01556416000702,37.99174807326351],[127.0015074161642,37.99602901069257],[126.99214685442607,38.0033704871662],[126.98207571737412,38.00468746882668],[126.96956520493069,38.00333386218724],[126.95341333145916,37.988723371826],[126.94090539323933,37.98239391077789],[126.93567744420244,37.98172790842207],[126.92162859085599,37.98593173948954],[126.89546025319424,37.99937118666976],[126.89395709446761,37.9989668554164],[126.89116178669609,37.988188898200576],[126.89545784070965,37.9711013683046],[126.89152192197866,37.96707149520617],[126.88350686507125,37.96642477822778],[126.8729049651815,37.9705326606771],[126.85493957197824,37.987239867615585],[126.85027309782514,37.98744175443118],[126.84397529388228,37.98500601722908],[126.84061318028515,37.981427168626084],[126.83678090735596,37.96472863346196],[126.82073135840041,37.95745942287981],[126.81470922053,37.96822410813467],[126.81251554598302,37.96929507168764],[126.81044583882863,37.96766857328148],[126.80451096686137,37.970749998294856],[126.79850474830519,37.987711059067934],[126.80090816955057,37.99199741364024],[126.79640135844062,37.9936942254796],[126.78224032590002,37.980463562052336],[126.77586018006652,37.98445428153926],[126.77347760693735,37.98400021704364],[126.77181926577906,37.982353021484535],[126.77533051571929,37.98041326656404],[126.77314617924026,37.97842265611328],[126.76312039830825,37.98505449098584],[126.74806090488869,37.97903330218218],[126.74455273361953,37.97421829606484],[126.73996353839392,37.972700336340665],[126.73657656452403,37.965817613226186],[126.73891661259684,37.96507345145289],[126.7388578090945,37.960846157895695],[126.74079648308842,37.958572750053705],[126.74374981732169,37.9577310526008],[126.74460154636347,37.95188385274235],[126.73451482456368,37.94420172855582],[126.7257446827963,37.94797837921603],[126.72134570991052,37.94324669642778],[126.71841121147534,37.935961816176594],[126.71438844909794,37.939973881227644],[126.68986796755844,37.944327507622326],[126.67139400747054,37.9557897565982],[126.67068903252843,37.951970760321814],[126.6723661207291,37.94845182741031],[126.66905675293133,37.94140395335888],[126.67120384569154,37.938797438654696],[126.66790503006428,37.9338365944288],[126.66920718295502,37.92796608819248],[126.66577016133718,37.922050793946774],[126.66591943241107,37.9183419637394],[126.67009914550904,37.91428308448057],[126.6809463664112,37.915576932007326],[126.68457139335679,37.91259745647213],[126.68045020094584,37.91111044936611],[126.67585501199233,37.90617595524312],[126.67712280152685,37.89722157572943],[126.67031969874117,37.88811930321612],[126.67462374242295,37.88529769935304],[126.67291910890066,37.88196081498628],[126.67564596690586,37.88163818366387],[126.67641449507046,37.88448711657008],[126.67902514484454,37.884732926948026],[126.67918954668355,37.88093515699984],[126.68187482565328,37.880013132762464],[126.67597736917337,37.87728166259641],[126.67185497579815,37.87764704772957],[126.67480045089368,37.87467546241167],[126.6726135836675,37.8700635626356],[126.68044095537255,37.87054974355911],[126.68340165997148,37.87399741473988],[126.69217981196105,37.8684284346493],[126.67990392745865,37.851688848351074],[126.67959991189171,37.84596912604805],[126.67727874132513,37.84441401869772],[126.67101318145522,37.84577384160918],[126.66500708883896,37.84318864224444],[126.66096200899435,37.84360152251073],[126.65934293965918,37.8401774659653]]]}},{"type":"Feature","id":"경기도_평택시","properties":{"id":"경기도_평택시","sido":"경기도","sigungu":"평택시","name":"평택시","parentCity":null,"center":[37.024575,126.965714],"dongCount":23},"geometry":{"type":"Polygon","coordinates":[[[126.77751112452437,37.00194785320772],[126.78115336101584,37.0005120651555],[126.78287017277485,37.00214607570502],[126.7871148365307,36.99523972454273],[126.79020804586875,36.99411680571008],[126.79965984815335,36.999401229763066],[126.80807922073468,36.99859761738163],[126.81082829273372,36.995587066649605],[126.82562238098718,36.99520105379399],[126.82728548164272,36.99290286588223],[126.82442227910086,36.99032765251737],[126.82535728266298,36.987125015843446],[126.83884779152278,36.967921393345264],[126.8359196187504,36.96658246410748],[126.84231644956354,36.95741284183004],[126.84402169760243,36.95816524525708],[126.8465755071546,36.95597081478692],[126.84424035157586,36.95380584131208],[126.84988083339762,36.94537231445373],[126.85904772161368,36.95049378438659],[126.86240575861946,36.94884651980673],[126.86546501658141,36.93901133671318],[126.8642241350312,36.93269128250594],[126.88698440791879,36.93608989339986],[126.90062202897494,36.930561992973416],[126.90511287312631,36.924623363898],[126.9086368769204,36.90509655991407],[126.91136126883298,36.90453396741834],[126.9170599294352,36.90535935369537],[126.94323404704777,36.91799763129699],[126.97285285638561,36.92621512524931],[126.99540570788413,36.93551723595457],[127.01585984948298,36.93446097503086],[127.03173369240481,36.92833964863846],[127.03815092219867,36.9324522459671],[127.04691809707703,36.933220156839674],[127.06063869734844,36.939518190119614],[127.0713770643182,36.94003971948903],[127.07393472561634,36.93839318738575],[127.08607578096613,36.94777453420948],[127.0960059240183,36.942242814007884],[127.09751886078642,36.949812206204804],[127.10182232733695,36.95469348127599],[127.0963789368971,36.95570962547439],[127.09726527910455,36.96015205027417],[127.11051745618634,36.97000214186629],[127.11451471754597,36.971225126364246],[127.11896829005845,36.969453776462345],[127.12496720249449,36.97498776019518],[127.12450895939429,36.9767858129974],[127.1339839431066,36.97679510998],[127.13769596517682,36.980062295304386],[127.14112435338306,36.978718571267436],[127.13637369388267,36.98471940701163],[127.13060721518599,36.98667807674958],[127.13456181545718,36.98928748323116],[127.136175312019,36.99337205004552],[127.14477689073931,36.997220731001285],[127.153915991268,36.99775723814679],[127.14427713070724,37.014008113535056],[127.14536713368716,37.016680016001324],[127.15182420396866,37.02092461413791],[127.15306890996351,37.029472768276165],[127.13718668291696,37.03387155499938],[127.12632704228383,37.033334266999],[127.1223107356929,37.0350600985765],[127.1156410630565,37.02749481724818],[127.10532657659633,37.03519299459591],[127.10989264509917,37.04077330648195],[127.11477224219499,37.0421639329303],[127.12217910881425,37.05041893676031],[127.12762448098397,37.05285762015307],[127.13056656113824,37.058003838836335],[127.12830320105463,37.06329491385308],[127.12570153116515,37.06468845362742],[127.11846833308299,37.062671000620156],[127.11398072971653,37.06508808318046],[127.10673157262906,37.06485581632487],[127.10283684177743,37.067792929995484],[127.10375287673754,37.075244106336555],[127.12144761542964,37.07640815120948],[127.12643974892659,37.08159478207882],[127.10978754155951,37.11740774126328],[127.10888826923178,37.12621621764434],[127.11408478359117,37.12915477918269],[127.12013193785555,37.12897261843512],[127.12088823138966,37.14083881422147],[127.12328040177077,37.143497730835335],[127.11412940584704,37.14461646959946],[127.1003534484917,37.14229024133789],[127.09815098373518,37.137718251817],[127.09502040847575,37.13635998078904],[127.08626460145611,37.13734607104033],[127.09046492531411,37.13008616452927],[127.08622468439177,37.12659543200495],[127.07931282960654,37.125777858972796],[127.07918920492058,37.127539735555786],[127.07113515279063,37.12560555155837],[127.06867689963632,37.128210647708826],[127.06602445621587,37.12782416634744],[127.06498218001227,37.13116956689714],[127.0557300929762,37.13332005939718],[127.05237136687553,37.13071806880974],[127.04552891150564,37.1293771537878],[127.0456404486903,37.12694148741813],[127.04116932560954,37.12887921086882],[127.03818877817598,37.13177582867332],[127.03830588243908,37.135432647823606],[127.03563343269566,37.136019580557736],[127.01805802745673,37.13013512036756],[127.00537499654037,37.12809638977945],[127.00243007622905,37.12438150518084],[126.9980983283942,37.12308776706459],[127.0023398120118,37.12387742024854],[126.99572816194984,37.108204325333396],[126.99785335856164,37.10445330875611],[126.99703139287064,37.097414356252834],[126.99888221263488,37.093166268578294],[126.99270759663008,37.088591227025404],[126.99172606070108,37.08477063740135],[126.99512804999782,37.070048089305814],[126.98462666589226,37.0716502390414],[126.9755436606324,37.070601960732105],[126.9690082103034,37.073372923813],[126.96651404568063,37.06929406710289],[126.95136834241606,37.06856053471141],[126.94038363174214,37.06081298212246],[126.93199735086152,37.062557937239916],[126.92864721654965,37.06803713494571],[126.92212517554886,37.06535046103153],[126.91487832652764,37.065772864692164],[126.9063042816026,37.06928855125794],[126.90555932172784,37.07339528956818],[126.90302050010136,37.07266816349079],[126.89622509631414,37.068498508801184],[126.88477077026324,37.06668639205774],[126.8816185477937,37.059039490449145],[126.85804497058122,37.02609916210265],[126.84692522269957,37.015849018482555],[126.83806378381279,37.01365453371029],[126.79691478942877,37.01206008437089],[126.7976030712369,37.008034836903725],[126.79522277517778,37.00593055146544],[126.77751112452437,37.00194785320772]]]}},{"type":"Feature","id":"경기도_포천시","properties":{"id":"경기도_포천시","sido":"경기도","sigungu":"포천시","name":"포천시","parentCity":null,"center":[37.970586,127.268368],"dongCount":14},"geometry":{"type":"Polygon","coordinates":[[[127.09037069554275,37.98439548090121],[127.09266709435101,37.97490128039809],[127.09171276213635,37.97144153038342],[127.09414464730294,37.968010401296226],[127.0922396954542,37.9600544365129],[127.09883306749774,37.95532504713722],[127.09911541955411,37.95246103768691],[127.09557659306971,37.94901831604613],[127.09604842744854,37.94364602403637],[127.10800854304198,37.93908990539969],[127.1216643829829,37.916637842057874],[127.13284131488187,37.915922180540775],[127.13471233728183,37.913573360118775],[127.1459597200287,37.9118659833296],[127.1478560430291,37.90662842875512],[127.1467290422571,37.902803456705385],[127.14960183927067,37.90146572568188],[127.15125255493099,37.89712485046001],[127.1556523276474,37.89567570812824],[127.14696392041334,37.87602590961418],[127.12953491576374,37.87366329610637],[127.12355938320924,37.86982612865056],[127.12316225646751,37.867157071021055],[127.11193129146339,37.86435020140793],[127.10918530066955,37.85985148862908],[127.11450629465286,37.85085483107768],[127.11769514989201,37.83397694587366],[127.12189656959792,37.827406444878044],[127.1201916421863,37.81736483316511],[127.12208752875064,37.81320234720427],[127.11713627925332,37.80412027303731],[127.11805867717521,37.79995919012854],[127.11638614113708,37.794380088520974],[127.10434295102165,37.779670346705096],[127.11069304525438,37.77939856942466],[127.11577223246486,37.774683315670664],[127.12806637597392,37.77183963238265],[127.12908022844559,37.767060226902395],[127.12543404543239,37.76329933582198],[127.13342752506644,37.7622866870777],[127.13966031640152,37.76407250012188],[127.14670654041863,37.75483612452199],[127.15352961128187,37.75550307946896],[127.16584915859148,37.752922559245185],[127.17326433818994,37.75511441335536],[127.18363868300767,37.76463928502915],[127.19092423848515,37.76257768827482],[127.20331439896539,37.76360774702689],[127.20475764787729,37.76201828244837],[127.21265072593718,37.76465388423366],[127.21387232560065,37.76068877934798],[127.22075414336094,37.757924701043486],[127.22462157614893,37.753592795121094],[127.22762236476933,37.75427688876623],[127.23649147132865,37.76219152879235],[127.25972576839244,37.76840073914924],[127.26806958229119,37.78455663513519],[127.27093060850032,37.78621953623813],[127.27216352699834,37.790386028457014],[127.27051611083884,37.793781934758236],[127.27807631426603,37.80447592306062],[127.27925829599975,37.816389513363376],[127.27418142948082,37.82635924844532],[127.27413039018344,37.83052209740086],[127.27886375970266,37.84134346195403],[127.28628399788433,37.848218400981935],[127.2802811944387,37.854643842457264],[127.29153830003185,37.87414498389932],[127.29828979134786,37.868304999698736],[127.30456818833292,37.868741457579056],[127.31169929682183,37.86613928160614],[127.32315870474493,37.87270055365185],[127.3236351654099,37.88746355640725],[127.32912576646284,37.8943114374175],[127.32736932549552,37.90250286104885],[127.33056128657196,37.90905321590588],[127.32790137448266,37.91215209135793],[127.33087730362367,37.91757441165485],[127.32899413853706,37.92203087704592],[127.33097633275898,37.92590702729259],[127.33302599083484,37.926500273524624],[127.33728539298978,37.9237742039934],[127.3451767214615,37.9272052861787],[127.3503148580542,37.92232686541174],[127.3566302550672,37.921956200012076],[127.36430364490106,37.92595017519374],[127.38352589640247,37.943194605375105],[127.38491257449107,37.94708731402147],[127.37683260413878,37.952934126578675],[127.37973279845528,37.9577783908641],[127.37630449181529,37.96107572380415],[127.37789969946206,37.96534494620211],[127.3826400343799,37.969701090009124],[127.381841871494,37.972269862196974],[127.38488757660589,37.97587467636282],[127.38504385560881,37.98241260598374],[127.38980477747857,37.98267741338123],[127.39942201779424,37.989401753622666],[127.40513240741343,37.99054456756895],[127.40906644161349,37.99630448026735],[127.41273939009324,37.99758934808338],[127.41827287013828,38.01467715533967],[127.4271880063054,38.02748926850639],[127.42429322611811,38.03093948475981],[127.42472903299488,38.033031750488675],[127.43504224656449,38.03799313536669],[127.4461540741101,38.05228077354257],[127.44371213363432,38.059257510192445],[127.44631827961128,38.064393508548484],[127.446366292896,38.08375118629849],[127.44092136909089,38.10831294450076],[127.43093195841347,38.115105964666384],[127.41205771107037,38.10272263498851],[127.40624583447412,38.105829647480036],[127.4033990132338,38.112894580084294],[127.38576340317829,38.114262641397],[127.37826911673258,38.117756144440364],[127.37270439303514,38.114350385449],[127.370614449889,38.10984034262852],[127.36445287318006,38.10703868720646],[127.34600560075164,38.104263750157166],[127.3392668580741,38.101544976794436],[127.33739004471947,38.08981567229382],[127.33017365430108,38.09420540472321],[127.32119209688913,38.09522494022175],[127.31399754128306,38.104617175521994],[127.31063617631152,38.11659771957403],[127.30738986908919,38.11923762865413],[127.3027377946897,38.115675134342304],[127.2958639765602,38.116315496123505],[127.29292741789162,38.114094425949965],[127.28856162533103,38.116688896825146],[127.2846274313155,38.11559452288025],[127.28195395186867,38.12474404317188],[127.27674056363806,38.12544775831842],[127.27739126782052,38.13249389483457],[127.27543949320287,38.13608204825437],[127.28717887635969,38.15135262703149],[127.28464308942878,38.15775342680951],[127.28799523023105,38.16353921963413],[127.28724549207193,38.16870762279289],[127.2911944444301,38.17232934568902],[127.2954679598319,38.172916763720295],[127.29701489547315,38.17567906834054],[127.28991305025916,38.17666727457031],[127.28377948336284,38.18221051752473],[127.26651250468001,38.18063596132898],[127.26451669414915,38.17853861981462],[127.26583026329148,38.176360114032505],[127.26437524820517,38.17247866038836],[127.25850187919195,38.1686501814868],[127.25433961067372,38.162802240514225],[127.23962070025576,38.15454358542318],[127.23388742380388,38.147325702721105],[127.22419366757907,38.14755272803399],[127.22252064545074,38.13810894433804],[127.21341627496365,38.14337715725112],[127.21198184114425,38.146722092460166],[127.20763076772253,38.14766605416834],[127.20288450527994,38.15340731684661],[127.19024747407065,38.160421509749916],[127.18603335957819,38.17295322718653],[127.19028203521312,38.18824604696746],[127.18789589028428,38.18825013016502],[127.17937718266585,38.18465332788373],[127.17764856592815,38.17644207724525],[127.1737811146307,38.1711274850869],[127.17681781745169,38.146733054160784],[127.17290856846873,38.141560269549494],[127.17574098855621,38.12975928877906],[127.17448293351966,38.12448564910315],[127.17156448093188,38.12156297140157],[127.1842825507575,38.114411436954896],[127.18220719021967,38.1073117142047],[127.1844375215837,38.09264052227732],[127.19218185747013,38.08307827324849],[127.1907279787971,38.07784255791809],[127.18624928098423,38.07431335837596],[127.1865485251137,38.06541422206205],[127.18416368110302,38.06384293320981],[127.17375710621212,38.066423705363604],[127.16635084678879,38.061346754950975],[127.15696466123072,38.063389293758405],[127.1493533790356,38.05769104415982],[127.14685436268807,38.05914025267262],[127.14625361258119,38.06272777989922],[127.1476808503711,38.06967752156237],[127.14366868934488,38.073614137501174],[127.13966429765549,38.07137578068392],[127.13838422663798,38.06666606597553],[127.12949109306354,38.061039240329904],[127.11717284013038,38.06065047646628],[127.11229001883407,38.05140878273363],[127.11796162673943,38.04390844147554],[127.11435597742941,38.03998061429596],[127.12254225880558,38.03906985198862],[127.12717267786839,38.036514852030166],[127.13481433704601,38.03918184107688],[127.13742205541298,38.03784137251194],[127.13549383522597,38.02926085349061],[127.13958478761309,38.02613137262033],[127.13898484513308,38.02187129385715],[127.14505739198083,38.01594662655328],[127.14024037159984,38.011480791590614],[127.14050696249328,38.00660911257961],[127.14563940639385,38.00094650130488],[127.14686672910211,37.99564303295273],[127.14328730420118,37.99126182848663],[127.14085495514917,37.9920329119989],[127.1325549589351,37.98829284531711],[127.12959571037354,37.98386387443428],[127.12116226880114,37.979515338344676],[127.11744986978974,37.98539394198307],[127.11153586847895,37.989314714407584],[127.09480424639958,37.989110695428664],[127.09143383328238,37.98812677342597],[127.09037069554275,37.98439548090121]]]}},{"type":"Feature","id":"경기도_하남시","properties":{"id":"경기도_하남시","sido":"경기도","sigungu":"하남시","name":"하남시","parentCity":null,"center":[37.530431,127.213777],"dongCount":14},"geometry":{"type":"Polygon","coordinates":[[[127.13997196562046,37.50859391438828],[127.14093475997534,37.50570194402229],[127.14523689417602,37.50350250614557],[127.15761697184965,37.50308835655733],[127.1613782187471,37.50025065997565],[127.15841848445004,37.490695555392406],[127.14983972331646,37.48527063558698],[127.14739957071382,37.47721780909402],[127.14424494819606,37.47732471748754],[127.1434452606241,37.47410418499762],[127.15445251626403,37.4736852785665],[127.15436269368145,37.47173364742644],[127.16279715069004,37.471259380093855],[127.1646152487135,37.469097701086106],[127.18003706798096,37.47376011787537],[127.17584124283789,37.47677005459245],[127.17578984302695,37.48520207974227],[127.17747685775495,37.48555413366182],[127.18842052989572,37.48027220334822],[127.21573197308597,37.482301480333774],[127.23906283371048,37.47507795392964],[127.24541660890067,37.47760536194061],[127.25909697285212,37.49058908771436],[127.25326850308358,37.50325250388836],[127.2543946871939,37.505956716691294],[127.26815823888491,37.50623014899364],[127.27597709498555,37.50819190692451],[127.27957077488571,37.512576165847065],[127.28758295516984,37.5134967160728],[127.28478419362258,37.52149016968254],[127.28009870339122,37.52571450119563],[127.23726794214897,37.54571173244059],[127.23474642991076,37.54925610463777],[127.23363758988133,37.558691922310985],[127.21858020346923,37.57546611042528],[127.21306854120877,37.57767692771232],[127.2020448043487,37.589419006359876],[127.196458873559,37.59176518272941],[127.18337787775668,37.591701327386886],[127.16863262457261,37.5793035434037],[127.17693654481737,37.58071011944042],[127.1758174076579,37.574847158173185],[127.18182464503386,37.56133194537491],[127.1828256101531,37.546563686343575],[127.16410987374897,37.54486470555748],[127.1586771601018,37.54014865459171],[127.15355242225388,37.533996519079544],[127.15326485814504,37.529331221105096],[127.1452414971768,37.52065795668804],[127.14466293981724,37.51554693704178],[127.14113212588735,37.51564465122406],[127.1435243959871,37.51268902694083],[127.13997196562046,37.50859391438828]]]}},{"type":"Feature","id":"경기도_화성시_동탄구","properties":{"id":"경기도_화성시_동탄구","sido":"경기도","sigungu":"화성시 동탄구","name":"화성시 동탄구","parentCity":"화성시","center":[37.184329,127.104811],"dongCount":8},"geometry":{"type":"Polygon","coordinates":[[[127.04866431554275,37.20853850988004],[127.0530959232858,37.2020066111913],[127.04958480529231,37.19684061637622],[127.06146608313912,37.199400718442],[127.06497235523975,37.197748879515956],[127.06564660929077,37.19215585724556],[127.06814255734976,37.189147523656295],[127.06532443080881,37.186445406596384],[127.06606117303959,37.184316260900445],[127.07186948358898,37.18308556060722],[127.07100496678947,37.1703590423483],[127.07398961952768,37.163769229857294],[127.09386111016404,37.15945250111412],[127.09799023590622,37.15585079615151],[127.10371919152112,37.142340979439986],[127.12638856942635,37.14558197224158],[127.1304210098782,37.151232876416785],[127.12812383753626,37.16100372176918],[127.13368296605584,37.16473047578323],[127.13316805646025,37.1691649601886],[127.14779045862028,37.16952932446796],[127.16065007293409,37.18030604459352],[127.15907821780459,37.184134784815235],[127.16095850981604,37.19163878503642],[127.15229428967118,37.19832916910363],[127.15767518135708,37.20699610050967],[127.15198392929605,37.213772738331926],[127.15160402018091,37.21854357488899],[127.14448755487629,37.21867594420778],[127.13709339052,37.21587884299931],[127.11738471629546,37.219964561509755],[127.10464549323467,37.219855161098806],[127.08896314367269,37.21635856570277],[127.07321953262532,37.226317297646375],[127.06752969351281,37.22214120060563],[127.07071530106491,37.213702141887914],[127.06437508597052,37.2120757921021],[127.06032534012314,37.221475811504355],[127.05283554734059,37.21485955345017],[127.05627036678311,37.212202156878604],[127.054381412222,37.208449734864836],[127.05142526295984,37.20874169585873],[127.05095955693778,37.211316795977666],[127.04866431554275,37.20853850988004]],[[127.10323609730096,37.18960855491049],[127.10360484705534,37.189873534051024],[127.1040089028325,37.19016387939212],[127.10323609730096,37.18960855491049]]]}},{"type":"Feature","id":"경기도_화성시_만세구","properties":{"id":"경기도_화성시_만세구","sido":"경기도","sigungu":"화성시 만세구","name":"화성시 만세구","parentCity":"화성시","center":[37.152763,126.781801],"dongCount":12},"geometry":{"type":"MultiPolygon","coordinates":[[[[126.53703703069493,37.1089380135119],[126.53909844836645,37.099050690740114],[126.54166733840243,37.102761594370584],[126.54056438930563,37.11118966733202],[126.53840067752651,37.11240929701147],[126.53703703069493,37.1089380135119]]],[[[126.55288481600186,37.05929264664795],[126.55929431058877,37.06179039728988],[126.55733695804095,37.06377104286641],[126.55288481600186,37.05929264664795]]],[[[126.61275653497358,37.11825547424865],[126.61384648736995,37.11721012049855],[126.61557820422613,37.119593722072786],[126.61275653497358,37.11825547424865]]],[[[126.61424086731361,37.15580281483954],[126.61821298777089,37.15759690844407],[126.6271063468196,37.167086777772035],[126.6306152952331,37.1738087656805],[126.6226964247978,37.17844099064109],[126.61898524685523,37.17765854175017],[126.61628055006138,37.17364525682539],[126.61747160020903,37.16179299121421],[126.61424086731361,37.15580281483954]]],[[[126.63730793649896,37.143437992731585],[126.63816564710375,37.13934970654948],[126.63910047107062,37.142496675298354],[126.63730793649896,37.143437992731585]]],[[[126.64808034245569,37.24901074918441],[126.65144223960138,37.2387952240135],[126.6555734658693,37.234755050655714],[126.65704531515448,37.23711860916485],[126.66131252823857,37.238231196325565],[126.66452886583822,37.23678580849319],[126.66476785955078,37.233643501942055],[126.66857318758643,37.22916266864189],[126.67295851718372,37.22958323945092],[126.67710885329019,37.22395595502954],[126.67556745317557,37.22110815660011],[126.6661474891126,37.21687156981644],[126.6662331416349,37.208644243375105],[126.67212553029283,37.20053903192322],[126.67693576772749,37.20091759540366],[126.67898020811654,37.20658009604026],[126.68417822182727,37.20945200690416],[126.68843599672167,37.20754777347505],[126.69174691484616,37.214298134470944],[126.69897814779657,37.21404638644392],[126.69192718504459,37.203141383358094],[126.67796391542399,37.19761326083817],[126.669578570531,37.196770569369114],[126.67106284771462,37.19453989186652],[126.66070079722361,37.19653335924141],[126.65727472840905,37.190957637476004],[126.6516223041361,37.19164627310786],[126.65533753185377,37.19038384563476],[126.64927288077065,37.18376031355219],[126.65477499009698,37.18279689911537],[126.65450988870631,37.185860854143726],[126.65989260058468,37.19047256229954],[126.66472709155555,37.191465597815295],[126.6689033429505,37.18954525841663],[126.66455616479017,37.18742166986592],[126.66504571559524,37.183313660980616],[126.6613910661638,37.17875724122864],[126.65327584219717,37.18091812300953],[126.660651472889,37.162111207093055],[126.65785430067972,37.15923958222155],[126.65037058176485,37.157101696133566],[126.64983430285612,37.15401621562867],[126.65485230669573,37.152972689121235],[126.68261061298247,37.160366123935155],[126.68887110762977,37.16793129018631],[126.68416720837706,37.15967829550447],[126.69073364921687,37.15718363889552],[126.69449631125595,37.15315742716046],[126.68255924299073,37.1488516085814],[126.67950555846737,37.14148413339865],[126.67352072877873,37.13699078079086],[126.67369624003577,37.13469907859249],[126.67744024063144,37.13497412984503],[126.68173332692102,37.12872366163184],[126.68449983501378,37.11958758561498],[126.68088825898917,37.11559844984055],[126.6779630853566,37.11564813150216],[126.68254988196176,37.1117826783757],[126.68718042391733,37.112570184140864],[126.69237599532855,37.11916714096343],[126.70483854238078,37.12313726609777],[126.70584545233899,37.130553806057584],[126.70942210406376,37.131488127310455],[126.71378061074829,37.12942699294114],[126.71922410094474,37.1319959060495],[126.72190580185972,37.13658589043281],[126.72778250437915,37.1386094919315],[126.7320829384013,37.14641892096748],[126.73138775733233,37.14839188443602],[126.73752498131788,37.14973514652053],[126.74257923921812,37.153801312330806],[126.74825493251028,37.16653250531366],[126.77797610534402,37.16467678538359],[126.79338734276496,37.17898360423901],[126.7968549408305,37.18795745352469],[126.7955674164637,37.17971432291861],[126.79200481334499,37.17314556348512],[126.79618935453729,37.17043023982663],[126.79760292295896,37.162448850715606],[126.79498958584078,37.15824520282931],[126.78553341913316,37.154901841293295],[126.78180140980287,37.152763246832926],[126.78224999191167,37.15145040642961],[126.79031522357675,37.149547757766655],[126.79953537712937,37.15359048540151],[126.80451185855718,37.151467719898996],[126.80722922754265,37.145238349768796],[126.81512252190853,37.14305406971181],[126.81194994624018,37.13941430700983],[126.80131113672715,37.13874024678023],[126.79591229422812,37.1345686045486],[126.79492655193656,37.129014530317896],[126.78845195983628,37.12969365899047],[126.78341540783036,37.13484864299489],[126.77609971580459,37.13229927059282],[126.7739995003966,37.12830460789222],[126.76873981757805,37.12789596127057],[126.75980985231188,37.117117214188724],[126.75812532547852,37.11131177965399],[126.76634659876372,37.1037190115826],[126.76982273074705,37.10386103119655],[126.77033019223637,37.101479932953154],[126.76423903261038,37.08650595938139],[126.76277099365375,37.07522245651324],[126.76412792489397,37.06897283311108],[126.76133843339355,37.068078872105126],[126.7628863708817,37.06279835481202],[126.76963388717193,37.06387895419291],[126.76895396770144,37.060140625286664],[126.75658886207421,37.056386047610744],[126.74836738352101,37.04903504438102],[126.74435454464347,37.03919427473869],[126.74881825380825,37.030098032980156],[126.78905982430179,37.02917186626013],[126.79456292376928,37.02579170938629],[126.79691478942877,37.01206008437089],[126.83806378381279,37.01365453371029],[126.84692522269957,37.015849018482555],[126.85310775280576,37.02000238905766],[126.88120846552152,37.05829142738232],[126.88374407515187,37.06628443923792],[126.89622509631414,37.068498508801184],[126.90453128871164,37.07349830216292],[126.90576566676036,37.06965768946332],[126.91487832652764,37.065772864692164],[126.92097106688766,37.06521956166726],[126.92864721654965,37.06803713494571],[126.93183391058795,37.06325918221582],[126.94038363174214,37.06081298212246],[126.95136834241606,37.06856053471141],[126.96640427504788,37.06910652925387],[126.9680584663702,37.07296724826401],[126.9755436606324,37.070601960732105],[126.98462666589226,37.0716502390414],[126.99401553124102,37.07009063737511],[126.99489913152273,37.07170240228568],[126.99172606070108,37.08477063740135],[126.99270759663008,37.088591227025404],[126.99888221263488,37.093166268578294],[126.99703139287064,37.097414356252834],[126.99785335856164,37.10445330875611],[126.99590685051386,37.10766767659081],[127.00230439828266,37.123159561485416],[126.99837184322541,37.1228894632383],[126.99617521456254,37.12918110233329],[126.98720876834506,37.129721745041515],[126.98213914233189,37.135194945091314],[126.98222387535303,37.1414499856636],[126.9790664319006,37.14317976500863],[126.96917074820259,37.14471169295254],[126.95855502595832,37.14254651844626],[126.95254550562686,37.14552958812105],[126.95238380240632,37.148138425702555],[126.94602974677332,37.15057763071256],[126.94525842476602,37.14546190792627],[126.94182745288708,37.14307622864222],[126.93568283303456,37.14547529677059],[126.93297439758177,37.14354011620106],[126.92983391213536,37.14408175110017],[126.92906378520084,37.14792247189162],[126.93405394022838,37.150247248426275],[126.9366134590224,37.1571180065614],[126.93804644106014,37.15700912610741],[126.93551903737296,37.161172185157994],[126.92610525852074,37.16102136081029],[126.92041811681123,37.154506979509804],[126.91722509985475,37.15556061516886],[126.9148731385553,37.15997533516586],[126.91586993091062,37.16644047847662],[126.92134685572134,37.16831204108202],[126.9172135468884,37.175862394066385],[126.92151532590559,37.18139561325361],[126.91997010101714,37.18964602739258],[126.89990363128334,37.19404073115912],[126.90610670798111,37.19920429905833],[126.90834345198421,37.20741997945307],[126.90757825806126,37.21150108154342],[126.90336993875583,37.216827526217294],[126.90942603256605,37.22422341075596],[126.90726486269031,37.2333741684365],[126.91211947539776,37.23554028554214],[126.91259009635046,37.239995350954224],[126.91589907963323,37.24156341839455],[126.92398476091445,37.23919743051297],[126.92594837654981,37.23439351822951],[126.92812718530674,37.23529982107078],[126.93209579991645,37.24324555740603],[126.93756575720471,37.24302265427154],[126.94582174928078,37.23908305650479],[126.94802647328322,37.242567096357796],[126.95384215753904,37.24285659360508],[126.95618808412476,37.24677043022802],[126.95272101599312,37.249093574321286],[126.94853066007698,37.25683062057029],[126.93577695359531,37.25677165741207],[126.93084573671328,37.26104205833345],[126.9272646844167,37.27143133965148],[126.92868182060445,37.27671912876092],[126.91828915620698,37.28492867904701],[126.91385491766198,37.29146890590216],[126.90554556446901,37.28988721177487],[126.89841236208623,37.293997542886615],[126.89954818777986,37.290203972228724],[126.89323449676482,37.286773427623565],[126.89138944441457,37.282479079202744],[126.88618096081777,37.28052888796154],[126.87969351242724,37.28566682167373],[126.87666801839984,37.27772098882212],[126.87132164343637,37.274709068262325],[126.8582243085853,37.274177957768124],[126.85143036439463,37.27075059338809],[126.84717347351678,37.265748162292084],[126.84143009886574,37.26765033152248],[126.8356138785131,37.27657461862234],[126.82806391360921,37.27707838640384],[126.82348700143955,37.28643838247673],[126.81932277117858,37.29053188222067],[126.81172538600889,37.29339547334422],[126.80464424555693,37.29318333865403],[126.804487668692,37.28365977911976],[126.80013594858742,37.27944975507101],[126.81055814058766,37.26769828326181],[126.79732755735611,37.27077077274672],[126.79011038211964,37.26732166578365],[126.79282473033743,37.260032193299814],[126.7880917065306,37.25517465802262],[126.78936229592827,37.24437467419779],[126.77806327506215,37.245949095728285],[126.77829702582703,37.239245332302744],[126.78575005630364,37.233931769486084],[126.78173731882099,37.234390867755934],[126.77764702991905,37.23787689319742],[126.77517898923875,37.2479314268819],[126.76753961280235,37.2483215882535],[126.76386592314451,37.252812489750546],[126.75700779335006,37.25504789974963],[126.7407115170711,37.255150704560435],[126.73403087558412,37.250349498974465],[126.72782268722257,37.254233568272916],[126.72546087868156,37.258576316415294],[126.71726267776064,37.25611233724653],[126.6891728460628,37.26286279101178],[126.68673297013392,37.262706341796275],[126.6811246522867,37.25721884947496],[126.67824859360893,37.26134977010595],[126.6769062597962,37.26073201504122],[126.67539870024535,37.25742811331328],[126.6802848729785,37.256017591502605],[126.67671456753128,37.24675285799162],[126.66993930158999,37.24284846148202],[126.65498084751789,37.24681353831979],[126.65615000052392,37.24800716253891],[126.65057204583694,37.254175480875816],[126.64808034245569,37.24901074918441]]],[[[126.6576918605858,37.20227862351024],[126.6583679255228,37.201810853039966],[126.65865888147309,37.20310012308283],[126.6576918605858,37.20227862351024]]],[[[126.6602770460792,37.204893994270236],[126.6630048849187,37.20343625568859],[126.66351651589136,37.20487645152125],[126.6602770460792,37.204893994270236]]],[[[126.66668475773372,37.27532027140514],[126.66875816095292,37.273452101038075],[126.68001949460303,37.27438357037469],[126.68496875543411,37.2806180913855],[126.6786658041557,37.28367524363765],[126.66668475773372,37.27532027140514]]],[[[126.73030229694453,37.07317168291474],[126.73087305101352,37.07207341232758],[126.74250953481574,37.07676239159116],[126.74230107318213,37.08229931773194],[126.73639894974362,37.09285728371255],[126.73581082095627,37.082999983410446],[126.73030229694453,37.07317168291474]]],[[[126.73423006208877,37.2830922490638],[126.74491085411728,37.283008821846956],[126.74560784881494,37.287487483588976],[126.73759278650247,37.28864284651075],[126.73423006208877,37.2830922490638]]],[[[126.76199749691337,37.260842327464324],[126.76617691295954,37.25941595230402],[126.76585911269447,37.261150271786285],[126.76199749691337,37.260842327464324]]]]}},{"type":"Feature","id":"경기도_화성시_병점구","properties":{"id":"경기도_화성시_병점구","sido":"경기도","sigungu":"화성시 병점구","name":"화성시 병점구","parentCity":"화성시","center":[37.221597,127.04836],"dongCount":4},"geometry":{"type":"Polygon","coordinates":[[[127.02113753212998,37.20840792077135],[127.02391212217371,37.20579036306516],[127.02303923744323,37.20158463497947],[127.02451759726877,37.200890285421494],[127.03665742563506,37.199963746749994],[127.04918802747389,37.19592422208838],[127.05295061608076,37.20274831109465],[127.04866431554275,37.20853850988004],[127.0505082954517,37.211807764386236],[127.05258306699771,37.20835056122823],[127.05622301195177,37.210666214297405],[127.05333631644167,37.21427675063374],[127.055533527783,37.21785231606229],[127.06129325018023,37.22085579170211],[127.06436432134565,37.21211839881805],[127.07042266540392,37.21361709719107],[127.06752969351281,37.22214120060563],[127.07260630589953,37.22612129485424],[127.07558339692721,37.225899906884536],[127.07329281041235,37.22881896082901],[127.06875572634347,37.230152212909424],[127.06667990835032,37.24014808570359],[127.05255806454186,37.23106016184879],[127.05379267737045,37.23222535655275],[127.05233937821033,37.23403888429199],[127.04663448593551,37.23288212616684],[127.04171011090813,37.23516526009277],[127.03912974666868,37.23719247766689],[127.04262323978682,37.24675055836817],[127.04126982583753,37.24726997326983],[127.04084753133411,37.2437695927672],[127.0366998915232,37.238400803242776],[127.02964391368278,37.23201023832599],[127.02289852640207,37.22951454847343],[127.02262819268907,37.22489716409301],[127.02591250664298,37.22063771718784],[127.02595755657356,37.21537853588072],[127.0289093571453,37.21123002592727],[127.02113753212998,37.20840792077135]]]}},{"type":"Feature","id":"경기도_화성시_효행구","properties":{"id":"경기도_화성시_효행구","sido":"경기도","sigungu":"화성시 효행구","name":"화성시 효행구","parentCity":"화성시","center":[37.184109,126.967184],"dongCount":4},"geometry":{"type":"Polygon","coordinates":[[[126.89990363128334,37.19404073115912],[126.91997010101714,37.18964602739258],[126.92151532590559,37.18139561325361],[126.91735550057325,37.176535822166414],[126.92134685572134,37.16831204108202],[126.91658928517646,37.16733804539533],[126.9148731385553,37.15997533516586],[126.91940775628882,37.154366822276565],[126.92610525852074,37.16102136081029],[126.93481920383248,37.16163157760025],[126.93804644106014,37.15700912610741],[126.9366134590224,37.1571180065614],[126.93405394022838,37.150247248426275],[126.92989702526357,37.14839746853015],[126.9288243397768,37.14616587508159],[126.93059510921017,37.14353208497545],[126.94440684384632,37.14440665149544],[126.9460753013271,37.14983192712713],[126.94822884719309,37.15004141000357],[126.95855502595832,37.14254651844626],[126.96889016571843,37.14468113928666],[126.97829506685278,37.14327501827892],[126.98222387535303,37.1414499856636],[126.98213914233189,37.135194945091314],[126.98720876834506,37.129721745041515],[126.99617521456254,37.12918110233329],[126.99677239610963,37.12495067943617],[126.99913797382357,37.12363515812487],[127.00243007622905,37.12438150518084],[127.00537499654037,37.12809638977945],[127.01750491168617,37.12992329244908],[127.03446399100827,37.135864519617584],[127.027860266035,37.152673836667894],[127.03010270415388,37.155402757830714],[127.02975744049786,37.15875914346949],[127.0269744188379,37.16066126629116],[127.02809505248347,37.163121926457094],[127.01662683318271,37.1678454793493],[127.00653029279879,37.168064181800894],[127.0000689382201,37.173553677350014],[126.9952535935849,37.17501377206125],[126.99649720676064,37.178461362466315],[126.99976996436222,37.177576071396665],[127.00455789657474,37.18041448672718],[127.00242608866436,37.18204803992761],[127.00784506905812,37.18699690420797],[127.01103647065358,37.19375152983413],[127.02649384124454,37.20009820584493],[127.02302341536893,37.20151188117277],[127.0240363144949,37.20552945520703],[127.02113753212998,37.20840792077135],[127.02779404653687,37.210821080649886],[127.02341157705472,37.22539427281862],[126.99264594823835,37.23085245816746],[126.9882493625394,37.233578297975804],[126.9703933011367,37.229196744879594],[126.96770032493929,37.234836430516324],[126.95776467963022,37.23976480644073],[126.95731238077242,37.24417619062083],[126.95574856823538,37.244583653162834],[126.95384215753904,37.24285659360508],[126.94853341025157,37.24291536848563],[126.94726874310618,37.23989317959208],[126.94421508821222,37.238991013771106],[126.93780799314148,37.24295056628936],[126.93209579991645,37.24324555740603],[126.92673869854771,37.23451790818846],[126.92524707890648,37.23452418836613],[126.9246889454507,37.23888649247258],[126.9143238024933,37.241274026153484],[126.912393706595,37.23662108593057],[126.90726486269031,37.2333741684365],[126.90938030734623,37.22475725974878],[126.90336993875583,37.216827526217294],[126.90757825806126,37.21150108154342],[126.90654748628877,37.20011579463875],[126.89990363128334,37.19404073115912]]]}},{"type":"Feature","id":"인천광역시_강화군","properties":{"id":"인천광역시_강화군","sido":"인천광역시","sigungu":"강화군","name":"강화군","parentCity":null,"center":[37.706432,126.334339],"dongCount":13},"geometry":{"type":"MultiPolygon","coordinates":[[[[126.12139705658012,37.687179595553296],[126.12718148604945,37.68156090868602],[126.14479020167894,37.681780285839544],[126.1430334861363,37.686736360503765],[126.13579939000239,37.68763337855286],[126.13280387249216,37.69266688982752],[126.12973655284478,37.691598958697234],[126.12595705457869,37.69339177744677],[126.12235392812886,37.690603483970996],[126.12139705658012,37.687179595553296]]],[[[126.15347769667572,37.67739796039032],[126.15472762523574,37.67267342703756],[126.1589963135019,37.67186286875684],[126.16731349808332,37.66618127854535],[126.16853808090778,37.66820201064888],[126.17769341521375,37.669546457135596],[126.18380847712305,37.667554951696815],[126.19119549639805,37.661551112591084],[126.18799875205723,37.6585465212587],[126.18912890388638,37.65715330411113],[126.19369723721793,37.6583578068097],[126.20847357550616,37.6551731367509],[126.20521870805224,37.65886426745934],[126.21140864774422,37.666340677779544],[126.20531387716711,37.66979024860697],[126.19789657546637,37.678840933134396],[126.19484315013841,37.68911259106125],[126.172333964056,37.67672546026834],[126.16711000699351,37.67962810067087],[126.16113443214834,37.67889419768506],[126.1584049575245,37.67643974395738],[126.15347769667572,37.67739796039032]]],[[[126.20004703253817,37.68999307522675],[126.20133377589968,37.68794144914126],[126.20202581608993,37.68952525987925],[126.20004703253817,37.68999307522675]]],[[[126.20276695101394,37.76927464235896],[126.20728281151924,37.7683312077111],[126.22320739884555,37.755203786320315],[126.2320586812595,37.75114445593654],[126.23964425817988,37.75707621973598],[126.24236843135571,37.763094177360564],[126.24767468015848,37.76544568685397],[126.25898695908178,37.764558213774386],[126.27050036716471,37.7674781332046],[126.2727977517718,37.76974912447438],[126.28131836411153,37.768370847188095],[126.29103315918381,37.76263952729277],[126.31795243126903,37.77590126952211],[126.32239924532104,37.781124873201776],[126.32134528838631,37.781940562002724],[126.33071681007375,37.78960339840024],[126.33008851575859,37.792557471718624],[126.3346117699205,37.799178697022235],[126.3247490656479,37.80910883242664],[126.32150757219053,37.805002851385375],[126.3167685436735,37.80331588460226],[126.30566966572252,37.80261874228663],[126.30136801968814,37.80446596997465],[126.29439730546633,37.80212070476408],[126.29393082402055,37.80385153954542],[126.27341106401859,37.814035274455485],[126.26591615990093,37.81573719258755],[126.26502071979806,37.81810732466482],[126.25681403335514,37.814646241618405],[126.24604160095014,37.815169295523496],[126.24002156042187,37.81770239806416],[126.2231767742662,37.80541207624023],[126.22351836813623,37.800116145516874],[126.21852238567566,37.79607703780861],[126.21834778421747,37.793618047898455],[126.22162949611939,37.79171972659323],[126.22096839974915,37.786223606870614],[126.21231290279515,37.77591059497028],[126.2038947257034,37.773221011839816],[126.20276695101394,37.76927464235896]]],[[[126.20837052452937,37.7182982509481],[126.21116695800963,37.71826147802413],[126.21018908830497,37.72325059575852],[126.20898291172598,37.72348005388357],[126.20837052452937,37.7182982509481]]],[[[126.21309948503398,37.62891714412627],[126.21711793092454,37.62883362773436],[126.21742503139959,37.63247249575195],[126.21309948503398,37.62891714412627]]],[[[126.2169659438405,37.72064378442831],[126.23086934959231,37.716161281694035],[126.2488134764007,37.71812958899315],[126.24050321371408,37.72213509254402],[126.23620816443422,37.72903023593345],[126.2368244850091,37.731086115040696],[126.23218869806797,37.733869799396864],[126.2169659438405,37.72064378442831]]],[[[126.22129670477541,37.66500113979433],[126.22371935241307,37.6577821651773],[126.24100645984576,37.66119217222895],[126.24229643165258,37.66291698152955],[126.23422946438357,37.66220607423035],[126.22383998865173,37.666297334363954],[126.22129670477541,37.66500113979433]]],[[[126.22173254250644,37.65178781254062],[126.23381432138073,37.63793384032013],[126.2400714464993,37.634031134353755],[126.25903385760299,37.62763662728304],[126.25978195311644,37.622763349513804],[126.26390880048746,37.62575143212526],[126.25171747903889,37.63599922330843],[126.25144983287915,37.64309998855598],[126.25430997303175,37.648467510854424],[126.25724077229418,37.65009486301914],[126.25653857561194,37.65308825309347],[126.25090866129135,37.65447288944015],[126.23945237619566,37.653075285495],[126.23293539313502,37.65648404318881],[126.22980935476339,37.65563092655545],[126.2276470723391,37.65239930937513],[126.22234586061477,37.654513770434],[126.22173254250644,37.65178781254062]]],[[[126.25609000092912,37.71359124506966],[126.25786628522306,37.711922637651455],[126.25749838759698,37.715266411481714],[126.25609000092912,37.71359124506966]]],[[[126.25676980985752,37.725634659807895],[126.2644608262361,37.72384979580518],[126.26961487111727,37.72543841752854],[126.26548757564989,37.73826547188135],[126.2572631501744,37.73320519229424],[126.25676980985752,37.725634659807895]]],[[[126.26586402466461,37.648343679953314],[126.26878930279887,37.637393397991374],[126.27326989178952,37.63177499142165],[126.27508965177685,37.63265044078382],[126.27444781521483,37.64416667752827],[126.27625356873257,37.65072324206316],[126.26984534170376,37.65647997768372],[126.26586402466461,37.648343679953314]]],[[[126.26779155175166,37.710396884155436],[126.28334575933715,37.70007810868997],[126.28513685578758,37.696232234198746],[126.31730429424552,37.68174175753434],[126.32373545861338,37.66900445635263],[126.32694811992961,37.66659409828718],[126.32682156083978,37.662026308622075],[126.32443974186548,37.66211774876479],[126.32338819459956,37.65911196111888],[126.32257691128468,37.64453712532705],[126.32503188974493,37.64144432908122],[126.34280982338616,37.643580474373536],[126.34710624627746,37.645639932676524],[126.37660940391304,37.667933547176574],[126.37959242473798,37.68219808906787],[126.37355600915177,37.69416503937698],[126.3463931951997,37.69915963678118],[126.33948072868364,37.70265642776353],[126.33822438213348,37.70736319186619],[126.33173237078739,37.7089975604834],[126.33195406308347,37.71435545477556],[126.32060167669717,37.716111688515994],[126.323022131743,37.73187412344833],[126.33067809920304,37.748429959334906],[126.32394892038715,37.75428392989655],[126.30376753086851,37.746522502405135],[126.29398562244131,37.74622345376764],[126.2874176633259,37.7429939584708],[126.28788873689989,37.72552472809879],[126.28562807267359,37.72404852810668],[126.28382133172047,37.71482899907806],[126.27997524416162,37.71269899326007],[126.27155957222986,37.71270737146717],[126.26779155175166,37.710396884155436]]],[[[126.26915215394608,37.62073784919977],[126.27125285042915,37.61907442319432],[126.27174157366458,37.62089678585108],[126.26915215394608,37.62073784919977]]],[[[126.27868368790482,37.74577302544185],[126.2831886427902,37.74507858819933],[126.2857182056871,37.749227599928815],[126.28267027620895,37.749622450296265],[126.27868368790482,37.74577302544185]]],[[[126.29879381517503,37.67497735207394],[126.30097326429168,37.67394893829276],[126.30144834505597,37.67544790747385],[126.29879381517503,37.67497735207394]]],[[[126.34139938298966,37.73854343852914],[126.34318275206653,37.72059792564927],[126.35237254863817,37.70581012744984],[126.37749191877698,37.69639202277523],[126.38586935187665,37.69086943305377],[126.38863154537403,37.686722083734196],[126.3932810070331,37.677841258427016],[126.39569551161996,37.66457324982514],[126.38695287952083,37.65572311363267],[126.40500133140436,37.65078291578038],[126.39529445815344,37.64187322493461],[126.36416121297668,37.63591458205338],[126.36440909975894,37.634105704110326],[126.3689652591913,37.63405633194284],[126.37349917585192,37.631125083891156],[126.37431733621757,37.62780454042725],[126.3726505472515,37.627019863922804],[126.3771777547325,37.619263713752446],[126.37747945574041,37.61653148884635],[126.37368658983661,37.61436864670466],[126.36907797545922,37.61526762448141],[126.37143405299798,37.61143812676507],[126.37491627607831,37.61182609729344],[126.38551873237145,37.607648258175566],[126.38610679878936,37.60395699016556],[126.40372284070298,37.59409865488048],[126.43789684889022,37.59212405544693],[126.44664180323484,37.59449295113184],[126.4552922055404,37.59335108769664],[126.46122312205526,37.589166813756826],[126.46591656067856,37.595505567123],[126.47334402724205,37.59748811244498],[126.4802971903927,37.5835800179734],[126.5004654052613,37.590211481565056],[126.51630768796588,37.579495901190825],[126.52769866955958,37.58658332232575],[126.5265765158765,37.588999208404616],[126.52158974059456,37.58993252794436],[126.51908196559678,37.592559098280574],[126.5239461472238,37.59646980198832],[126.54728151709698,37.604182991582675],[126.54281911579618,37.622576601188996],[126.5305280115994,37.63855248378674],[126.52895643551031,37.65297442703012],[126.529701547408,37.655889895993305],[126.53446188268909,37.65914305676166],[126.53575375769758,37.6649929819152],[126.52411301917212,37.67317822642645],[126.5229825306347,37.67651724683649],[126.52726890204353,37.70306567095243],[126.51851491911813,37.71272805239405],[126.51845734366346,37.72159809825519],[126.52601717505105,37.7380924089514],[126.52690245513148,37.74783294154012],[126.51238789693636,37.763537212954],[126.51250134553285,37.76766540152774],[126.51459582167523,37.76996103621062],[126.50803775602914,37.78329849212648],[126.49082952368327,37.78953081930826],[126.46302413346326,37.80601462708246],[126.43720540842212,37.83033509336156],[126.42688650022409,37.83336859534389],[126.41899516340881,37.826518875139435],[126.41365930666144,37.82469324629906],[126.39387318529577,37.82549239932337],[126.37196206354875,37.80547328880879],[126.34893426164795,37.79196822467347],[126.3470237036992,37.7881023755976],[126.34945879734043,37.78760184371098],[126.3506008220636,37.77868921611732],[126.35395956055179,37.778787607416376],[126.35350462854637,37.74358800482058],[126.34148314991434,37.748368589973886],[126.34139938298966,37.73854343852914]]]]}},{"type":"Feature","id":"인천광역시_검단구","properties":{"id":"인천광역시_검단구","sido":"인천광역시","sigungu":"검단구","name":"검단구","parentCity":null,"center":[37.603386,126.658339],"dongCount":6},"geometry":{"type":"Polygon","coordinates":[[[126.59186444750547,37.592707314660196],[126.59354772014278,37.585047349139586],[126.59650296080758,37.582131668813126],[126.60217014438656,37.58204831236377],[126.60194344785111,37.584812079037334],[126.60629149286204,37.58751801815226],[126.62121479695986,37.585563917206784],[126.62395605468046,37.56754088840016],[126.65049085153302,37.57772726336235],[126.6495405030525,37.582623804195336],[126.66951691172353,37.58405716289785],[126.66931699754721,37.585601934090775],[126.68614760075474,37.58400230908723],[126.71330438046421,37.57768658332142],[126.71773987789285,37.58149670010777],[126.71761011852887,37.58488064087124],[126.72481380002186,37.59159415901938],[126.71057379535632,37.60499810942712],[126.7046520881429,37.6026160210425],[126.70628274805935,37.61015136842131],[126.69863317300995,37.61746245127436],[126.68519337952583,37.62420208954371],[126.68007370953424,37.629639653741584],[126.67517028097531,37.629953672991164],[126.67093518006962,37.63435957609076],[126.65310327639419,37.63923056555054],[126.6475792237419,37.62873610840282],[126.63695290557065,37.62603338893902],[126.6365742991433,37.620490285039395],[126.63433944432127,37.61941222694634],[126.62551829046626,37.60432753491869],[126.62339794803326,37.60279721049733],[126.61261806349209,37.60547150800643],[126.59186444750547,37.592707314660196]]]}},{"type":"Feature","id":"인천광역시_계양구","properties":{"id":"인천광역시_계양구","sido":"인천광역시","sigungu":"계양구","name":"계양구","parentCity":null,"center":[37.558651,126.737742],"dongCount":12},"geometry":{"type":"Polygon","coordinates":[[[126.68178920426767,37.58338280545601],[126.68213714843543,37.577514254883994],[126.69896233829908,37.573421343537106],[126.70013573238326,37.56559019193055],[126.70306630595027,37.56495133990802],[126.70263741973805,37.56125380667139],[126.69951261215895,37.55889419007818],[126.70193099352579,37.5561403071376],[126.70766627042846,37.55628312063968],[126.71105362122485,37.5541260785352],[126.7056066290921,37.54474195064829],[126.70708712710658,37.543151791608075],[126.69927616356819,37.54043197184001],[126.69756790728152,37.54188066110804],[126.69208079659467,37.54108697443033],[126.69169501032232,37.53568796730954],[126.68461763730942,37.53562436244924],[126.6827816899569,37.533277612356734],[126.68344843640226,37.53111750478482],[126.68692098135436,37.530737635693875],[126.6903097717864,37.52375296415428],[126.69788592493018,37.52361025522972],[126.76033573950393,37.524096485668615],[126.76094809268727,37.53785944540615],[126.76474895751049,37.5511754194035],[126.76771074661768,37.55418855255472],[126.76458419452362,37.55510099034409],[126.77072751213696,37.55716471349388],[126.77563250442621,37.56180294934664],[126.7754645484757,37.565378654243354],[126.78250268833416,37.5702298005416],[126.7825745898584,37.57334795002309],[126.79369567408084,37.58154035610674],[126.78704893474996,37.58555190156469],[126.784113431033,37.582585135084074],[126.76806792326784,37.58805522879219],[126.76307854848325,37.584892059639024],[126.75770409896974,37.58479212956424],[126.75473593167008,37.58043351208355],[126.75181644136558,37.57957178878135],[126.74362412306513,37.593349709658874],[126.73902649155289,37.593692239816065],[126.73501926973213,37.5904662823362],[126.72918145736621,37.59288828807572],[126.72512592212895,37.59200096855635],[126.71777182090179,37.58533204418286],[126.71773987789285,37.58149670010777],[126.71330438046421,37.57768658332142],[126.68492315749545,37.58414183859568],[126.68178920426767,37.58338280545601]]]}},{"type":"Feature","id":"인천광역시_남동구","properties":{"id":"인천광역시_남동구","sido":"인천광역시","sigungu":"남동구","name":"남동구","parentCity":null,"center":[37.430337,126.723773],"dongCount":20},"geometry":{"type":"Polygon","coordinates":[[[126.66777758566461,37.39230177376757],[126.67298319502989,37.38942298246657],[126.71026488035226,37.383161237568],[126.71140063681531,37.381049739231955],[126.72091453803047,37.38113838031275],[126.73604497728108,37.39519557595754],[126.74529178789197,37.40094846852691],[126.750575879332,37.40760623569069],[126.75497784707972,37.41792758665637],[126.75369009495193,37.42253943913569],[126.75868226651917,37.42596092471083],[126.76736934433276,37.42659355796325],[126.77060922595655,37.42955418645064],[126.77131030085525,37.435143046599265],[126.7693279848735,37.44211083175756],[126.77070656768568,37.4485062004156],[126.77162457263007,37.45015380654404],[126.77754691095367,37.45082050367594],[126.77976935646252,37.454325945045106],[126.7774766856864,37.457401514126275],[126.77966151002404,37.467115501317195],[126.77805252344479,37.47090375635295],[126.76774170110463,37.471761614987166],[126.75693533070155,37.46917452182041],[126.75452305096707,37.46573173940608],[126.74604702519856,37.46481791340528],[126.7384690510795,37.47089550472166],[126.72974481513597,37.47239639748987],[126.72348628703519,37.47005047310931],[126.71630808544279,37.47622375349752],[126.71285762674138,37.476384515625035],[126.71093599423575,37.47962443150252],[126.70797741164856,37.46933130065614],[126.69760502897284,37.46808665209722],[126.68641205348324,37.4718138939454],[126.68436079046592,37.469564639609054],[126.6872192195751,37.468990037616244],[126.68679553708562,37.46621002484802],[126.69278791426511,37.46551416262948],[126.6972448321234,37.46128514648028],[126.69466960674505,37.458808640074295],[126.69292895074113,37.4483319322788],[126.6953305256782,37.445198535911835],[126.70287705488356,37.44276502359966],[126.7023583271668,37.43887029679279],[126.70463048913281,37.43884445868292],[126.70620383821364,37.43414555818212],[126.70535262829905,37.42733146079567],[126.69885528418415,37.41966471125506],[126.6876461968309,37.41123156051072],[126.68401765337643,37.40429269334224],[126.67801603129024,37.401419775558146],[126.66777758566461,37.39230177376757]]]}},{"type":"Feature","id":"인천광역시_미추홀구","properties":{"id":"인천광역시_미추홀구","sido":"인천광역시","sigungu":"미추홀구","name":"미추홀구","parentCity":null,"center":[37.457104,126.666025],"dongCount":21},"geometry":{"type":"Polygon","coordinates":[[[126.62917308872923,37.45225713924061],[126.6346759165485,37.43100284075858],[126.64058778263266,37.43045936503971],[126.64812957985045,37.43512101062688],[126.66053827334147,37.43549248605272],[126.67511572436092,37.43028217751968],[126.67706523743243,37.43150189172182],[126.68559052438675,37.43018953849826],[126.68717249263021,37.433177177269705],[126.69669059297742,37.43339871875893],[126.69493451816943,37.438771233742834],[126.7023583271668,37.43887029679279],[126.70287705488356,37.44276502359966],[126.6953305256782,37.445198535911835],[126.69288307652737,37.448233782743685],[126.694656408448,37.45873881271047],[126.6972448321234,37.46128514648028],[126.69294222270662,37.4647163289357],[126.68703859414023,37.46616974140013],[126.68724338632971,37.46896931511918],[126.68436298389571,37.46953043960448],[126.68572666052974,37.47156048184228],[126.68404129040577,37.47334788579891],[126.67047992053033,37.47684733120229],[126.6551848727195,37.48401889762681],[126.65282911498339,37.47986763466722],[126.65434234405971,37.47846960897779],[126.65130423224458,37.47448738660033],[126.65241998745306,37.47051199810634],[126.6427891469966,37.46848621129793],[126.642150708338,37.46506543527633],[126.62917308872923,37.45225713924061]]]}},{"type":"Feature","id":"인천광역시_부평구","properties":{"id":"인천광역시_부평구","sido":"인천광역시","sigungu":"부평구","name":"부평구","parentCity":null,"center":[37.494457,126.725479],"dongCount":22},"geometry":{"type":"Polygon","coordinates":[[[126.68321632617973,37.516999160538774],[126.69203138577204,37.502208545257204],[126.68950645121522,37.498269942788205],[126.69283898751223,37.49536000024779],[126.69222892529577,37.49240099870048],[126.70153544373538,37.4866100751476],[126.70135468594076,37.485097572969416],[126.69262891702743,37.48534693767502],[126.68982016673293,37.48298382713931],[126.69068207808702,37.47930927216278],[126.68404129040577,37.47334788579891],[126.6883007866885,37.470768451822615],[126.69760502897284,37.46808665209722],[126.70797741164856,37.46933130065614],[126.71093599423575,37.47962443150252],[126.7126524166381,37.476400357739884],[126.71701760591817,37.475768059699],[126.72270276517207,37.47060871252681],[126.7311790330707,37.47244057918705],[126.7384690510795,37.47089550472166],[126.74604702519856,37.46481791340528],[126.75452305096707,37.46573173940608],[126.7569059558475,37.469116911985346],[126.76613089964856,37.46997293892466],[126.76774170110463,37.471761614987166],[126.75951832887468,37.47655756956848],[126.7545166304779,37.48370174317242],[126.7426005760681,37.48664671488252],[126.74172620924811,37.49543222920698],[126.7439193516433,37.50106121766803],[126.74217531945305,37.508397172704626],[126.74631331965331,37.51479774685931],[126.76019208815293,37.51587172754705],[126.76033573950393,37.524096485668615],[126.68637758529692,37.52331511982294],[126.68321632617973,37.516999160538774]]]}},{"type":"Feature","id":"인천광역시_서구","properties":{"id":"인천광역시_서구","sido":"인천광역시","sigungu":"서구","name":"서구","parentCity":null,"center":[37.533077,126.633356],"dongCount":16},"geometry":{"type":"MultiPolygon","coordinates":[[[[126.55571481737333,37.57613734370768],[126.56415216793361,37.57101721388526],[126.56923326368693,37.570246318684845],[126.57105912329817,37.572029364089836],[126.55900163356124,37.57636783966096],[126.55678845783441,37.5787600939699],[126.55571481737333,37.57613734370768]]],[[[126.57257906940627,37.587784222507025],[126.58149349365198,37.57144046339798],[126.59334154633613,37.55935456617486],[126.59371579255499,37.55425686554815],[126.60451019831747,37.55560403304713],[126.60607964990714,37.55409108397744],[126.6050946770271,37.53932084861924],[126.59914563153856,37.53917389783217],[126.59938889876429,37.533421649097285],[126.6024706619457,37.53326285496167],[126.60265874042513,37.52784882381359],[126.61099815001141,37.52779198289849],[126.60266300325527,37.527045098208994],[126.60438694193329,37.49681248118924],[126.6267941792832,37.49721703861911],[126.62969380345724,37.4995652386796],[126.62970884695171,37.50237798614366],[126.64111276007968,37.50497765680893],[126.64076302099006,37.49587372507508],[126.67437770577088,37.47550641528945],[126.68306088781483,37.473447065377904],[126.69065042195786,37.479076623344106],[126.68982016673293,37.48298382713931],[126.69262891702743,37.48534693767502],[126.70135468594076,37.485097572969416],[126.6979257701605,37.48984766982522],[126.69222892529577,37.49240099870048],[126.69283898751223,37.49536000024779],[126.68952534833647,37.4984983277295],[126.69222527599172,37.50159538436232],[126.6884537496312,37.50521430609098],[126.6886083988052,37.508099681086264],[126.68321632617973,37.516999160538774],[126.68724168785056,37.52264297848607],[126.69056997548624,37.523565334017135],[126.6878313941847,37.52592992328373],[126.68692098135436,37.530737635693875],[126.68246415880002,37.53200469044642],[126.68461763730942,37.53562436244924],[126.69062468789032,37.535676120345165],[126.6929080680844,37.53747722239588],[126.69208079659467,37.54108697443033],[126.6972022017971,37.541912643356234],[126.69927616356819,37.54043197184001],[126.7061616227979,37.54258774424297],[126.70571490573407,37.54462565392937],[126.71099712159383,37.553354143618854],[126.70785226893655,37.5561814325951],[126.70210485654516,37.55603345090074],[126.69951261215895,37.55889419007818],[126.70338053690105,37.563870075005916],[126.70029175855521,37.56541030619181],[126.69905781033681,37.57338166843906],[126.68245425686179,37.57722157752409],[126.68178920426767,37.58338280545601],[126.66979938831633,37.58582466110133],[126.66831635823047,37.584085999482994],[126.65046107040348,37.5828128740426],[126.65049085153302,37.57772726336235],[126.63284693135115,37.572008887497695],[126.63274803276332,37.56980802028808],[126.62427886839805,37.56716769250288],[126.62180186452326,37.58482040762779],[126.61979557808834,37.585956625045185],[126.60629149286204,37.58751801815226],[126.6020061053267,37.585156943045156],[126.60217014438656,37.58204831236377],[126.59706676131516,37.58181094902792],[126.59354772014278,37.585047349139586],[126.59186444750547,37.592707314660196],[126.57257906940627,37.587784222507025]]]]}},{"type":"Feature","id":"인천광역시_연수구","properties":{"id":"인천광역시_연수구","sido":"인천광역시","sigungu":"연수구","name":"연수구","parentCity":null,"center":[37.390811,126.651118],"dongCount":15},"geometry":{"type":"Polygon","coordinates":[[[126.58452752586668,37.35466406674054],[126.58461496792053,37.34738163466011],[126.61726751117966,37.34732093576485],[126.61730674609542,37.34285160058837],[126.66106887302728,37.343249576852855],[126.71593213361798,37.37907257252023],[126.71770758982142,37.3811085821697],[126.71140063681531,37.381049739231955],[126.71026488035226,37.383161237568],[126.67298319502989,37.38942298246657],[126.66777758566461,37.39230177376757],[126.67801603129024,37.401419775558146],[126.68401765337643,37.40429269334224],[126.687096167477,37.41062647054696],[126.70461805957417,37.42555658445767],[126.70620383821364,37.43414555818212],[126.7047219476281,37.4381727890178],[126.69493451816943,37.438771233742834],[126.69669059297742,37.43339871875893],[126.68799516632741,37.43319635658974],[126.68559052438675,37.43018953849826],[126.67706523743243,37.43150189172182],[126.67511572436092,37.43028217751968],[126.66053827334147,37.43549248605272],[126.65420407768171,37.435426381286874],[126.64812957985045,37.43512101062688],[126.64058778263266,37.43045936503971],[126.61198218476834,37.429974777794826],[126.61089887953172,37.427049487968304],[126.60790568612234,37.42707666136224],[126.58981373154339,37.43305495803859],[126.5902939571556,37.419135534994865],[126.59681603837616,37.41595338723437],[126.6097197251198,37.41605126920353],[126.60987450359247,37.38716180249997],[126.6160745662722,37.37925217197789],[126.62473296440598,37.37414507384809],[126.61190843388417,37.35530975179463],[126.58452752586668,37.35466406674054]]]}},{"type":"Feature","id":"인천광역시_영종구","properties":{"id":"인천광역시_영종구","sido":"인천광역시","sigungu":"영종구","name":"영종구","parentCity":null,"center":[37.453353,126.473832],"dongCount":4},"geometry":{"type":"MultiPolygon","coordinates":[[[[126.35565820766367,37.4673487633414],[126.35625618806496,37.46319392356854],[126.36106256378726,37.45725572304513],[126.36884608863625,37.45581425046106],[126.37229856862656,37.44620717154158],[126.37082583732398,37.443772423903475],[126.3639661894674,37.44220644953848],[126.37588190847738,37.44131466902317],[126.38132358989566,37.43470748932854],[126.38049229722921,37.43901679883202],[126.38968725365632,37.44075564215493],[126.39517773149772,37.446056552573914],[126.40399851410854,37.4397400968265],[126.3996778497408,37.434077662546954],[126.40222800615946,37.43344228634233],[126.40620955593576,37.43802435054288],[126.4093146626596,37.43795975350066],[126.4155837262326,37.43246516611614],[126.4206837471767,37.42113323321466],[126.42734735605426,37.422757554330246],[126.44092393679331,37.42086417856631],[126.47790691117842,37.44083575466605],[126.49616382660763,37.44820679308625],[126.50734573508326,37.465809485938856],[126.52114635669643,37.46913941961973],[126.53713885257798,37.475756489038126],[126.55037003137926,37.47638763200997],[126.56483609796068,37.479621115461775],[126.57101664108266,37.48524160362986],[126.5825447099256,37.49065865264671],[126.57948870785567,37.492244673524894],[126.5804168410157,37.4934421749663],[126.57626918753184,37.50411249288965],[126.57177290944844,37.50624314442308],[126.56550231909705,37.514646324023865],[126.54388628608682,37.52360552156658],[126.52634175814755,37.527367127925025],[126.52090838389182,37.53393430191805],[126.51377682010217,37.53497770515297],[126.4983927427595,37.531848466830084],[126.49534818308936,37.52647219108537],[126.49406995865155,37.51619989441701],[126.49060719373985,37.510166626488335],[126.48298708311133,37.50419930870835],[126.47010004826087,37.50287033304487],[126.46454241949816,37.49947399938031],[126.43217335665307,37.50391953636948],[126.37341921543496,37.47213277072041],[126.3650919326348,37.47469745666141],[126.3592894036774,37.47320542062171],[126.35565820766367,37.4673487633414]]],[[[126.38877406560921,37.3985897904102],[126.39065711594007,37.39581142461585],[126.39689800435964,37.40195794731308],[126.3963343672192,37.40523565162045],[126.3898229298358,37.4029439983405],[126.38877406560921,37.3985897904102]]],[[[126.39591471858964,37.39258610620463],[126.39781052242432,37.39084817121355],[126.40427312981386,37.39145813939838],[126.40734562649035,37.38811790982515],[126.40911993465701,37.376508455414324],[126.40752737161571,37.373555026261215],[126.41536210237672,37.36535501679139],[126.43352043909293,37.368500649723],[126.43488129601047,37.37009711010578],[126.43351880808738,37.37418998494193],[126.44009487373759,37.37638311093737],[126.4404855639398,37.37823254840123],[126.43514980419707,37.38079630712964],[126.44122998151693,37.38127217414299],[126.44104019799677,37.38564475128505],[126.42988470577721,37.39124365588171],[126.42313711067098,37.39807616275977],[126.42278996964818,37.4010882877608],[126.4149294527285,37.40333637260621],[126.414121142683,37.40908987036379],[126.40799557190563,37.413336350325004],[126.40250006523866,37.409780689056205],[126.40446118684278,37.40672404348689],[126.40111421631325,37.40259522276429],[126.40058889107864,37.39656900199043],[126.39591471858964,37.39258610620463]]],[[[126.41190075750337,37.41808797301707],[126.41303004629842,37.41595590920588],[126.41626196276731,37.41653536611781],[126.41643441716958,37.419594075331986],[126.41323650658398,37.420236174456385],[126.41190075750337,37.41808797301707]]],[[[126.43248261579517,37.40451957030372],[126.44181665919274,37.40466466852307],[126.43682012152019,37.40613189087079],[126.43248261579517,37.40451957030372]]],[[[126.43912267334125,37.36152920100425],[126.44103859626068,37.360111793424394],[126.44217457619732,37.36117698122023],[126.43912267334125,37.36152920100425]]],[[[126.4397997484114,37.371665386747274],[126.44553908184808,37.37060062506463],[126.44633617706836,37.37501552320931],[126.44127993096723,37.37419132727601],[126.4397997484114,37.371665386747274]]],[[[126.4862516471594,37.51668309243261],[126.4894746656936,37.51644072826285],[126.48931011603118,37.51746502999755],[126.4862516471594,37.51668309243261]]],[[[126.50955919499678,37.35840004346341],[126.51197259006058,37.35690760792576],[126.5132309296974,37.359228684490674],[126.50955919499678,37.35840004346341]]],[[[126.57169248990695,37.540208559720035],[126.57528042352789,37.537177014819754],[126.57701812890501,37.53747607338613],[126.57807396745314,37.540865269339044],[126.57570241479947,37.542713628132645],[126.57169248990695,37.540208559720035]]],[[[126.57183630531648,37.52930464938895],[126.57975077633752,37.524914997582364],[126.57523980860202,37.529977978962634],[126.57183630531648,37.52930464938895]]],[[[126.57350961637022,37.53472457895946],[126.57586033508885,37.53558477371427],[126.57473288261558,37.53651183863063],[126.57350961637022,37.53472457895946]]],[[[126.57711404780694,37.54683578398995],[126.58027124546604,37.54525802786142],[126.57882742662163,37.5473718428831],[126.57711404780694,37.54683578398995]]],[[[126.58402752220645,37.54855855178425],[126.5874675368617,37.544566456592165],[126.59034695265343,37.547734649535776],[126.58659121285541,37.549799173297906],[126.58402752220645,37.54855855178425]]],[[[126.58530871914633,37.49809125004919],[126.59200629565284,37.49679324616104],[126.58954579159665,37.498731149483746],[126.58530871914633,37.49809125004919]]]]}},{"type":"Feature","id":"인천광역시_옹진군","properties":{"id":"인천광역시_옹진군","sido":"인천광역시","sigungu":"옹진군","name":"옹진군","parentCity":null,"center":[37.60685,125.711173],"dongCount":7},"geometry":{"type":"MultiPolygon","coordinates":[[[[124.60968141530441,37.969509609536075],[124.61204687812688,37.95997358863862],[124.61906573852917,37.95805214631009],[124.62497750738498,37.953282666487084],[124.62233326493535,37.951698284678905],[124.62231388447124,37.947089732377904],[124.63033587684342,37.93741053628598],[124.63692218038814,37.92350005022094],[124.65490019093843,37.923188922168684],[124.65620741718644,37.92070055457832],[124.6648493768571,37.92245184780659],[124.6714711866896,37.91926866226098],[124.68051333550663,37.9217698022143],[124.68941955362625,37.91449151078977],[124.69893471168928,37.9188339232393],[124.69851212431307,37.924682988278384],[124.70442657999718,37.93069526360358],[124.7038701581051,37.938171200464915],[124.70799514906811,37.944104863903924],[124.72542370441548,37.953876585867604],[124.73091724354654,37.95373206616193],[124.72903238632331,37.950962318003135],[124.73491018501885,37.951369791886],[124.73748291106179,37.9558919479906],[124.7303943928195,37.957264684821375],[124.73010405631396,37.96025354651846],[124.73270118671894,37.96203753166492],[124.73463056911018,37.962360527649494],[124.74106068072692,37.95684553068906],[124.7459071450807,37.95770954848251],[124.74625355534039,37.95929787291501],[124.74375654905904,37.96243988901848],[124.73737777521693,37.96231918932366],[124.73290816348262,37.965694683932504],[124.72982567840997,37.97800311943095],[124.72042601922685,37.98227280405946],[124.710340075852,37.98238901255494],[124.70564355130924,37.98421980947696],[124.69750915418597,37.983434482353466],[124.69329450044101,37.9797097121779],[124.68306666054866,37.98204720159212],[124.67858163127005,37.979478569214514],[124.67417652733343,37.98190494318568],[124.67092679237034,37.98123742497478],[124.6680055481653,37.9775459971899],[124.65506884495991,37.9730428125316],[124.64742809175037,37.97340973267142],[124.64534950396727,37.97023332441244],[124.64047054336363,37.96875046447592],[124.62341493405748,37.976722296434275],[124.61560252945841,37.97809300560943],[124.60968141530441,37.969509609536075]]],[[[124.65686340954015,37.79858196581784],[124.66050853930676,37.79775427244222],[124.65861059094821,37.79893360737286],[124.65686340954015,37.79858196581784]]],[[[124.66217934620472,37.822393512337044],[124.67537241519587,37.81371307062353],[124.68086370047646,37.81468153170476],[124.6841137809719,37.812257198218454],[124.6842779503605,37.806370732169526],[124.67927530713384,37.80219854818164],[124.68261536846842,37.798279364028936],[124.68767265757796,37.79996283653386],[124.68464226739322,37.802054157871645],[124.68883155659148,37.80595478944487],[124.6970708474707,37.808537349511234],[124.70298371672688,37.80436776966154],[124.71165941505333,37.80699448851522],[124.71681579147503,37.810962969079426],[124.72054637601664,37.81644424619862],[124.72053780704574,37.82013895408602],[124.71819020516885,37.82649572508887],[124.7139286273115,37.82949509983947],[124.71844370048,37.835791139801756],[124.7276857086495,37.838602018225586],[124.7284422937174,37.84157715993191],[124.7179562835261,37.84673836546673],[124.70885400885632,37.84518369443822],[124.70429022068171,37.84984022878688],[124.70130849481977,37.848679315961625],[124.70297179863837,37.84600778070134],[124.70177609934208,37.84174988891964],[124.68728750206711,37.836011305172406],[124.68631599465327,37.832318794680596],[124.68070628706649,37.82744141856068],[124.68055111534287,37.82358143178943],[124.67707686607784,37.82048015796906],[124.66217934620472,37.822393512337044]]],[[[124.72699577404491,37.76166875822696],[124.72949643803614,37.75862008710947],[124.73281788150703,37.76108666645815],[124.7383042766817,37.761559032790274],[124.74037393902294,37.76520284638386],[124.75273495211647,37.76975925946345],[124.76678722754947,37.76603406815535],[124.7691377178399,37.76719549390287],[124.76871720595187,37.773494059715105],[124.77225770539908,37.77920853161476],[124.75110067080783,37.77769992049278],[124.74657265280186,37.77570533393152],[124.74060728141927,37.77863298445109],[124.74166335153718,37.773051659465324],[124.73430582237793,37.77088990185512],[124.73339878997422,37.765899001091846],[124.72699577404491,37.76166875822696]]],[[[125.6430398959687,37.74939339305689],[125.64358831901883,37.748927688371765],[125.64491273664034,37.75049436394041],[125.6430398959687,37.74939339305689]]],[[[125.64418913972835,37.74742779555932],[125.64780378597334,37.74620067003373],[125.64792498487733,37.74709717008954],[125.64418913972835,37.74742779555932]]],[[[125.64665269278673,37.73836666709947],[125.64950929609108,37.735083045679076],[125.65264007090347,37.73873554799617],[125.64665269278673,37.73836666709947]]],[[[125.65041649851229,37.716597398277855],[125.65240968042679,37.715018631885755],[125.65725172366251,37.71664972761222],[125.65041649851229,37.716597398277855]]],[[[125.67611439486487,37.67600607277589],[125.68446143479073,37.669402296487746],[125.68492735587098,37.66472652625938],[125.6815127718637,37.663359614834],[125.68375497229137,37.65284828656636],[125.69184037461318,37.65169173439884],[125.69957881275569,37.65824966654019],[125.71015073756837,37.653922292922644],[125.70950067658927,37.65126852340258],[125.71340808945878,37.649557484686085],[125.71281555417744,37.654490877878786],[125.70376519483726,37.65739689309372],[125.70267199794849,37.65972650196558],[125.71042107235897,37.66624616201949],[125.71196287682719,37.67085553502731],[125.71690735582179,37.67390578219529],[125.71520849118176,37.68205032472415],[125.70932197912909,37.67999770167034],[125.70411641492477,37.681227786669695],[125.69206657648108,37.677381368676656],[125.68703897098936,37.677924370944005],[125.68348671409005,37.68122927504683],[125.67916754169404,37.68082422637392],[125.67726181402956,37.68011007565337],[125.67611439486487,37.67600607277589]]],[[[125.67864631031134,37.63304040153251],[125.6794440609298,37.63190394282065],[125.68376074519806,37.6388803044357],[125.68034932622234,37.63960964298206],[125.67864631031134,37.63304040153251]]],[[[125.69144068598999,37.70913501670191],[125.69483463890087,37.70552264455791],[125.69264712180929,37.709388008699385],[125.69144068598999,37.70913501670191]]],[[[125.70578141567486,37.61187386763463],[125.71117324776594,37.60685013918393],[125.7173176168611,37.60401366395851],[125.72003508725344,37.604740998018976],[125.71985848513809,37.61460451484895],[125.71337959397995,37.61557123599639],[125.70578141567486,37.61187386763463]]],[[[125.71526723572353,37.64576338177152],[125.71921125331207,37.64434512808988],[125.71884322966812,37.64575802995942],[125.71526723572353,37.64576338177152]]],[[[125.86801136673957,37.17474241573087],[125.86926177490979,37.16895229963625],[125.87106738090249,37.16850380366372],[125.878373537375,37.17112458882462],[125.88255957030503,37.17055093045243],[125.88305052889231,37.17255125998587],[125.88080053882018,37.17410319989174],[125.88093675821807,37.17772713225854],[125.87840621136179,37.17825084481604],[125.87614955470502,37.17475984275944],[125.86801136673957,37.17474241573087]]],[[[125.89153221395544,37.13632457992252],[125.89336029386851,37.135618396318286],[125.89506424726223,37.13851257706527],[125.89153221395544,37.13632457992252]]],[[[125.8984680033044,37.13853422084167],[125.9035523310503,37.131350111947675],[125.90323502597552,37.139826526786365],[125.8984680033044,37.13853422084167]]],[[[125.90697373733788,37.12040529018002],[125.90719111940076,37.116786345626025],[125.90826291956795,37.12127695906791],[125.90697373733788,37.12040529018002]]],[[[125.91063527245372,37.11208147726969],[125.91290318268695,37.10861944686109],[125.9158315225085,37.109966789701836],[125.91739321041086,37.11399003764315],[125.91485198305871,37.11812532650746],[125.91104118744,37.11556708695811],[125.91063527245372,37.11208147726969]]],[[[125.91281709030673,37.1025215112583],[125.91377976068686,37.10024331934557],[125.91397489119923,37.10325586436469],[125.91281709030673,37.1025215112583]]],[[[125.91435651474235,37.12429258201216],[125.91583170507013,37.11713893907031],[125.9171307611878,37.11835874361203],[125.91435651474235,37.12429258201216]]],[[[125.94234412435515,37.07745567597674],[125.94808599347405,37.07543501258022],[125.94876672738968,37.07190032763021],[125.95287632066992,37.07084582219644],[125.95594989361611,37.07381132516423],[125.95180735620731,37.081630129774396],[125.9531256169205,37.0852955442642],[125.96464719909044,37.08089236121604],[125.96720353746625,37.08742282746164],[125.9619849154169,37.08985849203133],[125.9499498182772,37.088951880639904],[125.94518278350215,37.079384786415645],[125.94234412435515,37.07745567597674]]],[[[125.96026958500734,37.18414740947898],[125.96039352252788,37.182813568190724],[125.96918926655196,37.184189872589904],[125.97531990059305,37.1862396740026],[125.9763169194301,37.188657273155876],[125.98142693907837,37.1879837826629],[125.98259003251879,37.18570487156616],[125.98612458760562,37.18762607171841],[125.98221895994293,37.193187789267725],[125.9717619622935,37.194856662490075],[125.97270894225713,37.18969293400764],[125.96026958500734,37.18414740947898]]],[[[125.97886132529285,37.03556892880586],[125.97898479482764,37.03374344817203],[125.98310356011639,37.0313933051432],[125.98176057280158,37.02935016622254],[125.98313601272393,37.02421369929421],[125.99041281504411,37.02344557135174],[125.99577825623543,37.018429690941566],[126.00177428302744,37.0187590292727],[126.01495052994056,37.02551907504788],[126.00210765691513,37.02476432742236],[125.99501194836824,37.02704134940284],[125.9925739500033,37.031801127599245],[125.99417058075038,37.03713639368644],[125.98684070331285,37.04060647968651],[125.98113636738846,37.04030378839584],[125.97886132529285,37.03556892880586]]],[[[126.00627367083452,37.0806886337002],[126.0092715163302,37.080036305764374],[126.00730297418086,37.081817071825725],[126.00627367083452,37.0806886337002]]],[[[126.00793029542301,37.0683421379108],[126.01120925438829,37.067857994836615],[126.0103379011834,37.0690455425888],[126.00793029542301,37.0683421379108]]],[[[126.01110888827982,37.05980930866524],[126.01467787752455,37.05937833960145],[126.01279689155334,37.06036709239282],[126.01110888827982,37.05980930866524]]],[[[126.01198375251795,37.06449871331841],[126.01400085148349,37.06385241154931],[126.02066274105078,37.06809389401097],[126.01965172846006,37.071185574147144],[126.02133855060525,37.07683339211796],[126.01267396444604,37.07748733603163],[126.01715262161927,37.07319369989699],[126.01198375251795,37.06449871331841]]],[[[126.0601063825278,37.09573621617575],[126.06568955634792,37.097573867736656],[126.0738302237536,37.095735135842354],[126.07353070981269,37.092621045180245],[126.06595895782722,37.093035926525],[126.06224492322156,37.088491927587405],[126.06753420723881,37.0833654094227],[126.07461988301836,37.0834401689715],[126.08861549900347,37.09485723082472],[126.08965730783588,37.09891125922741],[126.08597973117166,37.10320722948647],[126.08576244527377,37.107521921157954],[126.07970275030063,37.108495190629824],[126.07289833695835,37.105345623532365],[126.06634175617474,37.105584617832754],[126.0601063825278,37.09573621617575]]],[[[126.07498055411853,37.28939359834605],[126.07620456935842,37.28407032496539],[126.08518792660493,37.28090181104708],[126.08825263173557,37.27534077769941],[126.09727507845973,37.276807881679815],[126.09846085093146,37.278928817819676],[126.0843266134643,37.28933760834767],[126.07498055411853,37.28939359834605]]],[[[126.0837598434615,37.22164453851265],[126.08910473837317,37.22029089356529],[126.09501691815505,37.22525528288411],[126.09695157915516,37.22994432200238],[126.10301817167206,37.229745773942156],[126.10464514598462,37.22684588218621],[126.10040852003672,37.222555487735995],[126.10402662239252,37.219597310288805],[126.11171767884689,37.22274845541269],[126.11352523854241,37.22138757910313],[126.11510508379749,37.21498537252519],[126.11061025950183,37.213319505255775],[126.11736428844448,37.2092869106257],[126.14211356813227,37.21427962162856],[126.14271000291374,37.20907250991155],[126.13768541415064,37.20671659889929],[126.13255480016147,37.201135527326585],[126.13646301626605,37.20082052949547],[126.13673019618021,37.19624097308618],[126.1407771730173,37.196299085693],[126.14325519936858,37.198894147011536],[126.13966620688619,37.202647831217554],[126.14386870819695,37.20482590671623],[126.1520136004013,37.204953266102066],[126.15248782991779,37.20739058388116],[126.15758364257051,37.20983227584464],[126.15546462217246,37.210303946875165],[126.15486329028509,37.212819484853945],[126.15767667964752,37.214201601062996],[126.15728075022794,37.21603680366253],[126.14811960024582,37.216796400236255],[126.14658685142703,37.219523639046955],[126.14912901024799,37.22303047648809],[126.15341412975458,37.221823379087496],[126.15556314707936,37.22694021788213],[126.16274438476216,37.22873175871833],[126.16617577910142,37.23258211001923],[126.15186423689909,37.239207694038996],[126.14339358048655,37.23883250653056],[126.14593133975633,37.242341041151455],[126.139545625288,37.24299275091555],[126.13727314450308,37.246885176723914],[126.13184567673538,37.247752878108415],[126.12795173802185,37.25201711786406],[126.12472079434366,37.25181872024584],[126.11934406104862,37.247745635685476],[126.117086732211,37.250990209293654],[126.11892480095943,37.258011503700466],[126.11220951590197,37.25793725905668],[126.1097910925301,37.2659805931094],[126.1101579464147,37.27308376757183],[126.10468414347375,37.274524590971836],[126.10076016942843,37.27302379069212],[126.10201802007047,37.26586290167116],[126.09667111163837,37.25962902884545],[126.09454155750443,37.252337745092895],[126.08948383492688,37.247296624600196],[126.08942426611895,37.239528643974964],[126.09178790798278,37.23656118705237],[126.09125540375706,37.229900678537426],[126.08967471768898,37.226364471713836],[126.0837598434615,37.22164453851265]]],[[[126.08438606050754,37.17758312358652],[126.09369694804623,37.167229249872115],[126.10956906632661,37.165200825667064],[126.11223107477116,37.169512475477696],[126.1082281508317,37.17208977901623],[126.10795807117698,37.17475155146128],[126.11510304883474,37.1805463450556],[126.11351389062308,37.18335701078837],[126.11056999505094,37.17985120854775],[126.10575071038366,37.17933755041543],[126.1006324977779,37.186333530338295],[126.09434594179845,37.18846469246012],[126.08438606050754,37.17758312358652]]],[[[126.0869959292734,37.26290490775852],[126.0901752230568,37.262325578596304],[126.09118190158118,37.26454013358404],[126.08939898848503,37.26518357819225],[126.0869959292734,37.26290490775852]]],[[[126.10309744193219,37.206801966302535],[126.10582415069653,37.20651830024314],[126.10523195439204,37.20809979969757],[126.10309744193219,37.206801966302535]]],[[[126.10988207235523,37.197728794492605],[126.11179184129816,37.1961682465],[126.11248337167376,37.19746621436593],[126.10988207235523,37.197728794492605]]],[[[126.11449368065367,37.18555156243647],[126.11646145911759,37.18466709761283],[126.11572057429603,37.18609297869665],[126.11449368065367,37.18555156243647]]],[[[126.15845728140471,37.224212280318575],[126.16145894280456,37.22176396420505],[126.15983250053729,37.219100547584496],[126.16243239228059,37.21352448173958],[126.16112275988267,37.21072791788618],[126.1680125555889,37.21142636718224],[126.16955217845917,37.20878718010305],[126.1744201010615,37.21213026853349],[126.1774844673635,37.21116238701736],[126.17936602113461,37.200385917898565],[126.18345161589252,37.193167562983874],[126.18573935772962,37.201732279181705],[126.19192222410268,37.20934607369874],[126.1825983953272,37.20940439895624],[126.18045877470553,37.21708097976439],[126.17377189535988,37.22155434603557],[126.17014499361152,37.2290616114994],[126.16428543314017,37.22407130048973],[126.15845728140471,37.224212280318575]]],[[[126.18589413203628,37.21938340929718],[126.18717951925709,37.21890789077904],[126.18679782942225,37.22059257818431],[126.18589413203628,37.21938340929718]]],[[[126.18930723820459,37.21831425417499],[126.1925029925253,37.21618692441425],[126.19234217008076,37.2182710028208],[126.18930723820459,37.21831425417499]]],[[[126.21111440160601,37.191477929545385],[126.21536365646674,37.190718518566904],[126.21275769237342,37.192882123251756],[126.21111440160601,37.191477929545385]]],[[[126.21386051968692,37.184247831771195],[126.22046103923533,37.178088166533676],[126.22311777734066,37.17955228909555],[126.22788154553452,37.17746294182517],[126.23272485390112,37.1791284236178],[126.24140339022577,37.17628395608284],[126.23991836310879,37.18001633477579],[126.24927980599195,37.18343969192445],[126.24026243855897,37.18663247857676],[126.22750673287624,37.188022080941614],[126.22602293155836,37.18400542623864],[126.22192510666292,37.182228205555845],[126.21839483813476,37.185504686947795],[126.22017063731374,37.187994653284925],[126.21658217288504,37.189103060108415],[126.21386051968692,37.184247831771195]]],[[[126.2433234804462,37.17454504662639],[126.24934201253518,37.169758261471145],[126.25444261012501,37.17081370130976],[126.26757485482543,37.16675540845483],[126.27291353893848,37.162592327652234],[126.27315053760304,37.15919075720609],[126.27984377170165,37.15703616591134],[126.28248302732888,37.15771709288283],[126.28475149871505,37.16210343849633],[126.27429504434284,37.16507680632358],[126.27076272646883,37.17649788479371],[126.26741760220116,37.175423855136565],[126.26167897294272,37.18114801448054],[126.25478897119378,37.182163924489124],[126.25259598285945,37.177506369830446],[126.24642433810936,37.17863289025],[126.2433234804462,37.17454504662639]]],[[[126.25805784069843,37.55644076170927],[126.26060838148857,37.550937681452474],[126.26608085091296,37.551992087579166],[126.25941831648697,37.55728667716414],[126.25805784069843,37.55644076170927]]],[[[126.26401960316092,37.327040891565865],[126.26564285849565,37.326055415099795],[126.27009552138453,37.33152178397073],[126.2674866526904,37.331422894903966],[126.26401960316092,37.327040891565865]]],[[[126.2646346470398,37.545686286704715],[126.27655753045492,37.54403015269416],[126.2764779574421,37.54572593825937],[126.27028021074129,37.548735454503046],[126.26773772149213,37.5488432166699],[126.2646346470398,37.545686286704715]]],[[[126.266418112593,37.133882293025756],[126.26876907594651,37.133254903714246],[126.26875209306858,37.13470783588314],[126.266418112593,37.133882293025756]]],[[[126.27108533498655,37.31658893507693],[126.2767855055413,37.31404879651879],[126.27359880770072,37.31917622074735],[126.27108533498655,37.31658893507693]]],[[[126.27114823153717,37.14886022966206],[126.27199897630199,37.14428041300647],[126.27594322508747,37.140418890970835],[126.27813470527536,37.14223774442849],[126.2760473130879,37.14587425580751],[126.2781805187632,37.149838511273515],[126.2740198813793,37.15072571382461],[126.27114823153717,37.14886022966206]]],[[[126.27186595134569,37.12638170607158],[126.27435530488698,37.125884610712454],[126.27364366555334,37.12721556408093],[126.27186595134569,37.12638170607158]]],[[[126.27793254257523,37.263058947013896],[126.28034295182563,37.25900053861863],[126.2866527807569,37.25999349570644],[126.29144957638901,37.25603190709151],[126.29426263800946,37.25615346420495],[126.29829603245602,37.25144178526838],[126.30547167655682,37.25265389919578],[126.31074130218184,37.24577087070858],[126.31048220598674,37.247825609557154],[126.31308851038656,37.24930759173882],[126.31566185229529,37.24854253070265],[126.31840223473343,37.24402613547558],[126.32316687702992,37.24709139865504],[126.33134179682624,37.245380951495676],[126.34290464800343,37.24999959911137],[126.34884901234936,37.25900434932471],[126.34099488215192,37.26312288610122],[126.33544701501462,37.263153862286615],[126.33374133450948,37.261509663770504],[126.33484415647929,37.25692499734413],[126.33099016169848,37.25568941523979],[126.32851515926822,37.26069135144029],[126.32810294429618,37.257602684117636],[126.32509568691333,37.25734282308859],[126.31535828434436,37.262536360961],[126.28996694348405,37.267407988276545],[126.28842799859852,37.2720127314475],[126.2866575200754,37.272311203433595],[126.28359838682711,37.27126756631376],[126.28217890791316,37.263957596795024],[126.27793254257523,37.263058947013896]]],[[[126.28582012731984,37.17255492603783],[126.28818511147881,37.172082955942074],[126.28873355857809,37.173579868043255],[126.28648375102638,37.17411024771077],[126.28582012731984,37.17255492603783]]],[[[126.2895380400181,37.172110808261564],[126.29497057837686,37.16810408652975],[126.29425605061111,37.165480247737605],[126.30606244050533,37.162070871615356],[126.30684597365659,37.15788772996714],[126.31558451595387,37.160458081415314],[126.3222326892701,37.15868295131302],[126.32590478978793,37.16127107245082],[126.31215354279811,37.17227289743728],[126.3063149215986,37.1711962445438],[126.30277489482904,37.173776879273746],[126.2964538276643,37.17361593175537],[126.29519880726521,37.175748629022],[126.29053901701695,37.175685968519375],[126.2895380400181,37.172110808261564]]],[[[126.2949968310243,37.18408859079738],[126.2978423762896,37.18414821312864],[126.29778204022404,37.185932308751106],[126.2949968310243,37.18408859079738]]],[[[126.29766990150723,37.12787366872344],[126.30068839907736,37.125930794252525],[126.30402182241363,37.129353428729345],[126.30165915907374,37.13006443607019],[126.29766990150723,37.12787366872344]]],[[[126.29950675045393,37.1396413868155],[126.30426479299233,37.13585955410479],[126.30457451898572,37.13157265552109],[126.30750362599554,37.1311615886186],[126.30961551049771,37.13310702738337],[126.30687613680773,37.13854689216995],[126.29950675045393,37.1396413868155]]],[[[126.30262886282934,37.50093838695829],[126.30808605126285,37.50300058022037],[126.30537452350993,37.50360483484095],[126.30262886282934,37.50093838695829]]],[[[126.3073598457992,37.56024897316157],[126.30889287185805,37.5562015915305],[126.3288065451083,37.54106897659683],[126.32983956017559,37.53613813529936],[126.32824463956757,37.52789805197298],[126.32541730048848,37.52571545000187],[126.32662601888134,37.521687246354176],[126.32972128514797,37.525441598083425],[126.3355052706096,37.526997470217715],[126.33563458786072,37.53026328962015],[126.33995920696525,37.52946331414071],[126.34116624036189,37.52563702898736],[126.34310020272527,37.527680632007495],[126.3606745812484,37.530668651122305],[126.38180544070418,37.52735834925681],[126.38399998921373,37.53076325272614],[126.38446081022875,37.53858457441231],[126.36646394109688,37.53503965364623],[126.35303462058704,37.53557468763434],[126.34443831944407,37.53900894715846],[126.33746494172932,37.551772924503744],[126.32855486899348,37.550871448551305],[126.31972264179561,37.55614754259435],[126.3073598457992,37.56024897316157]]],[[[126.30920712890442,37.21210521041612],[126.32105506814874,37.213113631649755],[126.3168170710975,37.22223477055146],[126.31433667404661,37.22232458317431],[126.30920712890442,37.21210521041612]]],[[[126.31786567983444,37.15264154335983],[126.32161509878414,37.15072025795101],[126.32479914554384,37.153076010152475],[126.32282672174891,37.15473012332857],[126.31786567983444,37.15264154335983]]],[[[126.32077031061986,37.51282938392109],[126.32191274867866,37.509645218316116],[126.32439698969235,37.51066625757668],[126.32410671713562,37.513338400453065],[126.32077031061986,37.51282938392109]]],[[[126.32604913381566,37.5012798086846],[126.32801052407132,37.49966256125777],[126.33327580423901,37.502976898622315],[126.32604913381566,37.5012798086846]]],[[[126.35992154552233,37.20363837386264],[126.36177504774712,37.20271435923568],[126.36199810009128,37.20437871984083],[126.35992154552233,37.20363837386264]]],[[[126.36238664991802,37.212883675283166],[126.36263574308934,37.210229726857115],[126.36671724905212,37.21021558182943],[126.36238664991802,37.212883675283166]]],[[[126.36657609168282,37.18794758180225],[126.36904052950291,37.18742702835289],[126.36864979471297,37.18868761548538],[126.36657609168282,37.18794758180225]]],[[[126.36829163967131,37.192797135290434],[126.36960601193188,37.191959586737276],[126.37002026592702,37.193190323289095],[126.36829163967131,37.192797135290434]]],[[[126.38434143259695,37.22069249891647],[126.38714412078575,37.21940532598806],[126.38639735671423,37.22277899347078],[126.38434143259695,37.22069249891647]]],[[[126.38515408923321,37.241040950688486],[126.40002622388067,37.242230224091635],[126.39346923623194,37.24508367034573],[126.3906218155236,37.24224551699447],[126.38515408923321,37.241040950688486]]],[[[126.39057354001785,37.21958542253242],[126.39423391638695,37.21836342605762],[126.39493115221461,37.21964139100019],[126.39057354001785,37.21958542253242]]],[[[126.39440804360032,37.534424540668596],[126.39758866935975,37.532824161418574],[126.39660209459076,37.534821319300185],[126.39440804360032,37.534424540668596]]],[[[126.40113210491837,37.53137305493953],[126.40806537266069,37.525941921480694],[126.41241700763533,37.52696418666855],[126.4129404960316,37.534922319381],[126.41498927428844,37.53797451332685],[126.41400268432302,37.540223114887155],[126.40434871728328,37.53604190866834],[126.40113210491837,37.53137305493953]]],[[[126.41508351362228,37.52269339935926],[126.42639298992758,37.52163339610817],[126.42888391119824,37.52348577456339],[126.42670676545117,37.5255246615522],[126.43162988392719,37.53101193278146],[126.43477905671439,37.542542017586776],[126.44162823471679,37.544323257787916],[126.44062124521449,37.54566859690449],[126.43287604551801,37.54446540957193],[126.42651584416403,37.54855555008991],[126.42397660937989,37.54666161997346],[126.42017693306845,37.53779925718018],[126.42209331307699,37.53398167609611],[126.41508351362228,37.52269339935926]]],[[[126.4177090166359,37.51859266877462],[126.42023463073456,37.5183463343467],[126.42145490402247,37.51984169830687],[126.4177090166359,37.51859266877462]]],[[[126.42437816025549,37.516615267560034],[126.42692115581781,37.516500887901366],[126.42631449895008,37.51856551957334],[126.42437816025549,37.516615267560034]]],[[[126.4277999881635,37.26225030279835],[126.43290676034435,37.25959201554847],[126.43495942827356,37.25465454767897],[126.4356008669141,37.247400672236864],[126.43145580762221,37.247226385812375],[126.43156315743455,37.23303034294268],[126.45149619484802,37.22925238167364],[126.45860219419329,37.22368845762837],[126.45897532149415,37.226074438873184],[126.4686505944375,37.232247136312324],[126.46970337766905,37.23759716072629],[126.48251370967196,37.24143333792366],[126.48072719710449,37.24429534139829],[126.48286326555707,37.24920484672859],[126.47630234691951,37.25261300812598],[126.48237558002481,37.2548650684884],[126.48656848828062,37.2499494887759],[126.4885231826384,37.250109259792794],[126.48892181917164,37.25420130356307],[126.48662137094142,37.25820211317872],[126.48802379772114,37.25945632088167],[126.49256804869854,37.25897925226727],[126.49541109550103,37.25640757978348],[126.49563780438133,37.253165815906904],[126.50048287078408,37.254639989414365],[126.50160475086678,37.257562136417384],[126.49682456429572,37.263814911462106],[126.49429643293821,37.271434040197434],[126.49741450718817,37.27658089067012],[126.48699880355201,37.282601059148234],[126.48268047953984,37.28126278981011],[126.47506262177684,37.2825698718127],[126.47079334013928,37.28552322438944],[126.47092449486645,37.28765898952592],[126.4672443613113,37.28455620624863],[126.4515571383151,37.28227809829834],[126.45032921651801,37.28002821107138],[126.45341842283571,37.27871217054462],[126.45327875612979,37.27696947704226],[126.44745367590507,37.271925570364964],[126.43450808741862,37.27479813582042],[126.43385798585041,37.26882635643849],[126.43622407978674,37.26597513890509],[126.4277999881635,37.26225030279835]]],[[[126.42917330867091,37.51808992554495],[126.42984227255904,37.51674430400502],[126.43334078678537,37.51779230197848],[126.43943211118297,37.51394491031865],[126.43935116464449,37.515592535755275],[126.44401352020527,37.517236421772445],[126.4499331284454,37.516479938890654],[126.45418733324762,37.51874487717826],[126.46202127848527,37.51461857819498],[126.46332363929325,37.51121332021853],[126.47063633900153,37.51178280566102],[126.46801084700448,37.51474263930866],[126.47076893129578,37.52229410168756],[126.46689428398555,37.52474915127151],[126.46708757768288,37.52781642605217],[126.47334322635565,37.52831453387442],[126.47251105442362,37.53755389515129],[126.46623238377632,37.539068844761815],[126.4613953145108,37.544457496287855],[126.45726089857057,37.544598095152324],[126.45486968642483,37.53809904471802],[126.44904126937118,37.533524855858836],[126.44364021069815,37.534059184331035],[126.43845331459433,37.53070976172158],[126.42917330867091,37.51808992554495]]],[[[126.43567869797039,37.208222395354234],[126.43802683004147,37.20645542374034],[126.4386449119792,37.20762593961019],[126.43567869797039,37.208222395354234]]],[[[126.51118194960381,37.23194251735873],[126.5137951564589,37.22766673414703],[126.5174272243627,37.22944466988348],[126.51900693370206,37.23306174553759],[126.51516351061981,37.234777128613516],[126.51118194960381,37.23194251735873]]],[[[126.51234163624613,37.25467303787837],[126.5146413737858,37.250928236962345],[126.5205581159485,37.24990560269314],[126.5254849981964,37.24548077809435],[126.52566605478036,37.238876813389666],[126.52385271083668,37.23546079142647],[126.53224285731946,37.23194208636113],[126.53941159557978,37.23203357410072],[126.54061240872633,37.23379468778893],[126.53502102852296,37.23832943770934],[126.5312731426353,37.24565419137981],[126.52724266579152,37.248007475626444],[126.52956057567435,37.25148554787086],[126.52406173084795,37.257624271751],[126.52046500168055,37.25921747394044],[126.51234163624613,37.25467303787837]]]]}},{"type":"Feature","id":"인천광역시_제물포구","properties":{"id":"인천광역시_제물포구","sido":"인천광역시","sigungu":"제물포구","name":"제물포구","parentCity":null,"center":[37.46279,126.63153],"dongCount":19},"geometry":{"type":"Polygon","coordinates":[[[126.59257992707012,37.457720709549065],[126.5947140703766,37.456492310144704],[126.59949098722258,37.458816543949816],[126.60180147227085,37.4572579501817],[126.59330424255485,37.45493393547183],[126.59633829906441,37.4511807105871],[126.59288459914197,37.45060390233451],[126.59293509597005,37.44131828196632],[126.59641777472754,37.441342437600056],[126.5971153550925,37.43839305619905],[126.60098784097232,37.43837340890169],[126.61064119622702,37.45348853759307],[126.61290567813512,37.452683931165886],[126.60982950774535,37.44766014816201],[126.61817781839137,37.444368664125065],[126.61659572140067,37.44178607876261],[126.61060032999373,37.44430852671499],[126.60813798082538,37.44062839557974],[126.61419491949964,37.43773299194233],[126.61020274749306,37.43013858380908],[126.6349651155137,37.430026375518096],[126.62918023034219,37.45202576301332],[126.63551894474769,37.45726749978155],[126.64450279321886,37.4695992255254],[126.65241998745306,37.47051199810634],[126.6513097449951,37.47432962058037],[126.65434234405971,37.47846960897779],[126.6529462005097,37.4816945786769],[126.65462486734219,37.48370468541834],[126.67047992053033,37.47684733120229],[126.66358953161519,37.48326592309925],[126.64144267834536,37.49555423454806],[126.62744765914306,37.49324937875425],[126.63155265568236,37.488687200530826],[126.62627658529645,37.49253972811873],[126.60982327288986,37.48739842738111],[126.61162157199188,37.48348933557058],[126.61885376037854,37.485474730847365],[126.61330399806975,37.4825433382743],[126.61415524175078,37.479068543582066],[126.61199626752607,37.48214382492447],[126.6050962592342,37.48017043909651],[126.60456545072745,37.48130061757765],[126.60984900737473,37.48293780539693],[126.60807918644205,37.48681537421753],[126.60624481827791,37.48630422346441],[126.60054048016944,37.48153081151491],[126.59557676049808,37.471848088243725],[126.5999954032197,37.466101480446454],[126.603271172698,37.46552239250154],[126.60993255239332,37.46915608206985],[126.6070531575524,37.475614970917555],[126.61111527237941,37.473917207788915],[126.60997933222184,37.47636364775748],[126.61234447079873,37.47701319216434],[126.61550480037701,37.47023685551975],[126.61412823633387,37.464456531826045],[126.62499892406643,37.459069898107],[126.62432035912907,37.45795869370974],[126.61297882105009,37.46211816389913],[126.60336123235359,37.46015671010815],[126.60483171618,37.464554045239645],[126.59967023793898,37.46549906417617],[126.59316780411487,37.463724961686445],[126.59257992707012,37.457720709549065]]]}}]}